Handle,Title,Body (HTML),Vendor,Type,Tags,Published,Variant Price,Variant Compare At Price,Image Src,Image Position,Status,Product Category,Subtitle (product.metafields.custom.subtitle)
spiderman-x-nike-air-force-7,Spiderman x Nike Air Force 1,"Swing into the Spider-Verse with the Spider-Man x Nike Air Force 1 Custom Sneakers by Knickgasm. Inspired by Marvel’s iconic web-slinger, this hand-painted design features bold Spider-Man artwork, signature web graphics, and comic-inspired detailing that captures the spirit of everyone’s favorite superhero. Every pair is individually handcrafted on 100% authentic Nike Air Force 1 sneakers sourced ",Knickgasm,Nike Air force 1,"colourful, custom nike shoes india, custom nike sneakers, custom shoes india, dc, India shoes, marvel, marvel fan, Multiverse, Nike, nike air force 1, nike air force 1 white, nike blue, nike pastel, nike red, nike shoes, pastel nike, prepaid, rainbow, red, Shoes for boyfriend, Shoes for girlfriend, spiderman, Splatter, Sprinkled color, white shoes",TRUE,167.68,216.34,https://cdn.shopify.com/s/files/1/0754/4094/7522/files/IMG-0260.jpg?v=1785677897,1,active,Custom Sneakers,
manchester-united-f-c-x-nike-air-force-2,Manchester United F.C. x Nike Air Force 1,"Show your Red Devils pride with Knickgasm’s Manchester United Custom Hand Painted Nike Air Force 1 Sneakers — the ultimate sneaker for true fans of Old Trafford. Each pair is handcrafted on 100% authentic Nike Air Force 1s , designed with the bold Manchester United red and white palette, accented by sleek black detailing. The design captures the passion, legacy, and spirit of one of the world’s gr",Knickgasm,Nike Air force 1,"black, Black af1 India, black nike shoes india, Customized soccer sneaker, Football, Manchester United, Manu, Nike Air Force 1 black, nike air force1 black, nike black, nike black shoes, Nike., Premier league, prepaid, Red Devils, soccer, sports",TRUE,156.33,196.72,https://cdn.shopify.com/s/files/1/0754/4094/7522/files/DA0012AC-1E15-45CC-98CC-32BF98F16376.jpg?v=1785618811,1,active,Custom Sneakers,
gtr-x-nike-air-force-1,Nissan Skyline GT-R R34 x Nike Air Force 1,"Introducing our unique and eye-catching Custom Nike x Fast And Furious BRIAN O CONNER’S NISSAN GTR R34 SKYLINE. These sneakers are the perfect colorway of style, art, and personalisation, making them a must-have for any sneaker-head or fashion enthusiast. Each pair of Custom Hand Painted Nike Sneakers is meticulously hand crafted by our skilled artists and sneaker designers who colorway their creativity",Knickgasm,Nike Air force 1,"And, blue, Bmw, Car, custom nike shoes india, custom nike sneakers, Fast, Fast and furius, Furious, GTR, M3 GTR NFS Most Wanted Custom Sneakers, Movie, Need for speed, Nike, nike air force 1, nike air force 1 white, nike shoes, Nissan, prepaid, Race car, Skyline",TRUE,155.79,196.72,https://cdn.shopify.com/s/files/1/0754/4094/7522/files/48E101AF-8235-496A-BB64-80C98EC70F7F.jpg?v=1785617884,1,active,Custom Sneakers,
manchester-united-f-c-x-nike-air-force-1,Manchester United F.C. x Nike Air Force 1,"Show your Red Devils pride with Knickgasm’s Manchester United Custom Hand Painted Nike Air Force 1 Sneakers — the ultimate sneaker for true fans of Old Trafford. Each pair is handcrafted on 100% authentic Nike Air Force 1s , designed with the bold Manchester United red and white palette, accented by sleek black detailing. The design captures the passion, legacy, and spirit of one of the world’s gr",Knickgasm,Nike Air force 1,"Customized soccer sneaker, Football, Manchester United, Manu, nike air force 1 white, Premier league, prepaid, Red Devils, soccer, sports",TRUE,167.76,196.72,https://cdn.shopify.com/s/files/1/0754/4094/7522/files/FullSizeRender_463ec0c1-bdb5-410d-bd57-2cebd9f0edac.jpg?v=1785616541,1,active,Custom Sneakers,
spiderman-x-nike-air-force-6,Spiderman x Nike Air Force 1,"Swing into the Spider-Verse with the Spider-Man x Nike Air Force 1 Custom Sneakers by Knickgasm. Inspired by Marvel’s iconic web-slinger, this hand-painted design features bold Spider-Man artwork, signature web graphics, and comic-inspired detailing that captures the spirit of everyone’s favorite superhero. Every pair is individually handcrafted on 100% authentic Nike Air Force 1 sneakers sourced ",Knickgasm,Nike Air force 1,"colourful, custom nike shoes india, custom nike sneakers, custom shoes india, dc, India shoes, marvel, marvel fan, Multiverse, Nike, nike air force 1, nike air force 1 white, nike blue, nike pastel, nike red, nike shoes, pastel nike, prepaid, rainbow, red, Shoes for boyfriend, Shoes for girlfriend, spiderman, Splatter, Sprinkled color, white shoes",TRUE,157.29,216.34,https://cdn.shopify.com/s/files/1/0754/4094/7522/files/FullSizeRender_55422c3b-0070-45dc-95b1-515a928c17c9.jpg?v=1785616066,1,active,Custom Sneakers,
spiderman-x-nike-air-force-5,Spiderman x Nike Air Force 1,"Swing into the Spider-Verse with the Spider-Man x Nike Air Force 1 Custom Sneakers by Knickgasm. Inspired by Marvel’s iconic web-slinger, this hand-painted design features bold Spider-Man artwork, signature web graphics, and comic-inspired detailing that captures the spirit of everyone’s favorite superhero. Every pair is individually handcrafted on 100% authentic Nike Air Force 1 sneakers sourced ",Knickgasm,Nike Air force 1,"colourful, custom nike shoes india, custom nike sneakers, custom shoes india, dc, India shoes, marvel, marvel fan, Multiverse, Nike, nike air force 1, nike air force 1 white, nike blue, nike pastel, nike red, nike shoes, pastel nike, prepaid, rainbow, red, Shoes for boyfriend, Shoes for girlfriend, spiderman, Splatter, Sprinkled color, white shoes",TRUE,157.28,216.34,https://cdn.shopify.com/s/files/1/0754/4094/7522/files/BBF18C33-13D1-4A75-92BE-7DFCF44E28E0.jpg?v=1785615844,1,active,Custom Sneakers,
spiderman-x-nike-air-force-4,Spiderman x Nike Air Force 1,"Swing into the Spider-Verse with the Spider-Man x Nike Air Force 1 Custom Sneakers by Knickgasm. Inspired by Marvel’s iconic web-slinger, this hand-painted design features bold Spider-Man artwork, signature web graphics, and comic-inspired detailing that captures the spirit of everyone’s favorite superhero. Every pair is individually handcrafted on 100% authentic Nike Air Force 1 sneakers sourced ",Knickgasm,Nike Air force 1,"colourful, custom nike shoes india, custom nike sneakers, custom shoes india, dc, India shoes, marvel, marvel fan, Multiverse, Nike, nike air force 1, nike air force 1 white, nike blue, nike pastel, nike red, nike shoes, pastel nike, prepaid, rainbow, red, Shoes for boyfriend, Shoes for girlfriend, spiderman, Splatter, Sprinkled color, white shoes",TRUE,167.68,216.34,https://cdn.shopify.com/s/files/1/0754/4094/7522/files/1F9CB899-51F0-46C3-985B-33C4162650B4.jpg?v=1785606286,1,active,Custom Sneakers,
cr7-x-nike-air-force-1,CR7 x Nike Air Force 1,"Some goals are worth three points. Others become immortal. On 3rd April 2018 , under the lights of Turin, Cristiano Ronaldo produced one of the greatest moments in football history. In the UEFA Champions League quarter-final against Juventus, the Portuguese superstar soared into the air and executed a breathtaking bicycle kick that left the entire stadium in disbelief. Even the Juventus faithful r",Knickgasm,Nike Air force 1,"7, Al Nassr, best seller, black, cool custom, cr7, cristiano, custom nike shoes india, custom nike sneakers, custom shoes india, Customized soccer sneaker, dream, featured, Football, Football shoes, goat, nike air force 1, Nike air force 1 custom shoes, nike air force 1 white, nike shoes, one, player, portugal, prepaid, Real madrid, Ronaldo, Ronaldo fan gear, seven, soccer, sports, star, white",TRUE,157.28,210.99,https://cdn.shopify.com/s/files/1/0754/4094/7522/files/918FE56F-6D8E-4C07-A45F-EDBA37E4E41D.jpg?v=1785410921,1,active,Custom Sneakers,
cr7-x-nike-air-force-1,,,,,,,,,https://cdn.shopify.com/s/files/1/0754/4094/7522/files/ABA32509-B955-40FD-B28B-6E8D58B5C363.jpg?v=1785410921,2,,,
cr7-x-nike-air-force-1,,,,,,,,,https://cdn.shopify.com/s/files/1/0754/4094/7522/files/DFEA41B5-B484-4D80-A2C0-016499BBDB92.jpg?v=1785410921,3,,,
cr7-x-nike-air-force-1,,,,,,,,,https://cdn.shopify.com/s/files/1/0754/4094/7522/files/20A12214-A4DB-4758-AD9E-D21F8DF69C9F.jpg?v=1785410921,4,,,
cr7-x-nike-air-force-1,,,,,,,,,https://cdn.shopify.com/s/files/1/0754/4094/7522/files/33EAFFB9-2AA5-4000-A2ED-035D12916ECA.jpg?v=1785410921,5,,,
tale-of-two-cities-x-comet,Tale of two cities x Comet,"Celebrate the spirit of two iconic Indian cities with the Tale of Two Cities x Comet custom sneakers by Knickgasm. Inspired by the vibrant cultures of Mumbai – the City of Dreams and Kolkata – the City of Joy , this handcrafted design transforms every step into a tribute to India’s heritage, ambition, and creativity. Every panel of the sneaker is filled with intricate illustrations that represent ",Knickgasm,Comet,"City, City of dreams, City of joy, Comet sneakers, Comet., Daba vala, doodle, doodles, Indian brand, Kolkata, Low top, Lows, Mumbai, Nostalgic",TRUE,130.29,194.06,https://cdn.shopify.com/s/files/1/0754/4094/7522/files/3CCBCA1C-83B7-42E4-91FB-8393E996EAD3.jpg?v=1785265779,1,active,Custom Sneakers,
tale-of-two-cities-x-comet,,,,,,,,,https://cdn.shopify.com/s/files/1/0754/4094/7522/files/7761B014-6040-4BDC-A073-6DCC90C51965.jpg?v=1785265778,2,,,
tale-of-two-cities-x-comet,,,,,,,,,https://cdn.shopify.com/s/files/1/0754/4094/7522/files/94F12B59-58DF-4D7C-A2FD-4848E73C2A5C.jpg?v=1785265778,3,,,
tale-of-two-cities-x-comet,,,,,,,,,https://cdn.shopify.com/s/files/1/0754/4094/7522/files/98B0AFC0-9AB6-49F6-AC4A-859BD76C5724.jpg?v=1785265779,4,,,
tale-of-two-cities-x-comet,,,,,,,,,https://cdn.shopify.com/s/files/1/0754/4094/7522/files/B4D69256-FDA2-49B1-A45A-D9971E297F40.jpg?v=1785265779,5,,,
tale-of-two-cities-x-comet,,,,,,,,,https://cdn.shopify.com/s/files/1/0754/4094/7522/files/EDE9A376-D4B1-46F0-B1FA-5FC0E7A6F965.jpg?v=1785265778,6,,,
tale-of-two-cities-x-comet,,,,,,,,,https://cdn.shopify.com/s/files/1/0754/4094/7522/files/DF397A49-DE2F-454E-86F7-B160CF1E6943.jpg?v=1785265779,7,,,
tale-of-two-cities-x-comet,,,,,,,,,https://cdn.shopify.com/s/files/1/0754/4094/7522/files/3EC1B907-D96E-455F-8A89-5759DFDBF582.jpg?v=1785265778,8,,,
tom-and-jerry-x-nike-air-force-1,Tom And Jerry x Nike Air Force 1,"Bring back the timeless rivalry of the world’s most iconic cartoon duo with the Tom &amp; Jerry x Nike Air Force 1 by Knickgasm. Inspired by the legendary cat-and-mouse chase, this handcrafted design captures Tom’s hilarious expressions, Jerry’s playful escapes, and a unique cheese-themed Nike Swoosh that instantly stands out . Every pair is individually hand-painted by skilled artists, making eac",Knickgasm,Nike Air force 1,"bee, blue, cartoon, cat, custom nike shoes india, custom nike sneakers, custom shoes india, drip, drop, droplet, featured, Jerry, mouse, Nike, nike air force 1, nike air force 1 white, prepaid, Tom",TRUE,187.67,238.50,https://cdn.shopify.com/s/files/1/0754/4094/7522/files/DBA9C814-FA7A-4098-9BA9-03A238C23E2F.jpg?v=1785265158,1,active,Custom Sneakers,
tom-and-jerry-x-nike-air-force-1,,,,,,,,,https://cdn.shopify.com/s/files/1/0754/4094/7522/files/316960D1-3611-4677-8F39-C112DA22C122.jpg?v=1785265158,2,,,
tom-and-jerry-x-nike-air-force-1,,,,,,,,,https://cdn.shopify.com/s/files/1/0754/4094/7522/files/216F7D9E-D0C3-49B8-A3A1-C88D769A9243.jpg?v=1785265158,3,,,
tom-and-jerry-x-nike-air-force-1,,,,,,,,,https://cdn.shopify.com/s/files/1/0754/4094/7522/files/77498517-CA19-4498-9BE4-5DAC156512B1.jpg?v=1785265158,4,,,
tom-and-jerry-x-nike-air-force-1,,,,,,,,,https://cdn.shopify.com/s/files/1/0754/4094/7522/files/4C342A46-3622-4D1B-BE24-9D4C7E949243.jpg?v=1785265158,5,,,
tom-and-jerry-x-nike-air-force-1,,,,,,,,,https://cdn.shopify.com/s/files/1/0754/4094/7522/files/C7B3E8AD-B46C-49C8-9A55-E7A5E01036DC.jpg?v=1785265158,6,,,
tom-and-jerry-x-nike-air-force-1,,,,,,,,,https://cdn.shopify.com/s/files/1/0754/4094/7522/files/EC7CBEC3-1954-411C-BFE5-39383C644033.jpg?v=1785265158,7,,,
tom-and-jerry-x-nike-air-force-1,,,,,,,,,https://cdn.shopify.com/s/files/1/0754/4094/7522/files/9DDE3F6D-5DC0-4DD1-A97D-9921CE8AFAF5.jpg?v=1785265158,8,,,
tom-and-jerry-x-nike-air-force-1,,,,,,,,,https://cdn.shopify.com/s/files/1/0754/4094/7522/files/6FD11C37-D7C1-45A4-A488-5D4650CE9159.jpg?v=1785265158,9,,,
spiderman-x-nike-air-force-3,Spiderman x Nike Air Force 1,"Swing into the Spider-Verse with the Spider-Man x Nike Air Force 1 Custom Sneakers by Knickgasm. Inspired by Marvel’s iconic web-slinger, this hand-painted design features bold Spider-Man artwork, signature web graphics, and comic-inspired detailing that captures the spirit of everyone’s favorite superhero. Every pair is individually handcrafted on 100% authentic Nike Air Force 1 sneakers sourced ",Knickgasm,Nike Air force 1,"colourful, custom nike shoes india, custom nike sneakers, custom shoes india, dc, India shoes, marvel, marvel fan, Multiverse, Nike, nike air force 1, nike air force 1 white, nike blue, nike pastel, nike red, nike shoes, pastel nike, prepaid, rainbow, red, Shoes for boyfriend, Shoes for girlfriend, spiderman, Splatter, Sprinkled color, white shoes",TRUE,167.68,216.34,https://cdn.shopify.com/s/files/1/0754/4094/7522/files/FullSizeRender_4ce5f635-dd4f-450e-9f69-0b74a642a487.jpg?v=1785189292,1,active,Custom Sneakers,
spiderman-x-nike-air-force-3,,,,,,,,,https://cdn.shopify.com/s/files/1/0754/4094/7522/files/FullSizeRender_73b87a72-e4ca-49d7-aae8-35f9ebd06279.jpg?v=1785189319,2,,,
spiderman-x-nike-air-force-2,Spiderman x Nike Air Force 1,"Introducing our unique and eye-catching Custom Hand Painted Nike Sneakers! These sneakers are the perfect colorway of style, art, and personalisation, making them a must-have for any sneaker-head or fashion enthusiast. Made on 100% Original Nike sneakers , our custom hand painted designs are durable and long-lasting. The high-quality materials used ensure that your sneakers will maintain their vibran",Knickgasm,Nike Air force 1,"colourful, custom nike shoes india, custom nike sneakers, custom shoes india, dc, India shoes, marvel, marvel fan, Multiverse, Nike, nike air force 1, nike air force 1 white, nike blue, nike pastel, nike red, nike shoes, pastel nike, prepaid, rainbow, red, Shoes for boyfriend, Shoes for girlfriend, spiderman, Splatter, Sprinkled color, white shoes",TRUE,147.54,201.49,https://cdn.shopify.com/s/files/1/0754/4094/7522/files/9C654901-F683-47B2-8EA7-14E012F8562F.jpg?v=1784664387,1,active,Custom Sneakers,
portugal-f-c-cr7-x-nike-air-force-1,Portugal F.C. (CR7) x Nike Air Force 1,"Celebrate Portuguese football heritage with the Nike Air Force 1 x Portugal National Football Team Custom by Knickgasm. Crafted on 100% original Nike Air Force 1 sneakers , this design pays tribute to Portugal’s iconic red and green colours with elegant gold detailing, the national crest, subtle topographic-inspired patterns, and the legendary No. 7 —making it the perfect pair for devoted supporte",Knickgasm,Nike Air force 1,"07, 7, best seller, cr7, custom nike shoes india, custom nike sneakers, Customized soccer sneaker, featured, Fifa, Football, Football shoes, football sneaker art, Low top, Lows, National football league, nike air force 1, nike air force 1 white, Personalised football sneakers, portugal, Portugal national team, Ronaldo, soccer, soccer fan sneakers, Soccer fans",TRUE,167.68,236.33,https://cdn.shopify.com/s/files/1/0754/4094/7522/files/36A58D39-6FDE-412E-8167-25A6581FA2BF.jpg?v=1784393749,1,active,Custom Sneakers,
france-f-c-x-nike-air-force-1,France F.C. x Nike Air Force 1,"The France National F.C. x Nike Air Force 1 by Knickgasm is a hand-painted custom sneaker inspired by the French national football team, Les Bleus. Featuring the iconic tricolour palette of blue, white, and red along with the famous rooster emblem, each pair is meticulously crafted on an authentic Nike Air Force 1 base . Designed for football fans, collectors, and supporters of French football, th",Knickgasm,Nike Air force 1,"best seller, blue, custom nike shoes india, custom nike sneakers, featured, Fifa, Football, Football shoes, football sneaker art, France F.C., French, Low top, Lows, Mbappe, National football league, nike air force 1, Nike air force 1 custom shoes, nike air force 1 white, star, World pair, Zidane",TRUE,182.70,238.16,https://cdn.shopify.com/s/files/1/0754/4094/7522/files/IMG-9162.png?v=1784393574,1,active,Custom Sneakers,
argentina-f-c-x-nike-air-force-1,Argentina F.C. x Nike Air Force 1,"Built for those who carry the passion of La Albiceleste wherever they go. The Nike Air Force 1 x Argentina National Football Team Custom is a tribute to one of football’s most celebrated nations, handcrafted on 100% original Nike Air Force 1 sneakers. Inspired by Argentina’s iconic sky-blue and white colours, this design features national team-inspired elements, the AFA crest, bold “Argentina” det",Knickgasm,Nike Air force 1,"Argentina, Argentina football sneakers custom, best seller, blue, custom nike shoes india, custom nike sneakers, featured, Fifa, Football, Football shoes, football sneaker art, Low top, Lows, Maradona, messi, National football league, nike air force 1, nike air force 1 white, Personalised football sneakers, Trophy, World pair",TRUE,167.68,236.95,https://cdn.shopify.com/s/files/1/0754/4094/7522/files/IMG-9155.jpg?v=1784393415,1,active,Custom Sneakers,
spain-national-f-c-x-nike-air-force-1,Spain National F.C. x Nike Air Force 1,"A tribute to La Roja and the passion of Spanish football. The Nike Air Force 1 x Spain National Team Custom is handcrafted on 100% original Nike Air Force 1 sneakers , inspired by Spain’s iconic red and gold colours and the pride of one of football’s most successful nations. Featuring Spain-inspired graphics, bold national colours, and carefully hand-painted details, this design celebrates the cou",Knickgasm,Nike Air force 1,"best seller, custom nike shoes india, custom nike sneakers, Feather, Fifa, Football, Football shoes, football sneaker art, La roja, Low top, Lows, nike air force 1, nike air force 1 white, Personalised football sneakers, Red gold, Spain fc custom, Spain national football team, sports",TRUE,176.30,238.43,https://cdn.shopify.com/s/files/1/0754/4094/7522/files/IMG-9160.png?v=1784393167,1,active,Custom Sneakers,
bmw-custom-x-nike-air-force-1,BMW Custom x Nike Air Force 1,"Experience the fusion of iconic design and automotive excellence with the Nike Air Force 1 x BMW Custom. This exclusive custom features premium materials and meticulous craftsmanship inspired by BMW’s sleek aesthetics, delivering unmatched style and comfort. Perfect for collectors and enthusiasts, these custom sneakers elevate your footwear game with a unique colorway of performance and luxury. Each ",Knickgasm,Nike Air force 1,"Best, best seller, black nike shoes india, Bmw, Car, custom nike shoes india, custom nike sneakers, featured, Nike, nike air force 1, Nike Air Force 1 black, nike air force1 black, nike black, nike black shoes, prepaid, Speed, Supercar",TRUE,158.48,191.04,https://cdn.shopify.com/s/files/1/0754/4094/7522/files/9637519B-335C-4745-8198-281A7C8A7121.jpg?v=1783692999,1,active,Custom Sneakers,
spiderman-x-nike-air-force-1,Spiderman x Nike Air Force 1,"Introducing our unique and eye-catching Custom Hand Painted Nike Sneakers! These sneakers are the perfect colorway of style, art, and personalisation, making them a must-have for any sneaker-head or fashion enthusiast. Made on 100% Original Nike sneakers , our custom hand painted designs are durable and long-lasting. The high-quality materials used ensure that your sneakers will maintain their vibran",Knickgasm,Nike Air force 1,"black, Black af1 India, black nike shoes india, colourful, custom nike shoes india, custom nike sneakers, custom shoes india, dc, India shoes, marvel, marvel fan, Multiverse, Nike, nike air force 1, Nike Air Force 1 black, nike air force1 black, nike black, nike black shoes, nike blue, nike pastel, nike red, nike shoes, pastel nike, prepaid, rainbow, red, Shoes for boyfriend, Shoes for girlfriend, spiderman, Splatter, Sprinkled color",TRUE,167.68,210.99,https://cdn.shopify.com/s/files/1/0754/4094/7522/files/28DE9946-D17C-4315-8861-E3DD69D53938.jpg?v=1783339509,1,active,Custom Sneakers,
spiderman-x-nike-air-force-1,,,,,,,,,https://cdn.shopify.com/s/files/1/0754/4094/7522/files/A18C44BC-9691-4099-ACB6-77E2186BA4C7.jpg?v=1783339510,2,,,
dragon-ball-z-nike-air-force-1-custom-sneakers,Dragon Ball Z x Nike Air Force 1,"Unleash your inner Saiyan with the Dragon Ball Z x Nike Air Force 1 Custom by Knickgasm. Inspired by two of anime’s most iconic warriors, Super Saiyan Goku and Vegeta , this hand-painted pair captures the electrifying energy, power, and rivalry that made Dragon Ball Z a global phenomenon. Featuring vibrant lightning effects and dynamic artwork of Goku and Vegeta in their transformed states, these ",Knickgasm,Nike Air force 1,"anime, anime art, anime shoes india, Anime-inspired sneakers, custom anime shoes india, custom anime sneaker india, custom nike shoes india, custom nike sneakers, dragon, dragon ball z, Frieza, goku, Nike, nike air force 1, nike air force 1 white, nike air force anime, nike anime, nike shoes, prepaid, Saiyan, Super saiyan, Trunks, vegeta",TRUE,189.94,224.34,https://cdn.shopify.com/s/files/1/0754/4094/7522/files/Dragon_Ball_Z_x_Nike_Air_Force_1.jpg?v=1783287177,1,active,Custom Sneakers,
explorer-x-nike-air-force-1,Explorer x Nike Air Force 1,"For those who believe the journey matters as much as the destination, the Explore x Nike Air Force 1 is a tribute to adventure, mountains, and the spirit of discovery. Featuring a monochrome alpine landscape with the inspiring phrase “Never Stop Exploring,” these custom sneakers are designed for explorers, travellers, hikers, and dreamers who are always chasing their next adventure 🏔️ Each pair is",Knickgasm,Nike Air force 1,"best seller, custom nike shoes india, custom nike sneakers, Explorer, Feather, Hiking, Mountains, Mountains snow, Never stop exploring, nike air force 1, nike air force 1 white, Peak, Piece, snow, Switzerland, Travel, Traveller, Trek, Trekking",TRUE,167.31,204.22,https://cdn.shopify.com/s/files/1/0754/4094/7522/files/F8B0E406-F30C-4630-86D8-361D1FB6219D.jpg?v=1783285779,1,active,Custom Sneakers,
barcelona-f-c-x-nike-air-force-1,Barcelona F.C. x Nike Air Force 1,"The Nike Air Force 1 x FC Barcelona Custom is a handcrafted tribute to one of football’s most iconic clubs, created on 100% original Nike Air Force 1 sneakers. Inspired by Barcelona’s legendary Blaugrana colours, this design features club-inspired graphics, the iconic red-and-blue stripe detailing, crest elements, and premium gold accents that celebrate the club’s rich history, attacking philosoph",Knickgasm,Nike Air force 1,"Barca, Champions league, custom football club shoes, Fc barcalona, Football, Football shoes, football sneaker art, Lamine Yamal, Low top, Lows, messi, nike air force 1, nike air force 1 white, Personalised football sneakers, Red., soccer, soccer fan sneakers, Soccer fans, Yellow",TRUE,162.63,191.81,https://cdn.shopify.com/s/files/1/0754/4094/7522/files/FullSizeRender_15cbbce2-711b-475a-91a9-cfd7068feda7.jpg?v=1783199191,1,active,Custom Sneakers,
france-national-f-c-x-nike-air-force-2,France F.C. x Nike Air Force 1,"The France National F.C. x Nike Air Force 1 by Knickgasm is a hand-painted custom sneaker inspired by the French national football team, Les Bleus. Featuring the iconic tricolour palette of blue, white, and red along with the famous rooster emblem, each pair is meticulously crafted on an authentic Nike Air Force 1 base . Designed for football fans, collectors, and supporters of French football, th",Knickgasm,Nike Air force 1,"best seller, blue, custom nike shoes india, custom nike sneakers, featured, Fifa, Football, Football shoes, football sneaker art, France F.C., French, Low top, Lows, Mbappe, National football league, nike air force 1, Nike air force 1 custom shoes, nike air force 1 white, star, World pair, Zidane",TRUE,167.12,191.81,https://cdn.shopify.com/s/files/1/0754/4094/7522/files/France_National_F.C._x_Nike_Air_Force_1.jpg?v=1783198720,1,active,Custom Sneakers,
france-national-f-c-x-nike-air-force-1,France F.C. x Nike Air Force 1,"The France National F.C. x Nike Air Force 1 by Knickgasm is a hand-painted custom sneaker inspired by the French national football team, Les Bleus. Featuring the iconic tricolour palette of blue, white, and red along with the famous rooster emblem, each pair is meticulously crafted on an authentic Nike Air Force 1 base . Designed for football fans, collectors, and supporters of French football, th",Knickgasm,Nike Air force 1,"best seller, blue, custom nike shoes india, custom nike sneakers, featured, Fifa, Football, Football shoes, football sneaker art, France F.C., French, Low top, Lows, Mbappe, National football league, nike air force 1, Nike air force 1 custom shoes, nike air force 1 white, star, World pair, Zidane",TRUE,153.37,191.81,https://cdn.shopify.com/s/files/1/0754/4094/7522/files/France_F.C._x_Nike_Air_Force_1.jpg?v=1783198622,1,active,Custom Sneakers,
joker-x-nike-air-force-1,Joker x Batman x Nike Air Force 1 Black,"Introducing the Nike Air Force 1 x Joker Custom , inspired by the chaotic brilliance of Joker. Featuring bold elements, signature green and purple tones, and the iconic “ Why So Serious? ” detail, this design captures the raw, unpredictable energy of Gotham’s most infamous villain. Crafted on 100% original Nike Air Force 1s , each pair is meticulously hand-painted by skilled artists , blending str",Knickgasm,Nike Air force 1,"Batman, best seller, black nike shoes india, Dark knight, dc, Dc India, Dc universe, featured, Hahah, Joker, Joker India, Low top, Movie, Nike, nike air force 1, Nike Air Force 1 black, Why so serious?",TRUE,190.97,246.37,https://cdn.shopify.com/s/files/1/0754/4094/7522/files/F297748B-B600-48A7-9769-43C7FAB58C40.jpg?v=1783107766,1,active,Custom Sneakers,
joker-x-nike-air-force-1,,,,,,,,,https://cdn.shopify.com/s/files/1/0754/4094/7522/files/E71C7C52-3FFE-4FC3-879A-428CCBEBF597.jpg?v=1783107766,2,,,
joker-x-nike-air-force-1,,,,,,,,,https://cdn.shopify.com/s/files/1/0754/4094/7522/files/33677FB8-4A23-46BB-BC5E-66F5969030C5.jpg?v=1783107785,3,,,
joker-x-nike-air-force-1,,,,,,,,,https://cdn.shopify.com/s/files/1/0754/4094/7522/files/30C402A1-12B4-47A1-8009-4439CF6B2138.jpg?v=1783107784,4,,,
itachi-x-sasuke-x-nike-air-force-1,Itachi x Sasuke x Nike Air Force 1,"Introducing our unique and eye-catching Custom Hand Painted Nike Sneakers! These sneakers are the perfect colorway of style, art, and personalisation, making them a must-have for any sneaker-head or fashion enthusiast. These are customised with designs Itachi x Sasuke Uchiha brothers Naruto customisation Each pair of Custom Hand Painted Nike Sneakers is meticulously hand crafted by our skilled artist",Knickgasm,Nike Air force 1,"animal, anime, anime art, Anime eyes, anime shoes india, anime swoosh, Anime-inspired sneakers, custom anime shoes india, custom anime sneaker india, itachi, itachi eyes, Itachi Uchiha, Japanese anime, nagato, naruto, Naruto cosplay shoes, Naruto custom sneakers, naruto eyes, naruto shppuden, naruto swoosh, Naruto Uzumaki, nike air force anime, nike anime, prepaid, Sakura Haruno, sasuke, sasuke eyes, Sasuke Uchiha, Shikamaru Nara, swoosh, uchiha",TRUE,190.62,225.25,https://cdn.shopify.com/s/files/1/0754/4094/7522/files/IMG-7818.jpg?v=1782848433,1,active,Custom Sneakers,
solo-leveling-x-nike-air-force-1,Solo Leveling x Nike Air Force 1,"Step into the world of Solo Leveling with these hand-painted Solo Leveling x Nike Air Force 1 Custom Sneakers , inspired by the legendary Sung Jinwoo and his Shadow Army. Featuring striking purple tones, iconic artwork, and the powerful “ ARISE ” aesthetic, this pair is designed for anime fans who want to carry the energy of the Shadow Monarch wherever they go. Each pair is individually handcrafte",Knickgasm,Nike Air force 1,"animal, anime, anime art, anime shoes india, Anime-inspired sneakers, ARISE, Best anime sneakers, best seller, custom anime shoes india, custom anime sneaker india, custom nike sneakers, Feather, Japanese anime, Low top, Lows, Nike, nike air force 1, nike air force 1 white, nike air force anime, nike anime, purple, Shadow Army, Solo leveling, Sung Jinwoo",TRUE,192.11,256.66,https://cdn.shopify.com/s/files/1/0754/4094/7522/files/FullSizeRender_d0fbdb7e-f462-46a4-971e-2365e944f22c.jpg?v=1782762775,1,active,Custom Sneakers,
luffy-x-zoro-x-nike-air-force-1,Luffy x Zoro x Nike Air Force 1,"Introducing our unique and eye-catching Custom Hand Painted Nike Sneakers! These sneakers are the perfect colorway of style, art, and personalisation, making them a must-have for any sneaker-head or fashion enthusiast. Made on 100% Original Nike sneakers , our custom hand painted designs are durable and long-lasting. The high-quality materials used ensure that your sneakers will maintain their vibran",Knickgasm,Nike Air force 1,"anime, anime art, anime shoes india, Anime-inspired sneakers, Best, Best anime sneakers, best seller, Brook, chinese, custom anime shoes india, custom anime sneaker india, custom nike shoes india, custom nike sneakers, custom shoes india, featured, luff, Nami, Nike, nike air force 1, nike air force 1 white, one, one piece, one piece custom, pirate, prepaid, Robin, Sanji, skull, Tony Tony Chopper, Usopp, zoro",TRUE,190.62,220.96,https://cdn.shopify.com/s/files/1/0754/4094/7522/files/FullSizeRender_8668bc91-f020-4497-befd-10d5e2f39b96.jpg?v=1782762570,1,active,Custom Sneakers,
tanjiro-x-muzan-x-demon-slayer-x-nike-air-force-1,Tanjiro x Muzan x Demon Slayer x Nike Air Force 1,"Witness the ultimate clash between Tanjiro Kamado and Muzan Kibutsuji with these hand-painted Demon Slayer Custom Nike Air Force 1s . Featuring stunning full-panel artwork inspired by the final battle of the anime, this pair transforms the iconic AF1 into a wearable masterpiece for true anime fans. Every pair is individually handcrafted by our artists using premium, durable paints and finished wit",Knickgasm,Nike Air force 1,"Akaza, anime, anime art, Anime eyes, anime shoes india, anime swoosh, Anime-inspired sneakers, Best anime sneakers, best seller, blossom, blue, cherry blossom, custom anime shoes india, custom anime sneaker india, custom nike shoes india, custom nike sneakers, Demon, Demon slayer, Demon Slayer: Kimetsu no Yaiba, featured, girl, Muzan, Nezuko Kamado, Nike, nike air force 1, nike air force 1 white, nike air force anime, nike anime, nike shoes, pink, prepaid, slayer, sword, Tanjiro Kamado, Tenjiro, Zenitsu Agatsuma",TRUE,193.26,225.25,https://cdn.shopify.com/s/files/1/0754/4094/7522/files/FullSizeRender_d7a462af-d6a7-4d40-b847-4d94dd9ade69.jpg?v=1782761944,1,active,Custom Sneakers,
tanjiro-x-akaza-x-demon-slayer-xnike-air-force-1,Tanjiro x Akaza x Demon Slayer x Nike Air Force 1,"Witness the epic clash between Tanjiro Kamado and Akaza on this one-of-a-kind Custom Nike Air Force 1 . Featuring vibrant hand-painted artwork inspired by Demon Slayer: Kimetsu no Yaiba , this pair captures the intensity, emotion, and energy of one of anime’s most iconic battles. Crafted on authentic Nike Air Force 1s and finished by hand, every pair is unique and made for collectors, anime enthus",Knickgasm,Nike Air force 1,"Akaza, anime, anime art, Anime eyes, anime shoes india, anime swoosh, Anime-inspired sneakers, Best anime sneakers, best seller, blossom, blue, cherry blossom, custom anime shoes india, custom anime sneaker india, custom nike shoes india, custom nike sneakers, Demon, Demon slayer, Demon Slayer: Kimetsu no Yaiba, featured, girl, Nezuko Kamado, Nike, nike air force 1, nike air force 1 white, nike air force anime, nike anime, nike shoes, pink, prepaid, slayer, sword, Tanjiro Kamado, Tenjiro, Zenitsu Agatsuma",TRUE,167.76,225.25,https://cdn.shopify.com/s/files/1/0754/4094/7522/files/FullSizeRender_4401cc92-d252-49ff-b2c9-2ea20fcfd6de.jpg?v=1782714525,1,active,Custom Sneakers,
nike-air-force1-x-akatsuki,Akatsuki x Nike Air Force 1,"Introducing our unique and eye-catching Custom Hand Painted Nike Sneakers! These sneakers are the perfect colorway of style, art, and personalisation, making them a must-have for any sneaker-head or fashion enthusiast. Each pair of Custom Hand Painted Nike Sneakers is meticulously hand crafted by our skilled artists and sneaker designers who colorway their creativity and talent together to every sneaker",Knickgasm,Nike Air force 1,"anime, anime shoes india, Anime-inspired sneakers, custom anime shoes india, custom anime sneaker india, custom nike shoes india, custom nike sneakers, custom shoes india, eyes, featured, itachi, kakashi, luffy, madara, manga, Mangekyo, Naruto cosplay shoes, Naruto custom sneakers, naruto eyes, Nike, nike air force 1, nike shoes, orange, pain, prepaid, purple, red, Sage mode naruto, sasuke, sasuke eyes, sharingan, sneaker, susano, uchiha",TRUE,146.53,195.36,https://cdn.shopify.com/s/files/1/0754/4094/7522/files/3A893211-F203-4629-9BCB-E46024CCCBB6.jpg?v=1782416821,1,active,Custom Sneakers,
nike-air-force-1-x-manchester-united-fc,Manchester United F.C. x Nike Air Force 1,"Show your Red Devils pride with Knickgasm’s Manchester United Custom Hand Painted Nike Air Force 1 Sneakers — the ultimate sneaker for true fans of Old Trafford. Each pair is handcrafted on 100% authentic Nike Air Force 1s , designed with the bold Manchester United red and white palette, accented by sleek black detailing. The design captures the passion, legacy, and spirit of one of the world’s gr",Knickgasm,Nike Air force 1,"Customized soccer sneaker, Football, Manchester United, Manu, nike air force 1 white, Premier league, prepaid, Red Devils, soccer, sports",TRUE,156.33,196.72,https://cdn.shopify.com/s/files/1/0754/4094/7522/files/FullSizeRender_85e1ad6b-4283-4f80-92fc-e54d4a54a86f.jpg?v=1781898463,1,active,Custom Sneakers,
nike-air-force-1-x-portugal-fc,Portugal F.C. x Nike Air Force 1,"Celebrate Portuguese football heritage with the Nike Air Force 1 x Portugal National Football Team Custom by Knickgasm. Crafted on 100% original Nike Air Force 1 sneakers , this design pays tribute to Portugal’s iconic red and green colours with elegant gold detailing, the national crest, subtle topographic-inspired patterns, and the legendary No. 7 —making it the perfect pair for devoted supporte",Knickgasm,Nike Air force 1,"07, 7, best seller, cr7, custom nike shoes india, custom nike sneakers, Customized soccer sneaker, featured, Fifa, Football, Football shoes, football sneaker art, Low top, Lows, National football league, nike air force 1, nike air force 1 white, Personalised football sneakers, portugal, Portugal national team, Ronaldo, soccer, soccer fan sneakers, Soccer fans",TRUE,156.33,196.72,https://cdn.shopify.com/s/files/1/0754/4094/7522/files/5428A713-E3CE-42E9-8D31-53F52EEC9EEF.jpg?v=1781898025,1,active,Custom Sneakers,
nike-air-force-1-x-portugal-fc,,,,,,,,,https://cdn.shopify.com/s/files/1/0754/4094/7522/files/40CD8ECB-47BA-415E-AA75-7EED5FFDC819.jpg?v=1785532870,2,,,
nike-air-force-1-x-portugal-fc,,,,,,,,,https://cdn.shopify.com/s/files/1/0754/4094/7522/files/1F58415E-FD5B-4488-8A80-77C5312AC1D7.jpg?v=1785532870,3,,,
nike-air-force-1-x-portugal-fc,,,,,,,,,https://cdn.shopify.com/s/files/1/0754/4094/7522/files/147B11B9-074B-4052-8719-736A2C4C0944.jpg?v=1785532947,4,,,
nike-air-force-1-x-harry-potter-2,Harry Potter x Nike Air Force 1,"Made for witches, wizards, and fans who never received their Hogwarts letter—but never stopped believing. The Nike Air Force 1 x Potterhead Custom is a handcrafted tribute to the magical world of wizardry, created on 100% original Nike Air Force 1 sneakers. Inspired by iconic magical elements, this design features house-inspired colours, lightning bolt accents, personalised name and number detaili",Knickgasm,Nike Air force 1,"best seller, custom nike shoes india, custom nike sneakers, dumbeldore, featured, harry, harry potter, Hermione Granger, hermoine, magic, muggle, Nike, nike air force 1, nike shoes, potter, Potter gang, potter head, Potterhead sneakers, prepaid, Ron Weasley, sirius, snape, wizard",TRUE,158.97,196.72,https://cdn.shopify.com/s/files/1/0754/4094/7522/files/IMG-7302.jpg?v=1781856617,1,active,Custom Sneakers,
nike-air-force-1-x-goat-lionel-messi,Lionel Messi x Nike Air Force 1,"Introducing our unique and eye-catching Custom Hand Painted Nike Lionel Messi Barcelona x Argentina theme Sneakers! These sneakers are the perfect colorway of style, art, and personalization, making them a must-have for any sneaker-head or Football enthusiast. Celebrate the legacy of Lionel Messi, the greatest of all time with this one-of-a-kind hand-painted pair of Nike Air Force 1s. Every detail on",Knickgasm,Nike Air force 1,"10, Argentina, Argentina football sneakers custom, Barcelona, best seller, custom nike shoes india, custom nike sneakers, featured, Fifa, Football, Football shoes, goat, Lionel, messi, nike air force 1, Nike Air Force 1 black, Nike air force 1 custom shoes, nike air force 1 white, nike shoes, prepaid, sports, World pair",TRUE,201.51,294.29,https://cdn.shopify.com/s/files/1/0754/4094/7522/files/D4D0C011-D194-4C36-9C82-107079F0AD0E.jpg?v=1781690994,1,active,Custom Sneakers,
nike-air-force-1-x-goat-lionel-messi,,,,,,,,,https://cdn.shopify.com/s/files/1/0754/4094/7522/files/08D2ADE2-9C34-4B6B-BDBD-94A436CE922B.jpg?v=1781690994,2,,,
nike-air-force-1-x-goat-lionel-messi,,,,,,,,,https://cdn.shopify.com/s/files/1/0754/4094/7522/files/4447C950-D429-4430-8535-03F8A2DBA52E.jpg?v=1781690994,3,,,
nike-air-force-1-x-goat-lionel-messi,,,,,,,,,https://cdn.shopify.com/s/files/1/0754/4094/7522/files/7D50354D-260C-48EC-89FA-B1A42A2A2B8F.jpg?v=1781690994,4,,,
nike-air-force-1-x-goat-lionel-messi,,,,,,,,,https://cdn.shopify.com/s/files/1/0754/4094/7522/files/B780CF9A-5EB5-4DCB-9D70-E39F99480D65.jpg?v=1781690995,5,,,
nike-air-force-1-x-goat-lionel-messi,,,,,,,,,https://cdn.shopify.com/s/files/1/0754/4094/7522/files/C0B393C7-6A41-4B2C-84B0-F7889A8BD3F1.jpg?v=1781690994,6,,,
nike-air-force-1-x-goat-lionel-messi,,,,,,,,,https://cdn.shopify.com/s/files/1/0754/4094/7522/files/19892929-4640-4B55-BFF0-D6F297843215.jpg?v=1781690994,7,,,
nike-air-force-1-x-goat-lionel-messi,,,,,,,,,https://cdn.shopify.com/s/files/1/0754/4094/7522/files/A9F06D55-8B4E-4DB4-98B7-92DEAF1B49C8.jpg?v=1781690994,8,,,
nike-air-force-1-x-goat-lionel-messi,,,,,,,,,https://cdn.shopify.com/s/files/1/0754/4094/7522/files/4D2C43ED-3172-47B4-96C6-6CA11AA51076.jpg?v=1781690994,9,,,
nike-air-force-1-x-liverpool-fc-1,Liverpool F.C. x Nike Air Force 1,"Built for those who never walk alone. The Nike Air Force 1 x Liverpool FC “YNWA” Custom is a tribute to football heritage, passion, and unwavering loyalty— crafted on 100% original Nike Air Force 1 sneakers. Inspired by Liverpool FC’s iconic colours and legacy, this pair features hand-detailed club-inspired artwork, “YNWA” typography, Liverbird graphics, and “EST. 1892” detailing that captures the",Knickgasm,Nike Air force 1,"Champions league, England, Europa, Football, Football shoes, Legacy, Liverpool fc, Premier league, soccer, sports, Uk, Ynwa",TRUE,148.19,191.83,https://cdn.shopify.com/s/files/1/0754/4094/7522/files/FullSizeRender_e035780b-0f5f-4438-bd01-a9eed45abe7b.jpg?v=1781601957,1,active,Custom Sneakers,
nike-air-force-1-x-barcelona-fc,Barcelona F.C. x Nike Air Force 1,"The Nike Air Force 1 x FC Barcelona Custom is a handcrafted tribute to one of football’s most iconic clubs, created on 100% original Nike Air Force 1 sneakers. Inspired by Barcelona’s legendary Blaugrana colours, this design features club-inspired graphics, the iconic red-and-blue stripe detailing, crest elements, and premium gold accents that celebrate the club’s rich history, attacking philosoph",Knickgasm,Nike Air force 1,"Barca, Champions league, custom football club shoes, Fc barcalona, Football, Football shoes, football sneaker art, Lamine Yamal, Low top, Lows, messi, nike air force 1, nike air force 1 white, Personalised football sneakers, Red., soccer, soccer fan sneakers, Soccer fans, Yellow",TRUE,156.25,191.81,https://cdn.shopify.com/s/files/1/0754/4094/7522/files/FullSizeRender_34d651c2-7565-4fe2-bfb6-8b166662ce74.jpg?v=1781601225,1,active,Custom Sneakers,
nike-air-force-1-x-argentina-national-team,Argentina F.C. x Nike Air Force 1,"Built for those who carry the passion of La Albiceleste wherever they go. The Nike Air Force 1 x Argentina National Football Team Custom is a tribute to one of football’s most celebrated nations, handcrafted on 100% original Nike Air Force 1 sneakers. Inspired by Argentina’s iconic sky-blue and white colours, this design features national team-inspired elements, the AFA crest, bold “Argentina” det",Knickgasm,Nike Air force 1,"Argentina, Argentina football sneakers custom, best seller, blue, custom nike shoes india, custom nike sneakers, featured, Fifa, Football, Football shoes, football sneaker art, Low top, Lows, Maradona, messi, National football league, nike air force 1, nike air force 1 white, Personalised football sneakers, Trophy, World pair",TRUE,156.33,191.81,https://cdn.shopify.com/s/files/1/0754/4094/7522/files/FullSizeRender_6de42e88-8698-4cfe-9deb-5d3b245ebf43.jpg?v=1781599917,1,active,Custom Sneakers,
nike-air-force-1-x-argentina-national-team,,,,,,,,,https://cdn.shopify.com/s/files/1/0754/4094/7522/files/A05F964D-BC10-4964-8103-6955E760CC64.jpg?v=1785534028,2,,,
nike-air-force-1-x-argentina-national-team,,,,,,,,,https://cdn.shopify.com/s/files/1/0754/4094/7522/files/D196A865-D4F5-44C3-9BD9-F61679F7B54E.jpg?v=1785534208,3,,,
nike-air-force-1-x-argentina-national-team,,,,,,,,,https://cdn.shopify.com/s/files/1/0754/4094/7522/files/322BE86E-CB12-42AD-B6FE-641090FCCDDF.jpg?v=1785534028,4,,,
nike-air-force-1-x-argentina-national-team,,,,,,,,,https://cdn.shopify.com/s/files/1/0754/4094/7522/files/9DA94DD8-B3A6-43B6-8F9C-3C836BDC666C.jpg?v=1785534028,5,,,
nike-air-force-1-x-bayern-munich-f-c,Bayern Munich F.C. x Nike Air Force 1,"Built for fans who live and breathe Mia San Mia. The Nike Air Force 1 x Bayern Munich FC Custom is a premium tribute to Germany’s most successful football club, handcrafted on 100% original Nike Air Force 1 sneakers. Inspired by Bayern Munich’s iconic red, white, and blue colours , this custom design features club-inspired graphics, championship elements, Bavarian diamond patterns, and details tha",Knickgasm,Nike Air force 1,"Bayern munich fc, Bundesliga custom sneakers, Champions league, custom football club shoes, custom nike shoes india, custom nike sneakers, Customized soccer sneaker, Football, Football shoes, football sneaker art, Germany, Low top, Lows, Mia San Mia., nike air force 1, nike air force 1 white, soccer, soccer fan sneakers, Soccer fans",TRUE,157.21,191.81,https://cdn.shopify.com/s/files/1/0754/4094/7522/files/41FF72F8-B637-477F-AB67-BC18862DCA03.jpg?v=1781591521,1,active,Custom Sneakers,
nike-air-force-1-x-brazil-national-team,Brazil F.C. x Nike Air Force 1,"Celebrate the spirit of Seleção with every step. The Nike Air Force 1 x Brazil National Team Custom is a handcrafted tribute to one of football’s most legendary nations, built on 100% original Nike Air Force 1 sneakers. Inspired by Brazil’s iconic yellow, green, and blue colours , this design features Brazil-inspired graphics, national football elements, and bold detailing that reflects the passio",Knickgasm,Nike Air force 1,"best seller, Brasil fc, Brazil football shoes, Brazil football team, CBF inspired shoes, custom nike shoes india, custom nike sneakers, Feather, Fifa, Football, Football shoes, football sneaker art, Low top, Lows, nike air force 1, nike air force 1 white, Personalised football sneakers, Red gold, Seleção sneakers, Soccer fans, Spain national football team, sports",TRUE,157.21,191.81,https://cdn.shopify.com/s/files/1/0754/4094/7522/files/D80DDA72-1B38-485B-9779-8466030F278B.jpg?v=1781591521,1,active,Custom Sneakers,
nike-air-force-1-x-spain-national-team,Spain National F.C. x Nike Air Force 1,"A tribute to La Roja and the passion of Spanish football. The Nike Air Force 1 x Spain National Team Custom is handcrafted on 100% original Nike Air Force 1 sneakers , inspired by Spain’s iconic red and gold colours and the pride of one of football’s most successful nations. Featuring Spain-inspired graphics, bold national colours, and carefully hand-painted details, this design celebrates the cou",Knickgasm,Nike Air force 1,"best seller, custom nike shoes india, custom nike sneakers, Feather, Fifa, Football, Football shoes, football sneaker art, La roja, Low top, Lows, nike air force 1, nike air force 1 white, Personalised football sneakers, Red gold, Spain fc custom, Spain national football team, sports",TRUE,157.21,191.81,https://cdn.shopify.com/s/files/1/0754/4094/7522/files/9B020899-98ED-46D2-9C3C-048407482FDD.jpg?v=1781592829,1,active,Custom Sneakers,
nike-air-force-1-x-paris-saint-germain-f-c-1,Paris Saint-Germain F.C. x Nike Air Force 1,"Nike Air Force 1 x PSG – “Ici C’est Paris” Custom Edition For those who carry Parisian pride wherever they go. The Nike Air Force 1 x PSG “Ici C’est Paris” Custom is a handcrafted tribute to one of football’s most iconic clubs, built on 100% original Nike Air Force 1 sneakers. Inspired by Paris Saint-Germain’s legendary blue, red, and white colours, this custom design features PSG-inspired graphic",Knickgasm,Nike Air force 1,"Champions league, custom football club shoes, Football, Football shoes, football sneaker art, Ici C’est Paris sneakers, Low top, Lows, Mbappe, nike air force 1, nike air force 1 white, Paris Saint Germain shoes, PSG, soccer fan sneakers, Trophy, Winner",TRUE,157.21,191.81,https://cdn.shopify.com/s/files/1/0754/4094/7522/files/AB72AF2A-40C2-41CC-914D-CD0BC7DA34DB.jpg?v=1780592144,1,active,Custom Sneakers,
nike-air-force-1-x-paris-saint-germain-f-c,Paris Saint-Germain F.C. x Nike Air Force 1,"Nike Air Force 1 x PSG – “Ici C’est Paris” Custom Edition For those who carry Parisian pride wherever they go. The Nike Air Force 1 x PSG “Ici C’est Paris” Custom is a handcrafted tribute to one of football’s most iconic clubs, built on 100% original Nike Air Force 1 sneakers. Inspired by Paris Saint-Germain’s legendary blue, red, and white colours, this custom design features PSG-inspired graphic",Knickgasm,Nike Air force 1,"Champions league, custom football club shoes, Football, Football shoes, football sneaker art, Ici C’est Paris sneakers, Low top, Lows, Mbappe, nike air force 1, nike air force 1 white, Paris Saint Germain shoes, PSG, soccer fan sneakers, Trophy, Winner",TRUE,157.21,191.81,https://cdn.shopify.com/s/files/1/0754/4094/7522/files/8315545A-DF1B-45B9-AEB2-56076C02DB55.jpg?v=1780592144,1,active,Custom Sneakers,
nike-air-force-1-x-psg-ici-c-est-paris,PSG – “Ici C’est Paris x Nike Air Force 1,"Nike Air Force 1 x PSG – “Ici C’est Paris” Custom Edition For those who carry Parisian pride wherever they go. The Nike Air Force 1 x PSG “Ici C’est Paris” Custom is a handcrafted tribute to one of football’s most iconic clubs, built on 100% original Nike Air Force 1 sneakers. Inspired by Paris Saint-Germain’s legendary blue, red, and white colours, this custom design features PSG-inspired graphic",Knickgasm,Nike Air force 1,"Champions league, custom football club shoes, Football, Football shoes, football sneaker art, Ici C’est Paris sneakers, Low top, Lows, Mbappe, nike air force 1, nike air force 1 white, Paris Saint Germain shoes, PSG, soccer fan sneakers, Trophy, Winner",TRUE,157.21,191.81,https://cdn.shopify.com/s/files/1/0754/4094/7522/files/128D82C1-3895-4196-8684-D05ED494E0EE.jpg?v=1780592144,1,active,Custom Sneakers,
nike-air-force-1-x-arsenal-fc-1,Arsenal F.C. x Nike Air Force 1,"Nike Air Force 1 x Arsenal FC – “The Gunners” Custom Edition Custom Sneakers by Knickgasm Built for those who bleed red . The Nike Air Force 1 x Arsenal FC “The Gunners” Custom is a bold tribute to North London legacy, passion, and football culture—crafted on 100% original Nike Air Force 1 sneakers. Inspired by Arsenal’s iconic red-and-white colours, this pair features hand-detailed football eleme",Knickgasm,Nike Air force 1,"Arsenal fc, Champions league, England, Europa, Football, Football shoes, Legacy, Premier league, red, soccer, sports, The gunners, Uk",TRUE,156.33,191.81,https://cdn.shopify.com/s/files/1/0754/4094/7522/files/8B98D8F7-D3B1-4DE2-A657-BD99610B12EA.jpg?v=1780592144,1,active,Custom Sneakers,
nike-air-force-1-x-arsenal-fc-1,,,,,,,,,https://cdn.shopify.com/s/files/1/0754/4094/7522/files/6DABA9B0-69E2-46DB-AA80-498A81114204.jpg?v=1785505776,2,,,
nike-air-force-1-x-arsenal-fc-1,,,,,,,,,https://cdn.shopify.com/s/files/1/0754/4094/7522/files/71AD69C7-80A2-4B25-8236-B49BF09DF0EB.jpg?v=1785505776,3,,,
nike-air-force-1-x-arsenal-fc-1,,,,,,,,,https://cdn.shopify.com/s/files/1/0754/4094/7522/files/CDE9A85A-AE4E-4180-87D8-A455451EAB7C.jpg?v=1785505776,4,,,
nike-air-force-1-x-arsenal-fc-1,,,,,,,,,https://cdn.shopify.com/s/files/1/0754/4094/7522/files/0825BAE0-6D5F-4C9E-983B-48D88DA60DEF.jpg?v=1785505776,5,,,
nike-air-force-1-x-arsenal-fc-1,,,,,,,,,https://cdn.shopify.com/s/files/1/0754/4094/7522/files/999B2CEB-7191-40D7-B76B-8B1A07711DD4.jpg?v=1785505776,6,,,
nike-air-force-1-x-goku-x-vegeta-1,Goku x Vegeta x Nike Air Force 1,"The Nike Air Force 1 x Dragon Ball Z “Goku vs Vegeta” Custom is a handcrafted tribute to one of anime’s most iconic rivalries—built on 100% original Nike Air Force 1 sneakers. Inspired by the unstoppable energy of Goku and the pride-driven intensity of Vegeta, this pair features detailed hand-painted artwork showcasing both Saiyan warriors in their legendary Super Saiyan Blue transformations. The ",Knickgasm,Nike Air force 1,"anime, anime art, anime shoes india, Anime-inspired sneakers, custom anime shoes india, custom anime sneaker india, custom nike shoes india, custom nike sneakers, dragon, dragon ball z, Frieza, goku, Nike, nike air force 1, nike air force 1 white, nike air force anime, nike anime, nike shoes, prepaid, Trunks, vegeta",TRUE,158.97,196.72,https://cdn.shopify.com/s/files/1/0754/4094/7522/files/2C797215-9CC3-47C1-AE8E-82476E04EF3F.jpg?v=1779794700,1,active,Custom Sneakers,
nike-air-force-1-x-goku-x-vegeta-1,,,,,,,,,https://cdn.shopify.com/s/files/1/0754/4094/7522/files/241DDC19-D123-4D85-A2B0-86D3E1C3A6AE.jpg?v=1779794700,2,,,
nike-air-force-1-x-goku-x-vegeta-1,,,,,,,,,https://cdn.shopify.com/s/files/1/0754/4094/7522/files/34A6460C-0ECD-4149-A803-D63BCB4C564A.jpg?v=1779794700,3,,,
nike-air-force-1-x-goku-x-vegeta-1,,,,,,,,,https://cdn.shopify.com/s/files/1/0754/4094/7522/files/061BB0B5-6B4D-4278-A032-C35BEA0690DF.jpg?v=1779794700,4,,,
nike-air-force-1-x-goku-x-vegeta-1,,,,,,,,,https://cdn.shopify.com/s/files/1/0754/4094/7522/files/2927251F-C738-4DA3-8598-863DA8FC85F5.jpg?v=1779794700,5,,,
nike-air-force-1-x-chelsea-city-fc,Chelsea City F.C. x Nike Air Force 1,"Built for the pride of West London. The Nike Air Force 1 x Chelsea FC “The Blues” Custom is a tribute to football passion, legacy, and club culture— crafted on 100% original Nike Air Force 1 sneakers. Inspired by Chelsea FC’s iconic blue-and-gold colour palette, this pair features clean football-inspired detailing, lion crest artwork, and club-themed graphics that reflect the pride, tradition, and",Knickgasm,Nike Air force 1,"blue, Chelsea fc, Customized soccer sneaker, Football, nike air force 1 white, Premier league, prepaid, Red Devils, soccer, sports",TRUE,156.33,196.72,https://cdn.shopify.com/s/files/1/0754/4094/7522/files/1560B274-AA46-4F4B-BDB5-D0F2A2A0A67D.jpg?v=1779567704,1,active,Custom Sneakers,
nike-air-force-1-x-chelsea-city-fc,,,,,,,,,https://cdn.shopify.com/s/files/1/0754/4094/7522/files/E14858BF-D35E-4116-9297-20C1B213525A.jpg?v=1779567704,2,,,
nike-air-force-1-x-manchester-city-fc,Manchester City F.C. x Nike Air Force 1,"Built for the blue side of Manchester. The Nike Air Force 1 x Manchester City FC Custom is a tribute to football excellence, loyalty, and modern football culture— crafted on 100% original Nike Air Force 1 sneakers. Inspired by Manchester City’s iconic sky-blue colour palette and rich club heritage, this pair features clean football-inspired detailing, and club-inspired graphics that represent the ",Knickgasm,Nike Air force 1,"Customized soccer sneaker, Football, Man city, Manchester city, Manu, nike air force 1 white, Premier league, prepaid, soccer, sports",TRUE,156.33,196.72,https://cdn.shopify.com/s/files/1/0754/4094/7522/files/D709736F-3B62-43C8-AD7B-A927E3A0E33A.jpg?v=1779567149,1,active,Custom Sneakers,
nike-air-force-1-x-liverpool-fc,Liverpool F.C. x Nike Air Force 1,"Built for those who never walk alone. The Nike Air Force 1 x Liverpool FC “YNWA” Custom is a tribute to football heritage, passion, and unwavering loyalty— crafted on 100% original Nike Air Force 1 sneakers. Inspired by Liverpool FC’s iconic colours and legacy, this pair features hand-detailed club-inspired artwork, “YNWA” typography, Liverbird graphics, and “EST. 1892” detailing that captures the",Knickgasm,Nike Air force 1,"Champions league, England, Europa, Football, Football shoes, Legacy, Liverpool fc, Premier league, soccer, sports, Uk, Ynwa",TRUE,154.70,191.83,https://cdn.shopify.com/s/files/1/0754/4094/7522/files/8029CF1C-1189-4547-BE16-2E74F9465A79.jpg?v=1779565695,1,active,Custom Sneakers,
nike-air-force-1-x-arsenal-fc-2,Arsenal F.C. x Nike Air Force 1,"Nike Air Force 1 x Arsenal FC – “The Gunners” Custom Edition Custom Sneakers by Knickgasm Built for those who bleed red . The Nike Air Force 1 x Arsenal FC “The Gunners” Custom is a bold tribute to North London legacy, passion, and football culture—crafted on 100% original Nike Air Force 1 sneakers. Inspired by Arsenal’s iconic red-and-white colours, this pair features hand-detailed football eleme",Knickgasm,Nike Air force 1,"Arsenal fc, Champions league, England, Europa, Football, Football shoes, Legacy, Premier league, soccer, sports, The gunners, Uk",TRUE,158.97,191.83,https://cdn.shopify.com/s/files/1/0754/4094/7522/files/FullSizeRender_c53bfbb3-3c85-45c7-81e0-8d83f4b48433.jpg?v=1782712365,1,active,Custom Sneakers,
nike-air-force-1-x-arsenal-fc-2,,,,,,,,,https://cdn.shopify.com/s/files/1/0754/4094/7522/files/FullSizeRender_a7f3801f-8244-445c-a756-a22ce770c3f2.jpg?v=1782712343,2,,,
nike-air-force-1-x-manchester-united-1,Manchester United F.C. x Nike Air Force 1,"Show your Red Devils pride with Knickgasm’s Manchester United Custom Hand Painted Nike Air Force 1 Sneakers — the ultimate sneaker for true fans of Old Trafford. Each pair is handcrafted on 100% authentic Nike Air Force 1s , designed with the bold Manchester United red and white palette, accented by sleek black detailing. The design captures the passion, legacy, and spirit of one of the world’s gr",Knickgasm,Nike Air force 1,"Customized soccer sneaker, Football, Manchester United, Manu, nike air force 1 white, Premier league, prepaid, Red Devils, soccer, sports",TRUE,156.33,196.72,https://cdn.shopify.com/s/files/1/0754/4094/7522/files/76687997-7513-4295-A034-A3A20C764886.jpg?v=1779565695,1,active,Custom Sneakers,
nike-air-force-1-x-manchester-united-1,,,,,,,,,https://cdn.shopify.com/s/files/1/0754/4094/7522/files/70CA8421-14DA-4655-9A45-2A37572814F3.jpg?v=1779565695,2,,,
nike-air-force-1-x-toothless-how-to-train-your-dragon,Toothless : How to train your dragon x Nike Air Force 1,"Unleash dragon energy with these custom hand-painted Nike Air Force 1 sneakers inspired by Toothless from How To Train Your Dragon . Featuring glowing green details, dark dragon-scale textures, and neon accents, this pair is designed for fans who love fantasy, adventure, and bold streetwear aesthetics. Each pair is handcrafted on 100% original Nike Air Force 1 sneakers using high-quality, durable ",Knickgasm,Nike Air force 1,"anime, anime shoes india, best seller, Black af1 India, Black neon art, Couple, featured, How to train your dragon, Low top, Movie, Nike, nike air force 1, Nike Air Force 1 black, nike air force1 black, Toothless dragon",TRUE,148.13,204.15,https://cdn.shopify.com/s/files/1/0754/4094/7522/files/FCBCE71B-6DD3-41DC-B298-EB10CAED0FAF.jpg?v=1779373662,1,active,Custom Sneakers,
nike-air-force-1-x-mewtwo,MewTwo x Nike Air Force 1,"Introducing the Nike Air Force 1 x Mewtwo Custom , inspired by the legendary psychic Pokémon Mewtwo from the iconic Pokémon universe. Featuring sleek lavender tones, electric energy detailing, and a futuristic aura, this design captures Mewtwo’s immense power, mystery, and iconic presence. Crafted on 100% original Nike Air Force 1s , each pair is meticulously hand-painted by skilled artists , tran",Knickgasm,Nike Air force 1,"anime, Ash, best seller, Bulbasour, Charlizard, Charmander, Evolution, featured, fire, Fire swoosh, Gengar., Legendary Pokémon, Lows, Mewtwo, nike air force 1, nike air force 1 white, Pikachu, Pokemon, Pokemon shoes, purple, Squirtle",TRUE,181.83,238.21,https://cdn.shopify.com/s/files/1/0754/4094/7522/files/647B9734-612D-4A90-93F3-BD8FA5E61ED0.jpg?v=1779373662,1,active,Custom Sneakers,
nike-air-force-1-x-mewtwo,,,,,,,,,https://cdn.shopify.com/s/files/1/0754/4094/7522/files/IMG-5857.jpg?v=1779375893,2,,,
nike-air-force-1-x-mewtwo,,,,,,,,,https://cdn.shopify.com/s/files/1/0754/4094/7522/files/08049C1F-6BEC-4DE2-AA33-98DC045C6A2B.jpg?v=1779565695,3,,,
nike-air-force-1-x-doflamingo-one-piece,Doflamingo x One Piece x Nike Air Force 1,"Introducing the Nike Air Force 1 x Doflamingo Custom , inspired by the flamboyant and fearless Donquixote Doflamingo from the legendary anime One Piece. Featuring Doflamingo’s iconic pink aesthetic, sinister eye detailing, and signature manga-inspired artwork , this pair colorways anime energy with bold streetwear fashion. Crafted on 100% original Nike Air Force 1s , each pair is meticulously hand-pa",Knickgasm,Nike Air force 1,"anime, anime art, anime shoes india, Anime-inspired sneakers, best seller, chinese, custom anime shoes india, custom anime sneaker india, custom nike shoes india, custom nike sneakers, custom shoes india, Doflamingo, featured, Nike, nike air force 1, nike air force 1 white, one, one piece, one piece custom, one piece custom sneaker, pink, pirate, prepaid, skull",TRUE,192.11,256.66,https://cdn.shopify.com/s/files/1/0754/4094/7522/files/FullSizeRender_26321b36-1f70-45d1-b4d6-0e49fc178b2d.jpg?v=1779374735,1,active,Custom Sneakers,
nike-air-force-1-x-doflamingo-one-piece,,,,,,,,,https://cdn.shopify.com/s/files/1/0754/4094/7522/files/931BE78B-36E6-46C7-9C6A-13A4F4635EC9.jpg?v=1779565695,2,,,
nike-air-force-1-x-1995-toyota-supra-mk4-brian-o-conner,1995 Toyota Supra MK4 : Brian 'O Conner x Nike Air Force 1,"Introducing the Nike Air Force 1 x 1995 Toyota Supra MK4 | Brian O’Conner Custom , inspired by the legendary orange Supra driven by Brian O’Conner in the iconic street-racing franchise The Fast and the Furious. Featuring vibrant racing graphics, tuner-inspired detailing, and bold automotive aesthetics, this pair captures the adrenaline, speed, and underground car culture of the late ‘90s and early",Knickgasm,Nike Air force 1,"best seller, Brian 'O Conner, Car, Car themed custom sneakers, Fast and furius, Fast car, featured, JDM inspired sneakers, Low top, Movie, nike air force 1, nike air force 1 white, Racer, Racing, Street racing sneakers, Toyota, Tuner culture sneakers",TRUE,214.86,240.61,https://cdn.shopify.com/s/files/1/0754/4094/7522/files/F53A7AD3-686E-4530-BA80-6AB81A6300F8.jpg?v=1779373662,1,active,Custom Sneakers,
nike-air-force-1-x-mclaren-f1-1,McLaren F1 x Nike Air Force 1,"Introducing our unique and eye-catching Custom Nike Air Force 1 inspired by McLaren Formula one Custom. Each pair of Custom Hand Painted Nike Sneakers is meticulously hand crafted by our skilled artists and sneaker designers who colorway their creativity and talent together to every sneaker. These sneakers are made to order, allowing you to choose from a wide range of designs, colors, and themes to s",Knickgasm,Nike Air force 1,"black nike shoes india, Car, custom nike shoes india, custom nike sneakers, Dts, F1, Formula one, Lando norris, Lewis hamilton, Mc laren, Nike, nike air force 1, Nike Air Force 1 black, nike air force1 black, nike black, nike black shoes, prepaid, Race car, Speed, Supercar, teal",TRUE,153.85,202.13,https://cdn.shopify.com/s/files/1/0754/4094/7522/files/31D365D1-5D43-4C3F-BEE9-DE724E54D857.jpg?v=1779373663,1,active,Custom Sneakers,
nike-air-force-1-x-taylor-swift-eras-tour,Taylor Swift Eras Tour x Nike Air Force 1,"Introducing our unique and eye-catching Custom Hand Painted Nike Sneakers! These sneakers are the perfect colorway of style, art, and personalisation, making them a must-have for any sneaker-head or fashion enthusiast. Made on 100% Original Nike sneakers , our custom hand painted designs are durable and long-lasting. The high-quality materials used ensure that your sneakers will maintain their vibran",Knickgasm,Nike Air force 1,"1989, album, blue, custom nike shoes india, custom nike sneakers, custom shoes india, Era, featured, light blue, Lover, music, Nike, nike air force 1, nike air force 1 white, nike blue, nike shoes, prepaid, Singer, sky blue, Swift, Swifty, Taylor, Tour",TRUE,166.97,196.72,https://cdn.shopify.com/s/files/1/0754/4094/7522/files/12F58C8A-1762-4115-A944-20851B72AA15.jpg?v=1779373666,1,active,Custom Sneakers,
nike-air-force-1-x-light-swoosh-purple,Light Swoosh (Purple) x Nike Air Force 1,"AF1 with light up swoosh available in your choice of colour. These are operated via a battery pack placed under the lace and tongue where you can choose to have the lights always on, flashing or off via switch. These take 2 AAA battery which are easily available at your nearest convenience store. 4 batteries included with the sneakers so that makes it ready to use as soon as you get them :) Safety",Knickgasm,Nike Air force 1,"concert, cool, cool custom, custom nike shoes india, custom nike sneakers, featured, future, glow, Glow in the dark, Led, light, Light saber, lights, neon, Night club, Nike, nike air force 1, nike air force 1 white, nike air force1 black, nike shoes, Party, purple, purple swoosh",TRUE,169.14,,https://cdn.shopify.com/s/files/1/0754/4094/7522/files/E430D8D6-3967-46F6-9229-8885F1516381.jpg?v=1739109577,1,active,Custom Sneakers,
nike-air-force-1-x-light-swoosh-purple,,,,,,,,,https://cdn.shopify.com/s/files/1/0754/4094/7522/files/B49B431C-9524-486F-A59A-8F227D8E1E1F.jpg?v=1739109577,2,,,
nike-air-force-1-x-light-swoosh-purple,,,,,,,,,https://cdn.shopify.com/s/files/1/0754/4094/7522/files/82BF5811-989F-4286-AC8C-AB343B80D807.jpg?v=1739109577,3,,,
nike-air-force-1-x-light-swoosh-purple,,,,,,,,,https://cdn.shopify.com/s/files/1/0754/4094/7522/files/64A27A54-5AEF-4C7D-A899-12A9B02B3207.jpg?v=1739109577,4,,,
nike-air-force-1-x-light-swoosh-purple,,,,,,,,,https://cdn.shopify.com/s/files/1/0754/4094/7522/files/BD3025D5-E5AA-444D-A06D-8A1BC7B627DB.jpg?v=1739109577,5,,,
nike-air-force-1-x-light-swoosh-purple,,,,,,,,,https://cdn.shopify.com/s/files/1/0754/4094/7522/files/9A7C33D7-8795-4E41-B8C3-637EFBB54FF1.jpg?v=1739109577,6,,,
nike-air-force-1-x-joker,Joker x Nike Air Force 1,"Introducing the Nike Air Force 1 x Joker Custom , inspired by the chaotic brilliance of Joker. Featuring bold elements, signature green and purple tones, and the iconic “ Why So Serious? ” detail, this design captures the raw, unpredictable energy of Gotham’s most infamous villain. Crafted on 100% original Nike Air Force 1s , each pair is meticulously hand-painted by skilled artists , blending str",Knickgasm,Nike Air force 1,"Batman, best seller, black nike shoes india, Dark knight, dc, Dc India, Dc universe, featured, Hahah, Joker, Joker India, Low top, Movie, Nike, nike air force 1, Nike Air Force 1 black, Why so serious?",TRUE,187.77,246.37,https://cdn.shopify.com/s/files/1/0754/4094/7522/files/IMG_1787.jpg?v=1777056517,1,active,Custom Sneakers,
nike-air-force-1-x-joker,,,,,,,,,https://cdn.shopify.com/s/files/1/0754/4094/7522/files/IMG_1791.jpg?v=1777056517,2,,,
arks-x-spiderman,ARKS x Spiderman,"Introducing the ARKS x Spider-Man Custom , inspired by the iconic superhero Spider-Man. Featuring bold web detailing, signature red accents, and dynamic character artwork, this design captures the agility, strength, and street-style essence of your friendly neighborhood hero. Crafted on premium sneakers, each pair is hand-painted with precision, delivering a vibrant, high-impact finish that stands",Knickgasm,ARKS,"Arks, best seller, featured, Gwen, Low top, marvel, marvel fan, spiderman, white shoes, White sneakers",TRUE,123.43,166.91,https://cdn.shopify.com/s/files/1/0754/4094/7522/files/4A345E73-8F3F-4F67-A78D-76B46533F82E.jpg?v=1776422965,1,active,Custom Sneakers,
arks-x-spiderman,,,,,,,,,https://cdn.shopify.com/s/files/1/0754/4094/7522/files/492F1D5F-BBB7-4921-A837-4BF5446182E5.jpg?v=1776422965,2,,,
arks-x-spiderman,,,,,,,,,https://cdn.shopify.com/s/files/1/0754/4094/7522/files/9E376438-4832-42B0-B0F4-40192627B08B.jpg?v=1776422964,3,,,
arks-x-spiderman,,,,,,,,,https://cdn.shopify.com/s/files/1/0754/4094/7522/files/59225059-0B75-4316-844B-44465ECE1D2C.jpg?v=1776422965,4,,,
arks-x-spiderman,,,,,,,,,https://cdn.shopify.com/s/files/1/0754/4094/7522/files/A99E081E-2AA8-4BAA-AA37-3FA151C98B40.jpg?v=1776422965,5,,,
arks-x-spiderman,,,,,,,,,https://cdn.shopify.com/s/files/1/0754/4094/7522/files/5CA74FE4-228D-4084-9715-5B1C6CAAC562.jpg?v=1776422965,6,,,
arks-x-spiderman,,,,,,,,,https://cdn.shopify.com/s/files/1/0754/4094/7522/files/6540C14C-DC08-4020-B096-DA7D261C8741.jpg?v=1776422965,7,,,
nike-air-force-1-x-redbull-f1-1,RedBull F1 x Nike Air Force 1,"Introducing our unique and eye-catching Custom Hand Painted Nike Sneakers! These sneakers are the perfect colorway of style, art, and personalisation, making them a must-have for any sneaker-head or fashion enthusiast. Max Verstappen Formula 1 Red Bull Made on 100% Original Nike sneakers , the paints which we use are highly durable and long lasting. We use high quality paints for all our designs. Enj",Knickgasm,Nike Air force 1,"33, Bull, Car, Champion, custom nike shoes india, custom nike sneakers, Daniel, F1, Fast car, Formula one, Honda, Max verstappen, Mercedes, Nike, nike air force 1, nike air force 1 white, Oracle, prepaid, Race car, Racing, red, Red bull, Ricciardo, Shoey",TRUE,216.11,284.53,https://cdn.shopify.com/s/files/1/0754/4094/7522/files/3028FB96-B3A0-4707-B53A-76C83A006B15.jpg?v=1780847102,1,active,Custom Sneakers,
nike-air-force-1-x-redbull-f1-1,,,,,,,,,https://cdn.shopify.com/s/files/1/0754/4094/7522/files/F17AB78C-8B33-41CA-B6AC-2A390E220D03.jpg?v=1780847102,2,,,
nike-air-force-1-x-redbull-f1-1,,,,,,,,,https://cdn.shopify.com/s/files/1/0754/4094/7522/files/57B6A984-451F-4FC7-AFE3-896049827A74.jpg?v=1780847102,3,,,
nike-air-force-1-x-redbull-f1-1,,,,,,,,,https://cdn.shopify.com/s/files/1/0754/4094/7522/files/7788779B-F956-4EAF-9C9D-E7EB2D935CBC.jpg?v=1780847102,4,,,
nike-air-force-1-x-redbull-f1-1,,,,,,,,,https://cdn.shopify.com/s/files/1/0754/4094/7522/files/78D468BF-0FF1-4F99-AA18-D5BA284BDE9B.jpg?v=1780847101,5,,,
nike-air-force-1-x-redbull-f1-1,,,,,,,,,https://cdn.shopify.com/s/files/1/0754/4094/7522/files/FA423843-1163-4CE0-A9DE-5456EABDC4BF.jpg?v=1780847102,6,,,
nike-air-force-1-x-redbull-f1-1,,,,,,,,,https://cdn.shopify.com/s/files/1/0754/4094/7522/files/2A552847-2A0B-4700-8A4A-85EEA3336D77.jpg?v=1780847101,7,,,
nike-air-force-1-x-haikyu,Haikyuu x Nike Air Force 1,"Introducing the Nike Air Force 1 x Haikyuu Custom , inspired by the high-energy world of Haikyuu!! . Featuring dynamic artwork of your favorite characters, this design captures the intensity, teamwork, and passion of the game. Crafted on 100% original Nike Air Force 1 sneakers , each pair is hand-painted with precision , delivering a bold and vibrant finish that stands out on and off the court. Ma",Knickgasm,Nike Air force 1,"anime, anime art, Anime eyes, anime shoes india, anime swoosh, Anime-inspired sneakers, Best anime sneakers, Haikyuu, Lows, manga, nike air force 1, nike air force 1 white, Volleyball",TRUE,158.77,,https://cdn.shopify.com/s/files/1/0754/4094/7522/files/3951620C-6FBD-42EA-82BC-C838B4ADAB8C.jpg?v=1775927329,1,active,Custom Sneakers,
nike-air-force-1-x-haikyu,,,,,,,,,https://cdn.shopify.com/s/files/1/0754/4094/7522/files/D3E9B882-B35E-424F-90E4-C6A9404CE451.jpg?v=1775927329,2,,,
nike-air-force-1-x-haikyu,,,,,,,,,https://cdn.shopify.com/s/files/1/0754/4094/7522/files/B777BF7C-8E3A-43A7-80EC-A397D34C097E.jpg?v=1775927329,3,,,
nike-air-force-1-x-charmander-x-charlizard,Charmander x Charlizard x Nike Air Force 1,"Introducing the Nike Air Force 1 x Fire Evolution Custom, inspired by the iconic Pokémon duo Charmander and Charizard . Featuring fiery artwork with bold flames flowing through the swoosh, this pair captures the energy, power, and evolution of the legendary fire-type. Crafted on 100% original Nike Air Force 1 sneakers , each pair is hand-painted with precision, ensuring a vibrant, long-lasting fin",Knickgasm,Nike Air force 1,"anime, Ash, best seller, Bulbasour, Charlizard, Charmander, Evolution, featured, fire, Fire swoosh, Gengar., Lows, nike air force 1, nike air force 1 white, Pikachu, Pokemon, Pokemon shoes, Squirtle",TRUE,147.54,213.25,https://cdn.shopify.com/s/files/1/0754/4094/7522/files/IMG_1925.jpg?v=1775926402,1,active,Custom Sneakers,
nike-air-force-1-x-charmander-x-charlizard,,,,,,,,,https://cdn.shopify.com/s/files/1/0754/4094/7522/files/IMG_1930.jpg?v=1775926403,2,,,
nike-air-force-1-x-charmander-x-charlizard,,,,,,,,,https://cdn.shopify.com/s/files/1/0754/4094/7522/files/IMG_1932.jpg?v=1775926404,3,,,
nike-air-force-1-x-charmander-x-charlizard,,,,,,,,,https://cdn.shopify.com/s/files/1/0754/4094/7522/files/IMG_1931.jpg?v=1775926404,4,,,
nike-air-force-1-x-charmander-x-charlizard,,,,,,,,,https://cdn.shopify.com/s/files/1/0754/4094/7522/files/IMG_1933.jpg?v=1775926404,5,,,
nike-air-force-1-x-naruto-x-sasuke-1,Naruto x Sasuke x Nike Air Force 1,"Introducing the Nike Air Force 1 x Naruto vs Sasuke Custom, inspired by the legendary Naruto Uzumaki and Sasuke Uchiha . Featuring detailed artwork of Kurama and Susanoo , this design captures the raw power, contrast, and intensity of one of anime’s most iconic battles. Crafted on 100% original Nike Nike Air Force 1 sneakers, each pair is hand-painted with precision, delivering a bold, high-impact",Knickgasm,Nike Air force 1,"anime, anime art, Anime eyes, anime shoes india, anime swoosh, Anime-inspired sneakers, best seller, custom anime shoes india, custom anime sneaker india, custom nike shoes india, custom nike sneakers, eyes, featured, fire, flames, naruto, Naruto cosplay shoes, Naruto custom sneakers, naruto eyes, naruto shppuden, naruto swoosh, Naruto Uzumaki, Nike, nike air force 1, nike air force 1 white, nike air force anime, nike anime, nike shoes, prepaid, sasuke, sasuke eyes, Sasuke Uchiha, thunder",TRUE,158.97,,https://cdn.shopify.com/s/files/1/0754/4094/7522/files/IMG_2289.jpg?v=1775825301,1,active,Custom Sneakers,
nike-air-force-1-x-naruto-x-sasuke-1,,,,,,,,,https://cdn.shopify.com/s/files/1/0754/4094/7522/files/IMG_2293.jpg?v=1775825302,2,,,
nike-air-force-1-x-naruto-x-sasuke-1,,,,,,,,,https://cdn.shopify.com/s/files/1/0754/4094/7522/files/IMG_2295.jpg?v=1775825301,3,,,
nike-air-force-1-x-naruto-x-sasuke-1,,,,,,,,,https://cdn.shopify.com/s/files/1/0754/4094/7522/files/IMG_2300.jpg?v=1775825300,4,,,
nike-air-force-1-x-naruto-x-sasuke-1,,,,,,,,,https://cdn.shopify.com/s/files/1/0754/4094/7522/files/IMG_2306.jpg?v=1775825300,5,,,
nike-air-force-1-x-naruto-x-sasuke-1,,,,,,,,,https://cdn.shopify.com/s/files/1/0754/4094/7522/files/IMG_2298.jpg?v=1775825301,6,,,
nike-air-force-1-x-naruto-x-sasuke-1,,,,,,,,,https://cdn.shopify.com/s/files/1/0754/4094/7522/files/IMG_2297.jpg?v=1775825301,7,,,
nike-air-force-1-x-casino,Casino x Nike Air Force 1,"Introducing the Nike Air Force 1 x Casino Custom , inspired by the thrill of the casino world and high-stakes gameplay. Featuring bold artwork of playing cards, dice, and flaming elements, this design captures the energy of risk, power, and the mindset of going all in. Crafted on 100% original Nike Nike Air Force 1 sneakers, each pair is hand-painted by skilled artists, making every piece unique. ",Knickgasm,Nike Air force 1,"777, best seller, Cards, Casino, Chips, custom nike shoes india, Dice, featured, Game, good luck, jack, king, Lows, money, Nike, nike air force 1, nike air force 1 white, Queen, Roulette",TRUE,205.29,,https://cdn.shopify.com/s/files/1/0754/4094/7522/files/3BD29D89-1DB0-4CB3-9EB8-025A5DA1BBBD.jpg?v=1775299725,1,active,Custom Sneakers,
nike-air-force-1-x-royal-flush,Royal Flush x Nike Air Force 1,"Introducing the Nike Air Force 1 x Royal Flush Custom , inspired by the thrill of the casino world and high-stakes gameplay. Featuring bold artwork of playing cards, dice, and flaming elements, this design captures the energy of risk, power, and the mindset of going all in. Crafted on 100% original Nike Nike Air Force 1 sneakers, each pair is hand-painted by skilled artists, making every piece uni",Knickgasm,Nike Air force 1,"777, best seller, Cards, Casino, Chips, custom nike shoes india, Dice, featured, Game, good luck, jack, king, Lows, money, Nike, nike air force 1, nike air force 1 white, Queen, Roulette",TRUE,170.40,,https://cdn.shopify.com/s/files/1/0754/4094/7522/files/D2E0A816-EEC0-4DB2-8835-BBC68E5FA769.jpg?v=1775299544,1,active,Custom Sneakers,
nike-air-force-1-x-gta-vi,GTA VI x Nike Air Force 1,"Introducing our unique and eye-catching Custom Hand Painted Nike Sneakers! These sneakers are the perfect colorway of style, art, and personalisation, making them a must-have for any sneaker-head or fashion enthusiast. Each pair of Custom Hand Painted Nike Sneakers is meticulously hand crafted by our skilled artists and sneaker designers who colorway their creativity and talent together to every sneaker",Knickgasm,Nike Air force 1,"blue, custom nike shoes india, custom nike sneakers, custom shoes india, Era, featured, Gaming, Grand Theft auto, Gta, Gta v, light blue, Lover, Miami, music, Nike, nike air force 1, nike air force 1 white, nike blue, nike shoes, prepaid, Ps5, Singer, sky blue, Tour, Wasted",TRUE,178.64,212.34,https://cdn.shopify.com/s/files/1/0754/4094/7522/files/F7296124-EC86-4470-AA5D-A6C132E36D64.jpg?v=1775291998,1,active,Custom Sneakers,
nike-air-force-1-x-dragon-ball,Dragon ball x Nike Air Force 1,"Introducing our unique and eye-catching Custom Hand Painted Nike Sneakers! These sneakers are the perfect colorway of style, art, and personalisation, making them a must-have for any sneaker-head or fashion enthusiast. Each pair of Custom Hand Painted Nike Sneakers is meticulously hand crafted by our skilled artists and sneaker designers who colorway their creativity and talent together to every sneaker",Knickgasm,Nike Air force 1,"anime, anime art, anime shoes india, Anime-inspired sneakers, custom anime shoes india, custom anime sneaker india, custom nike shoes india, custom nike sneakers, dragon, dragon ball z, Frieza, goku, Nike, nike air force 1, nike air force 1 white, nike air force anime, nike anime, nike shoes, prepaid, Trunks, vegeta",TRUE,147.54,196.72,https://cdn.shopify.com/s/files/1/0754/4094/7522/files/4D778524-8245-4637-93DB-086653ECF626.jpg?v=1775291037,1,active,Custom Sneakers,
nike-air-force-1-x-dhurandhar,Dhurandhar x Nike Air Force 1,"Introducing the Nike Air Force 1 x Dhurandhar Custom , inspired by raw intensity and powerful storytelling. Featuring a dark, cinematic aesthetic with bold red accents, character artwork, and iconic dialogue elements, this design captures a fearless and rebellious attitude. Crafted on 100% original Nike Air Force 1 sneakers, each pair is hand-painted by skilled artists, making every piece unique. ",Knickgasm,Nike Air force 1,"Aditya dhar, aesthetic, best seller, Bollywood, Cinema, Dhurandhar, Dhurandhar the revenge, featured, Film, Hamza, Movie, Nike, nike air force 1, Nike Air Force 1 black, nike black shoes, Peak detaling, Rehman dakait",TRUE,204.69,268.01,https://cdn.shopify.com/s/files/1/0754/4094/7522/files/IMG_0843.jpg?v=1774118699,1,active,Custom Sneakers,
nike-air-force-1-x-dhurandhar,,,,,,,,,https://cdn.shopify.com/s/files/1/0754/4094/7522/files/IMG_0845.jpg?v=1774118698,2,,,
nike-air-force-1-x-dhurandhar,,,,,,,,,https://cdn.shopify.com/s/files/1/0754/4094/7522/files/IMG_1005_8f555ec1-1ebe-4b50-a8ee-5a6870e688d0.jpg?v=1774118694,3,,,
nike-air-force-1-x-dhurandhar,,,,,,,,,https://cdn.shopify.com/s/files/1/0754/4094/7522/files/IMG_0998.jpg?v=1774118693,4,,,
nike-air-jordan-1-lows-x-golf,Golf x Nike Air Jordan 1 Lows,"Introducing our unique and eye-catching Custom Hand Painted Nike Sneakers! These sneakers are the perfect colorway of style, art, and personalisation, making them a must-have for any sneaker-head or fashion enthusiast. Each pair of Custom Hand Painted Nike Sneakers is meticulously hand crafted by our skilled artists and sneaker designers who colorway their creativity and talent together to every sneaker",Knickgasm,Nike Air Jordan,"best seller, featured, Golf, Jordan, Low top, Nike, Nike air jordan 1 lows, nike jordan, sports",TRUE,193.26,301.70,https://cdn.shopify.com/s/files/1/0754/4094/7522/files/E43A13FF-BAC3-4151-B200-F59899886C9E.jpg?v=1773669242,1,active,Custom Sneakers,
nike-air-jordan-1-lows-x-golf,,,,,,,,,https://cdn.shopify.com/s/files/1/0754/4094/7522/files/8F2D0AC3-3F1E-4EA9-8CB1-36AA41A60CA2.jpg?v=1773669258,2,,,
nike-air-jordan-1-lows-x-golf,,,,,,,,,https://cdn.shopify.com/s/files/1/0754/4094/7522/files/954A1AA3-B517-4664-B421-E508200A20ED.jpg?v=1773669242,3,,,
nike-air-jordan-1-lows-x-golf,,,,,,,,,https://cdn.shopify.com/s/files/1/0754/4094/7522/files/171FDFD1-C767-4E19-952F-B04A8DFE00AC.jpg?v=1773669242,4,,,
nike-air-jordan-1-lows-x-golf,,,,,,,,,https://cdn.shopify.com/s/files/1/0754/4094/7522/files/4D6D7BF0-2B0F-4564-AF45-7884B6D149F3.jpg?v=1773669242,5,,,
nike-air-jordan-1-lows-x-golf,,,,,,,,,https://cdn.shopify.com/s/files/1/0754/4094/7522/files/9589D5B4-B2F3-4A2C-B5DA-8815CDDE3DB1.jpg?v=1773669242,6,,,
nike-air-force-1-black-x-light-swoosh,Nike Air Force 1 Black x Light Swoosh,"AF1 with light up swoosh available in your choice of colour. These are operated via a battery pack placed under the lace and tongue where you can choose to have the lights always on, flashing or off via switch. These take 2 AAA battery which are easily available at your nearest convenience store. 4 batteries included with the sneakers so that makes it ready to use as soon as you get them :) Safety",Knickgasm,Nike Air force 1,"concert, cool, cool custom, custom nike shoes india, custom nike sneakers, featured, future, glow, Glow in the dark, Led, light, light blue, Light saber, lights, Night club, Nike, nike air force 1, nike air force 1 white, nike air force1 black, nike shoes, Party",TRUE,157.71,203.43,https://cdn.shopify.com/s/files/1/0754/4094/7522/files/Nike-Air-Force-1-Black-x-Light-Swoosh-Knickgasm-3777.jpg?v=1734418661,1,active,Custom Sneakers,
nike-air-force-1-black-x-light-swoosh,,,,,,,,,https://cdn.shopify.com/s/files/1/0754/4094/7522/files/Nike-Air-Force-1-Black-x-Light-Swoosh-Knickgasm-5801.jpg?v=1734418666,2,,,
nike-air-force-1-black-x-light-swoosh,,,,,,,,,https://cdn.shopify.com/s/files/1/0754/4094/7522/files/Nike-Air-Force-1-Black-x-Light-Swoosh-Knickgasm-2152.jpg?v=1734418665,3,,,
nike-air-force-1-black-x-light-swoosh,,,,,,,,,https://cdn.shopify.com/s/files/1/0754/4094/7522/files/Nike-Air-Force-1-Black-x-Light-Swoosh-Knickgasm-5868.jpg?v=1734418663,4,,,
nike-air-force-1-x-led-light-swoosh,Light Swoosh x Nike Air Force 1,"AF1 with light up swoosh available in your choice of colour. These are operated via a battery pack placed under the lace and tongue where you can choose to have the lights always on, flashing or off via switch. These take 2 AAA battery which are easily available at your nearest convenience store. 4 batteries included with the sneakers so that makes it ready to use as soon as you get them :) Safety",Knickgasm,Nike Air force 1,"concert, cool, cool custom, custom nike shoes india, custom nike sneakers, featured, future, glow, Glow in the dark, Led, light, light blue, Light saber, lights, Night club, Nike, nike air force 1, nike air force 1 white, nike air force1 black, nike shoes, Party",TRUE,157.71,203.43,https://cdn.shopify.com/s/files/1/0754/4094/7522/files/Nike-Air-Force-1-x-Light-Swoosh-Knickgasm-1536.jpg?v=1734418387,1,active,Custom Sneakers,
nike-air-force-1-x-led-light-swoosh,,,,,,,,,https://cdn.shopify.com/s/files/1/0754/4094/7522/files/Nike-Air-Force-1-x-Light-Swoosh-Knickgasm-7104.jpg?v=1734418385,2,,,
nike-air-force-1-x-led-light-swoosh,,,,,,,,,https://cdn.shopify.com/s/files/1/0754/4094/7522/files/Nike-Air-Force-1-x-Light-Swoosh-Knickgasm-6918.jpg?v=1736756215,3,,,
nike-air-force-1-x-led-light-swoosh,,,,,,,,,https://cdn.shopify.com/s/files/1/0754/4094/7522/files/Nike-Air-Force-1-x-Light-Swoosh-Knickgasm-1008.jpg?v=1734418390,4,,,
lace-tags-custom,Lace Tags (Custom),"Upgrade your sneakers with our premium Knickgasm Lace Tags, a subtle detail that adds a bold statement. Crafted from high-quality metal with a brushed finish, these lace tags are designed to elevate your sneakers while keeping the aesthetic minimal and clean. Comes in a pair of two Personalisation: You can customise your lace tag with any text, initials, or numbers to make it uniquely yours. Simpl",Knickgasm,Laces,"accessories, Custom tags, Initials, Lace tags, Name, Numbers",TRUE,9.14,12.19,https://cdn.shopify.com/s/files/1/0754/4094/7522/files/F21FD335-DCB4-45C2-8B2A-424A4A440971.jpg?v=1773063113,1,active,Custom Sneakers,
lace-tags-custom,,,,,,,,,https://cdn.shopify.com/s/files/1/0754/4094/7522/files/DDDEAC11-77C2-49BB-9E30-D5D9AC3426C5.jpg?v=1773063133,2,,,
lace-tags-custom,,,,,,,,,https://cdn.shopify.com/s/files/1/0754/4094/7522/files/90CB2C95-8DB6-4151-8A96-AAC8D99BB0A4.jpg?v=1773063133,3,,,
lace-tags-custom,,,,,,,,,https://cdn.shopify.com/s/files/1/0754/4094/7522/files/AD07682E-36FC-4FFD-9FBC-AC1DA2384FDA.jpg?v=1773063113,4,,,
lace-tags-custom,,,,,,,,,https://cdn.shopify.com/s/files/1/0754/4094/7522/files/2D94EDCA-B352-40BF-ABEF-B18DF8D9A574.jpg?v=1773063113,5,,,
lace-tags-custom,,,,,,,,,https://cdn.shopify.com/s/files/1/0754/4094/7522/files/A102371F-D471-439D-BE6D-9606F2A9698C.jpg?v=1773063113,6,,,
lace-tags-custom,,,,,,,,,https://cdn.shopify.com/s/files/1/0754/4094/7522/files/B3D0255B-950C-4DE0-A4AF-C8DD245F5182.jpg?v=1773063114,7,,,
nike-air-force-1-x-brown-comic,Mocha Brown Comic x Nike Air Force 1,"Introducing the Nike Air Force 1 x Mocha Brown Comic Drip Custom , a bold fusion of sneaker culture and comic-inspired street art. Featuring vibrant brown panels with a striking black comic-style drip effect, this design transforms a classic silhouette into a standout statement piece. Crafted on 100% original Nike Air Force 1 sneakers , each pair is meticulously hand-painted by skilled artists, ma",Knickgasm,Nike Air force 1,"best seller, black drip, brown, Brown swoosh, cartoon, Comic, featured, Low top, mocha, Nike, nike air force 1, pastel",TRUE,147.54,196.72,https://cdn.shopify.com/s/files/1/0754/4094/7522/files/IMG_9627.jpg?v=1772719763,1,active,Custom Sneakers,
nike-air-force-1-x-green-comic,Green Comic x Nike Air Force 1,"Introducing the Nike Air Force 1 x Green Comic Drip Custom , a bold fusion of sneaker culture and comic-inspired street art. Featuring vibrant green panels with a striking black comic-style drip effect, this design transforms a classic silhouette into a standout statement piece. Crafted on 100% original Nike Air Force 1 sneakers , each pair is meticulously hand-painted by skilled artists, making e",Knickgasm,Nike Air force 1,"best seller, black drip, cartoon, Comic, featured, green, green pastel, green swoosh, Low top, Nike, nike air force 1, pastel",TRUE,147.54,196.72,https://cdn.shopify.com/s/files/1/0754/4094/7522/files/IMG_9620.jpg?v=1772719763,1,active,Custom Sneakers,
nike-air-force-1-x-green-comic,,,,,,,,,https://cdn.shopify.com/s/files/1/0754/4094/7522/files/A17CBD54-90C7-4660-9C37-C22881ED3551.jpg?v=1773049820,2,,,
nike-air-force-1-x-yellow-comic-1,Pink Comic x Nike Air Force 1,"Introducing the Nike Air Force 1 x Pink Comic Drip Custom , a bold fusion of sneaker culture and comic-inspired street art. Featuring vibrant pink panels with a striking black comic-style drip effect, this design transforms a classic silhouette into a standout statement piece. Crafted on 100% original Nike Air Force 1 sneakers , each pair is meticulously hand-painted by skilled artists, making eve",Knickgasm,Nike Air force 1,"best seller, black drip, cartoon, Comic, featured, Low top, Nike, nike air force 1, pastel, pink, pink pastel, Pink swoosh",TRUE,147.54,196.72,https://cdn.shopify.com/s/files/1/0754/4094/7522/files/IMG_9618.jpg?v=1772719764,1,active,Custom Sneakers,
nike-air-force-1-x-yellow-comic-1,,,,,,,,,https://cdn.shopify.com/s/files/1/0754/4094/7522/files/FEFB99B6-7D0C-485A-A47E-CD028756B635.jpg?v=1773049820,2,,,
nike-air-force-1-x-yellow-comic,Yellow Comic x Nike Air Force 1,"Introducing the Nike Air Force 1 x Yellow Comic Drip Custom , a bold fusion of sneaker culture and comic-inspired street art. Featuring vibrant yellow panels with a striking black comic-style drip effect, this design transforms a classic silhouette into a standout statement piece. Crafted on 100% original Nike Air Force 1 sneakers , each pair is meticulously hand-painted by skilled artists, making",Knickgasm,Nike Air force 1,"best seller, black drip, cartoon, Comic, featured, lemon yellow, Low top, Nike, nike air force 1, pastel, yellow, Yellow drip",TRUE,147.54,196.72,https://cdn.shopify.com/s/files/1/0754/4094/7522/files/IMG_9622.jpg?v=1772719763,1,active,Custom Sneakers,
nike-air-force-1-x-yellow-comic,,,,,,,,,https://cdn.shopify.com/s/files/1/0754/4094/7522/files/91336D47-AB4F-4E67-BF9F-92EDAAB05E17.jpg?v=1773049820,2,,,
nike-air-force-1-x-blue-comic,Blue Comic x Nike Air Force 1,"Introducing the Nike Air Force 1 x Blue Comic Drip Custom , a bold fusion of sneaker culture and comic-inspired street art. Featuring vibrant blue panels with a striking black comic-style drip effect, this design transforms a classic silhouette into a standout statement piece. Crafted on 100% original Nike Air Force 1 sneakers , each pair is meticulously hand-painted by skilled artists, making eve",Knickgasm,Nike Air force 1,"best seller, black drip, blue, blue drip, blue swoosh, cartoon, Comic, featured, Low top, Nike, nike air force 1, pastel, University blue",TRUE,147.54,196.72,https://cdn.shopify.com/s/files/1/0754/4094/7522/files/IMG_9614.jpg?v=1772719763,1,active,Custom Sneakers,
nike-air-force-1-x-blue-comic,,,,,,,,,https://cdn.shopify.com/s/files/1/0754/4094/7522/files/1DD882E7-1260-45EF-86E4-261B1BCF1F45.jpg?v=1773049820,2,,,
nike-air-force-1-x-purple-comic,Purple Comic x Nike Air Force 1,"Introducing the Nike Air Force 1 x Purple Comic Drip Custom , a bold fusion of sneaker culture and comic-inspired street art. Featuring vibrant purple panels with a striking black comic-style drip effect, this design transforms a classic silhouette into a standout statement piece. Crafted on 100% original Nike Air Force 1 sneakers , each pair is meticulously hand-painted by skilled artists, making",Knickgasm,Nike Air force 1,"best seller, black drip, cartoon, Comic, featured, Low top, Nike, nike air force 1, pastel, purple, purple swoosh",TRUE,147.54,196.72,https://cdn.shopify.com/s/files/1/0754/4094/7522/files/IMG_9612.jpg?v=1772719763,1,active,Custom Sneakers,
nike-air-force-1-x-purple-comic,,,,,,,,,https://cdn.shopify.com/s/files/1/0754/4094/7522/files/F57D0363-EA9D-47F2-A50B-D79D24C46DB5.jpg?v=1773049820,2,,,
nike-air-force-1-x-red-comic,Red Comic x Nike Air Force 1,"Introducing the Nike Air Force 1 x Red Comic Drip Custom , a bold fusion of sneaker culture and comic-inspired street art. Featuring vibrant red panels with a striking black comic-style drip effect, this design transforms a classic silhouette into a standout statement piece. Crafted on 100% original Nike Air Force 1 sneakers , each pair is meticulously hand-painted by skilled artists, making every",Knickgasm,Nike Air force 1,"best seller, black drip, cartoon, Chicago red, Comic, featured, Low top, Nike, nike air force 1, pastel, Red, Red drip",TRUE,147.54,196.72,https://cdn.shopify.com/s/files/1/0754/4094/7522/files/6633BBE2-EE5F-444F-B488-EDFEEB5B9B5E.jpg?v=1772718770,1,active,Custom Sneakers,
nike-air-force-1-x-red-comic,,,,,,,,,https://cdn.shopify.com/s/files/1/0754/4094/7522/files/C68DCC5E-9D80-495E-A707-0109E52509EE.jpg?v=1773049820,2,,,
nike-air-force-1-x-yellow-bleed,Yellow Bleed x Nike Air Force 1,"🎨 Nike Air Force 1 – Yellow Bleed Custom Hand-Painted Sneakers | Authentic Nike | Water &amp; Scratch Resistant | Made in India | Ships Worldwide Meet the Nike Air Force 1 x Yellow Bleed — where streetwear meets expressive art. This handcrafted design features a Swoosh in vibrant yellow , with each side dripping in bold, graffiti-inspired chaos. Built for the bold, made for those who don’t colorway i",Knickgasm,Nike Air force 1,"cartoon, Comic, custom nike shoes india, custom nike sneakers, drip, drop, droplet, Dual bleed, featured, latest, Nike, nike air force 1, nike air force 1 white, nike shoes, prepaid, Sketch, Sketchup, Splatter, swoosh, yellow, Yellow drip",TRUE,147.54,196.72,https://cdn.shopify.com/s/files/1/0754/4094/7522/files/70776B46-D6DC-44EF-A728-8AE1F482F541.jpg?v=1772449048,1,active,Custom Sneakers,
nike-air-force-1-x-yellow-bleed,,,,,,,,,https://cdn.shopify.com/s/files/1/0754/4094/7522/files/DAC6792F-303C-4624-A8D9-69CD477D5CAB.jpg?v=1772449048,2,,,
nike-air-force-1-x-yellow-bleed,,,,,,,,,https://cdn.shopify.com/s/files/1/0754/4094/7522/files/8428F162-5099-4A96-BA06-EBE0A5DE436E.jpg?v=1772449048,3,,,
nike-air-force-1-x-yellow-bleed,,,,,,,,,https://cdn.shopify.com/s/files/1/0754/4094/7522/files/DD026F47-4795-4B3F-A463-73A6F97E74BA.jpg?v=1772449048,4,,,
nike-air-force-1-x-yellow-bleed,,,,,,,,,https://cdn.shopify.com/s/files/1/0754/4094/7522/files/E0AD3F75-A555-4897-8081-4C75585BCA49.jpg?v=1772449048,5,,,
nike-air-force-1-x-yellow-bleed,,,,,,,,,https://cdn.shopify.com/s/files/1/0754/4094/7522/files/842EDEB4-B57D-4127-AE18-1C67897A2142.jpg?v=1772449048,6,,,
nike-air-force-1-x-yellow-bleed,,,,,,,,,https://cdn.shopify.com/s/files/1/0754/4094/7522/files/C682720B-3AC8-45BE-AA4B-228E932A311A.jpg?v=1772449048,7,,,
nike-air-force-1-x-dual-bleed-1,Dual Bleed x Nike Air Force 1,"🎨 Nike Air Force 1 – Dual Bleed (Blue &amp; Yellow) Edition Custom Hand-Painted Sneakers | Authentic Nike | Water &amp; Scratch Resistant | Made in India | Ships Worldwide Meet the Nike Air Force 1 x Dual Bleed — where streetwear meets expressive art. This handcrafted design features a striking split Swoosh in vibrant blue , with each side dripping in bold, graffiti-inspired chaos. Built for the b",Knickgasm,Nike Air force 1,"blue, blue drip, blue swoosh, cartoon, Comic, custom nike shoes india, custom nike sneakers, drip, drop, droplet, Dual bleed, featured, latest, light blue, Nike, nike air force 1, nike air force 1 white, nike blue, nike shoes, prepaid, Sketch, Sketchup, sky blue, Splatter, swoosh, yellow, Yellow drip",TRUE,147.54,196.72,https://cdn.shopify.com/s/files/1/0754/4094/7522/files/DAC6792F-303C-4624-A8D9-69CD477D5CAB.jpg?v=1772449048,1,active,Custom Sneakers,
nike-air-force-1-x-dual-bleed-1,,,,,,,,,https://cdn.shopify.com/s/files/1/0754/4094/7522/files/8428F162-5099-4A96-BA06-EBE0A5DE436E.jpg?v=1772449048,2,,,
nike-air-force-1-x-dual-bleed-1,,,,,,,,,https://cdn.shopify.com/s/files/1/0754/4094/7522/files/DD026F47-4795-4B3F-A463-73A6F97E74BA.jpg?v=1772449048,3,,,
nike-air-force-1-x-dual-bleed-1,,,,,,,,,https://cdn.shopify.com/s/files/1/0754/4094/7522/files/E0AD3F75-A555-4897-8081-4C75585BCA49.jpg?v=1772449048,4,,,
nike-air-force-1-x-dual-bleed-1,,,,,,,,,https://cdn.shopify.com/s/files/1/0754/4094/7522/files/842EDEB4-B57D-4127-AE18-1C67897A2142.jpg?v=1772449048,5,,,
nike-air-force-1-x-dual-bleed-1,,,,,,,,,https://cdn.shopify.com/s/files/1/0754/4094/7522/files/C682720B-3AC8-45BE-AA4B-228E932A311A.jpg?v=1772449048,6,,,
converse-x-the-weeknd,The Weeknd x Converse,"Inspired by the iconic Starboy era , this Converse x The Weeknd custom is a tribute to one of modern music’s most defining chapters. Hand-painted with precision, the design features signature XO detailing and portrait artwork that captures the bold, cinematic energy of The Weeknd’s alter ego. Set on original Converse high-tops, this pair colorways streetwear culture with music legacy—crafted for fans",Knickgasm,Converse,"best seller, Canvas, celebrity, Converse, converse all star, converse custom shoes, converse custom shoes India, converse high tops, converse white, custom converse, featured, High ankle, High top, international celebrity, Lover boy, music, musician, Pop singer, Singer, Starboy, The weeknd, Xo",TRUE,138.79,185.05,https://cdn.shopify.com/s/files/1/0754/4094/7522/files/0048D035-7F6A-44E9-AA34-D4F432BA0C6E.jpg?v=1772105867,1,active,Custom Sneakers,
converse-x-the-weeknd,,,,,,,,,https://cdn.shopify.com/s/files/1/0754/4094/7522/files/AEB8E06F-58C3-459E-98F6-834BBC2A9045.jpg?v=1772105867,2,,,
converse-x-the-weeknd,,,,,,,,,https://cdn.shopify.com/s/files/1/0754/4094/7522/files/D3C9768A-509D-414B-8D75-D6B7F8CD2471.jpg?v=1772105867,3,,,
converse-x-the-weeknd,,,,,,,,,https://cdn.shopify.com/s/files/1/0754/4094/7522/files/66311A7F-7DBB-420C-9D4B-32E0C052ABAF.jpg?v=1772105867,4,,,
converse-x-the-weeknd,,,,,,,,,https://cdn.shopify.com/s/files/1/0754/4094/7522/files/F1408AA7-2FE2-4C2B-BE0C-C3944B8B2FE4.jpg?v=1772105867,5,,,
nike-air-force-1-x-doggo-customisable-with-any-name-1,Doggo (Customisable) x Nike Air Force 1,"Introducing our unique and eye-catching Custom Hand Painted Nike Sneakers! These sneakers are the perfect colorway of style, art, and personalisation, making them a must-have for any sneaker-head or fashion enthusiast. Each pair of Custom Hand Painted Nike Sneakers is meticulously hand crafted by our skilled artists and sneaker designers who colorway their creativity and talent together to every sneaker",Knickgasm,Nike Air force 1,"Bone, cool custom, Custom dog, custom nike shoes india, custom nike sneakers, custom shoes india, Dog shoes, Dogs, featured, German shepard, Loyalty, Nike, nike air force 1, nike air force 1 white, nike shoes, Paws, Poodle, prepaid, white shoes",TRUE,158.25,210.99,https://cdn.shopify.com/s/files/1/0754/4094/7522/files/9F19571D-C21C-49F1-BE12-10D30432AB6F.jpg?v=1772105464,1,active,Custom Sneakers,
nike-air-force-1-x-doggo-customisable-with-any-name-1,,,,,,,,,https://cdn.shopify.com/s/files/1/0754/4094/7522/files/F7336817-7953-486B-A392-006ECC3287CC.jpg?v=1772105464,2,,,
nike-air-force-1-x-doggo-customisable-with-any-name-1,,,,,,,,,https://cdn.shopify.com/s/files/1/0754/4094/7522/files/BA3C9959-B85B-4E5A-BDB4-DC763ABB44F7.jpg?v=1772105464,3,,,
nike-air-force-1-x-doggo-customisable-with-any-name-1,,,,,,,,,https://cdn.shopify.com/s/files/1/0754/4094/7522/files/C8445D9F-483F-4313-B425-A8CAA6CF4861.jpg?v=1772105464,4,,,
nike-air-force-1-x-doggo-customisable-with-any-name-1,,,,,,,,,https://cdn.shopify.com/s/files/1/0754/4094/7522/files/4524CC6C-B4E0-47D1-AA2B-4826E08B5C59.jpg?v=1772105464,5,,,
arks-x-one-rk-edition,Ranbeer Kapoor edition x ARKS,"Created to mark a defining milestone, the ARKS x One RK Special Edition is a one-of-one custom sneaker crafted exclusively for Ranbir Kapoor on the first anniversary of ARKS , his lifestyle brand. This special edition reflects the spirit of ARKS—minimal, modern, and timeless—blended with bespoke craftsmanship and attention to detail. Designed as a commemorative pair, the sneaker celebrates a year ",Knickgasm,ARKS,"Arks, Autograph, cartoon, Comic, Low top, One., Ranbir kapoor, Red sole, Rk., Sneakers.",TRUE,134.86,166.91,https://cdn.shopify.com/s/files/1/0754/4094/7522/files/IMG_8554.jpg?v=1771830029,1,active,Custom Sneakers,
arks-x-one-rk-edition,,,,,,,,,https://cdn.shopify.com/s/files/1/0754/4094/7522/files/IMG_8557.jpg?v=1771830029,2,,,
arks-x-one-rk-edition,,,,,,,,,https://cdn.shopify.com/s/files/1/0754/4094/7522/files/IMG_8565.jpg?v=1771830028,3,,,
arks-x-one-rk-edition,,,,,,,,,https://cdn.shopify.com/s/files/1/0754/4094/7522/files/IMG_8559.jpg?v=1771830027,4,,,
nike-air-force-1-x-matcha,Matcha x Nike Air Force 1,"Introducing our unique and eye-catching Custom Hand Painted Nike Sneakers! These sneakers are the perfect colorway of style, art, and personalisation, making them a must-have for any sneaker-head or fashion enthusiast. Each pair of Custom Hand Painted Nike Sneakers is meticulously hand crafted by our skilled artists and sneaker designers who colorway their creativity and talent together to every sneaker",Knickgasm,Nike Air force 1,"best seller, Bubbles, featured, green, green pastel, green swoosh, Low top, Lows, Matcha, nike air force 1, nike air force 1 white, pastel, pastel nike, pastels",TRUE,147.54,196.72,https://cdn.shopify.com/s/files/1/0754/4094/7522/files/370EEFD4-1483-42BB-B3FB-C5DA908EFB71.jpg?v=1771738645,1,active,Custom Sneakers,
nike-air-force-1-x-matcha,,,,,,,,,https://cdn.shopify.com/s/files/1/0754/4094/7522/files/C965C2D1-C734-492E-A86D-C901AC7428E9.jpg?v=1771738648,2,,,
nike-air-force-1-x-matcha,,,,,,,,,https://cdn.shopify.com/s/files/1/0754/4094/7522/files/D192FAE4-7BFF-45EF-B8CC-95A0F091E350.jpg?v=1771738646,3,,,
nike-air-force-1-x-matcha,,,,,,,,,https://cdn.shopify.com/s/files/1/0754/4094/7522/files/9AA535CB-0103-4C24-A66C-5AEC87569335.jpg?v=1771738645,4,,,
nike-air-force-1-x-matcha,,,,,,,,,https://cdn.shopify.com/s/files/1/0754/4094/7522/files/E738798B-CF41-4CB9-9806-312EBF9BD66B.jpg?v=1771738645,5,,,
nike-air-force-1-x-matcha,,,,,,,,,https://cdn.shopify.com/s/files/1/0754/4094/7522/files/F0F1209B-1BC6-4231-BFA3-8C2D2B529317.jpg?v=1771738645,6,,,
nike-air-force-1-x-matcha,,,,,,,,,https://cdn.shopify.com/s/files/1/0754/4094/7522/files/CD0443FE-4F66-4213-9C25-BE347E7DF2D6.jpg?v=1771738645,7,,,
nike-air-force-1-x-matcha,,,,,,,,,https://cdn.shopify.com/s/files/1/0754/4094/7522/files/D4EE61FA-7819-4BDF-BDB2-68E5DBD6305E.jpg?v=1771738645,8,,,
nike-air-force-1-x-transformer,Transformer x Nike Air Force 1,"Nike Air Force 1 x Transformers – Black Sketch Custom Edition Custom Sneakers by Knickgasm The Nike Air Force 1 x Transformers Custom is a monochrome masterpiece inspired by mechanical sketches, futuristic robotics, and cinematic nostalgia—crafted on 100% original Nike Air Force 1 sneakers. This design features detailed hand-drawn robotic illustrations across a stealth all-black base, creating a b",Knickgasm,Nike Air force 1,"Arcee, black, Black & White, Low top, Megatron, Movie, nike air force 1, Nike Air Force 1 black, Optimus prime, Sci fi, Sketch, Starscream, Transformer",TRUE,217.89,290.50,https://cdn.shopify.com/s/files/1/0754/4094/7522/files/0FF794E3-7F42-486E-A1F0-195054E9F9F6.jpg?v=1770722442,1,active,Custom Sneakers,
nike-air-force-1-x-transformer,,,,,,,,,https://cdn.shopify.com/s/files/1/0754/4094/7522/files/1AA03F22-0CD4-412F-92A4-04E0C7EA8EDC.jpg?v=1770722441,2,,,
nike-air-force-1-x-transformer,,,,,,,,,https://cdn.shopify.com/s/files/1/0754/4094/7522/files/ADDF7140-09B7-4022-B7EE-031D2399A159.jpg?v=1770722442,3,,,
nike-air-force-1-x-transformer,,,,,,,,,https://cdn.shopify.com/s/files/1/0754/4094/7522/files/D2279638-1BDB-412A-ABC3-4AD91B2FE79F.jpg?v=1770722441,4,,,
nike-air-force-1-x-transformer,,,,,,,,,https://cdn.shopify.com/s/files/1/0754/4094/7522/files/EF7DE6BE-FC74-4464-B4D3-4A05CF8A1A0D.jpg?v=1770722442,5,,,
nike-air-force-1-x-transformer,,,,,,,,,https://cdn.shopify.com/s/files/1/0754/4094/7522/files/6D377316-273A-48E5-B062-0B5B2CA21498.jpg?v=1770722441,6,,,
nike-air-force-1-x-arsenal-fc,Arsenal F.C. Gunners x Nike Air Force 1,"Nike Air Force 1 x Arsenal FC – “The Gunners” Custom Edition Custom Sneakers by Knickgasm Built for those who bleed red . The Nike Air Force 1 x Arsenal FC “The Gunners” Custom is a bold tribute to North London legacy, passion, and football culture—crafted on 100% original Nike Air Force 1 sneakers. Inspired by Arsenal’s iconic red-and-white colours, this pair features hand-detailed football eleme",Knickgasm,Nike Air force 1,"Arsenal fc, Champions league, England, Europa, Football, Football shoes, Legacy, Premier league, red, soccer, sports, The gunners, Uk",TRUE,162.63,213.37,https://cdn.shopify.com/s/files/1/0754/4094/7522/files/IMG_8848.jpg?v=1770670926,1,active,Custom Sneakers,
nike-air-force-1-x-arsenal-fc,,,,,,,,,https://cdn.shopify.com/s/files/1/0754/4094/7522/files/IMG_8853.jpg?v=1770670926,2,,,
nike-air-force-1-x-arsenal-fc,,,,,,,,,https://cdn.shopify.com/s/files/1/0754/4094/7522/files/IMG_8856.jpg?v=1770670926,3,,,
nike-air-force-1-x-arsenal-fc,,,,,,,,,https://cdn.shopify.com/s/files/1/0754/4094/7522/files/IMG_8855.jpg?v=1770670925,4,,,
nike-air-force-1-x-arsenal-fc,,,,,,,,,https://cdn.shopify.com/s/files/1/0754/4094/7522/files/IMG_8850.jpg?v=1770670926,5,,,
nike-air-force-1-x-arsenal-fc,,,,,,,,,https://cdn.shopify.com/s/files/1/0754/4094/7522/files/IMG_8851.jpg?v=1770670928,6,,,
nike-air-force-1-x-arsenal-fc,,,,,,,,,https://cdn.shopify.com/s/files/1/0754/4094/7522/files/IMG_8867.jpg?v=1770670925,7,,,
nike-air-force-1-x-arsenal-fc,,,,,,,,,https://cdn.shopify.com/s/files/1/0754/4094/7522/files/IMG_8873.jpg?v=1770670924,8,,,
nike-air-force-1-x-lamine-yamal,Lamine Yamal x Nike Air Force 1,"Nike Air Force 1 x Lamine Yamal x FC Barcelona – Custom Edition Hand-Painted Custom Sneakers by Knickgasm A tribute to football’s new generation. The Nike Air Force 1 x Lamine Yamal x FC Barcelona Custom celebrates raw talent, youth energy, and Barça legacy— hand-painted on 100% original Nike Air Force 1 sneakers. Inspired by FC Barcelona’s iconic colours and the rise of Lamine Yamal as one of foo",Knickgasm,Nike Air force 1,"Barca, Barcelona, Champions league, Europa, Fc barcalona, Football, Football shoes, Lamine Yamal, messi, potrait, Red blue, soccer, Spain, sports, Sportsman",TRUE,167.69,234.90,https://cdn.shopify.com/s/files/1/0754/4094/7522/files/E2308956-86E0-47BF-A47D-56E5ACF3A064.jpg?v=1770669497,1,active,Custom Sneakers,
nike-air-force-1-x-lamine-yamal,,,,,,,,,https://cdn.shopify.com/s/files/1/0754/4094/7522/files/E2A8B4D5-A63A-4066-906C-41ACC5199A74.jpg?v=1770669497,2,,,
nike-air-force-1-x-lamine-yamal,,,,,,,,,https://cdn.shopify.com/s/files/1/0754/4094/7522/files/2EFCF0F3-726B-46E8-8EA0-1BD4A3C2538A.jpg?v=1770669497,3,,,
nike-air-force-1-x-lamine-yamal,,,,,,,,,https://cdn.shopify.com/s/files/1/0754/4094/7522/files/2FBD87F7-DE39-4160-A744-7023735D2582.jpg?v=1770669497,4,,,
nike-air-force-1-x-lamine-yamal,,,,,,,,,https://cdn.shopify.com/s/files/1/0754/4094/7522/files/1060B071-06C6-4AC3-BCE9-BA67CD58BD7D.jpg?v=1770669497,5,,,
nike-air-force-1-x-nfl-philadelphia-eagles,NFL Philadelphia Eagles x Nike Air Force 1,"Custom Hand-Painted Sneakers by Knickgasm Celebrate football history with the Nike Air Force 1 x Philadelphia Eagles Super Bowl NFL Custom — a premium custom sneaker that pays tribute to the Eagles’ Super Bowl legacy in bold style. Inspired by the team’s iconic Midnight Green, Silver, Black, and White colour palette and high-flying spirit, this custom design captures the strength, pride, and champ",Knickgasm,Nike Air force 1,"Claws, Eagle, Eagles, featured, Low top, National football league, Nfl, Nike, nike air force 1, Philadelphia Eagles, sports, Super bowl, Team, Usa, Winner",TRUE,221.74,295.65,https://cdn.shopify.com/s/files/1/0754/4094/7522/files/630B7DF4-828F-4E67-99AD-A85555A0506C.jpg?v=1770545212,1,active,Custom Sneakers,
nike-air-force-1-x-nfl-philadelphia-eagles,,,,,,,,,https://cdn.shopify.com/s/files/1/0754/4094/7522/files/A3A22C19-0921-4EDF-B242-86ED0E7A1FF1.jpg?v=1770545212,2,,,
nike-air-force-1-x-nfl-philadelphia-eagles,,,,,,,,,https://cdn.shopify.com/s/files/1/0754/4094/7522/files/BE5E4E78-463C-4864-B9C4-7CC71F9A7062.jpg?v=1770545212,3,,,
nike-air-force-1-x-nfl-philadelphia-eagles,,,,,,,,,https://cdn.shopify.com/s/files/1/0754/4094/7522/files/B6EDE852-9CC1-40AC-BCA7-69BAB2F43BDE.jpg?v=1770545212,4,,,
nike-air-force-1-x-one-piece-luffy-x-zoro,One Piece - Luffy x Zoro x Nike Air Force 1,"Introducing our unique and eye-catching Custom Hand Painted Nike Sneakers! These sneakers are the perfect colorway of style, art, and personalisation, making them a must-have for any sneaker-head or fashion enthusiast. Made on 100% Original Nike sneakers , our custom hand painted designs are durable and long-lasting. The high-quality materials used ensure that your sneakers will maintain their vibran",Knickgasm,Nike Air force 1,"anime, anime art, anime shoes india, Anime-inspired sneakers, best seller, Brook, chinese, custom anime shoes india, custom anime sneaker india, custom nike shoes india, custom nike sneakers, custom shoes india, featured, luffy, Luffy gear 5, Nami, Nike, nike air force 1, nike air force 1 white, one, one piece, one piece custom, pirate, prepaid, Robin, Sanji, skull, Tony Tony Chopper, Usopp, zoro",TRUE,216.11,312.26,https://cdn.shopify.com/s/files/1/0754/4094/7522/files/27B8A23B-5128-412E-A9C2-12583E580C27.jpg?v=1768760745,1,active,Custom Sneakers,
nike-air-force-1-x-one-piece-luffy-x-zoro,,,,,,,,,https://cdn.shopify.com/s/files/1/0754/4094/7522/files/22552FAF-B977-40AF-8580-2529503FB09E.jpg?v=1768760745,2,,,
nike-air-force-1-x-one-piece-luffy-x-zoro,,,,,,,,,https://cdn.shopify.com/s/files/1/0754/4094/7522/files/2AB7A691-4B0F-483F-AACC-1519FF26FF8A.jpg?v=1768760746,3,,,
nike-air-force-1-x-one-piece-luffy-x-zoro,,,,,,,,,https://cdn.shopify.com/s/files/1/0754/4094/7522/files/225B4B9A-5D84-4A5F-AF15-F250F12E10DD.jpg?v=1768760745,4,,,
nike-air-force-1-x-one-piece-luffy-x-zoro,,,,,,,,,https://cdn.shopify.com/s/files/1/0754/4094/7522/files/5D363A75-8C7D-4040-B9F7-32C841B353DF.jpg?v=1768760745,5,,,
nike-air-force-1-x-one-piece-luffy-x-zoro,,,,,,,,,https://cdn.shopify.com/s/files/1/0754/4094/7522/files/2BEBB763-0A84-4172-B1EB-222317BA3828.jpg?v=1768760745,6,,,
nike-air-force-1-x-one-piece-luffy-x-zoro,,,,,,,,,https://cdn.shopify.com/s/files/1/0754/4094/7522/files/1BA151C3-8500-4213-A46E-CF0ADDFBE0A9.jpg?v=1768760745,7,,,
nike-air-force-1-x-one-piece-luffy-x-zoro,,,,,,,,,https://cdn.shopify.com/s/files/1/0754/4094/7522/files/7ED8B126-3263-48AD-99AE-AEF44A10DBB3.jpg?v=1768760745,8,,,
nike-air-max-x-nebula,Nebula x Nike Air Max,"Step into the cosmos with the Nike Air Max x Nebula , a custom sneaker inspired by deep space, electric energy, and futuristic motion . Designed with rich galaxy blues, lightning-like accents, and a dripping swoosh effect , this pair captures the raw power of a nebula frozen in motion. Each pair is crafted on 100% original Nike Air Max sneakers and customized using high-quality, water-resistant an",Knickgasm,Nike Air Max,"Aura, best seller, blue, drip, featured, galaxy, Nebula, Nike Air Max, Pattern, prepaid, space, Splash, stars, universe",TRUE,203.43,255.99,https://cdn.shopify.com/s/files/1/0754/4094/7522/files/A1FAC8EC-1E4A-4C4D-B50A-EDE72E22DEAA.jpg?v=1767388715,1,active,Custom Sneakers,
nike-air-max-x-nebula,,,,,,,,,https://cdn.shopify.com/s/files/1/0754/4094/7522/files/3A63067F-112A-4653-9F05-5EDAC488127B.jpg?v=1767388715,2,,,
nike-air-max-x-nebula,,,,,,,,,https://cdn.shopify.com/s/files/1/0754/4094/7522/files/5952D58A-3AF9-416E-AF01-86FC6726F6AF.jpg?v=1767388715,3,,,
nike-air-max-x-nebula,,,,,,,,,https://cdn.shopify.com/s/files/1/0754/4094/7522/files/3C7F4FFA-9943-4C8C-AF31-0FCD8B0B7961.jpg?v=1767388715,4,,,
nike-air-max-x-nebula,,,,,,,,,https://cdn.shopify.com/s/files/1/0754/4094/7522/files/F9239793-B0CC-431F-97C8-39F5D5244C40.jpg?v=1767388715,5,,,
nike-air-max-x-nebula,,,,,,,,,https://cdn.shopify.com/s/files/1/0754/4094/7522/files/52807A45-1028-4AD8-A85A-DAE4D2F27EF3.jpg?v=1767388715,6,,,
nike-air-max-x-nebula,,,,,,,,,https://cdn.shopify.com/s/files/1/0754/4094/7522/files/DB843FAB-D5A6-4A76-95EC-A50DEFA5848B.jpg?v=1767388715,7,,,
nike-air-force-1-x-jagermeister-1,Jägermeister x Nike Air Force 1,"Nike Air Force 1 – Jägermeister Edition 🦌 Made on 100% Authentic Nike | Water &amp; Scratch Resistant | Limited Edition | Ships Worldwide Step into the spirit of bold design with the Nike Air Force 1 x Jägermeister custom sneakers — a collector’s dream where streetwear meets premium craftsmanship. This limited-edition design draws inspiration from the iconic Jägermeister branding, featuring its si",Knickgasm,Nike Air force 1,"Alcohol, best seller, Bottle, Brand, Deer, featured, green, Jagermeister, Low top, Vodka, Whisky",TRUE,204.69,280.62,https://cdn.shopify.com/s/files/1/0754/4094/7522/files/47031DD2-04E3-4DFB-B277-70B95C7DA816.jpg?v=1767097034,1,active,Custom Sneakers,
nike-air-force-1-x-jagermeister-1,,,,,,,,,https://cdn.shopify.com/s/files/1/0754/4094/7522/files/D509FA20-9DC9-49A9-AAB6-982DE5DB567F.jpg?v=1767097406,2,,,
nike-air-force-1-x-jagermeister-1,,,,,,,,,https://cdn.shopify.com/s/files/1/0754/4094/7522/files/E721074C-24D9-4B00-9E17-E84BD8352185.jpg?v=1767097406,3,,,
nike-air-force-1-x-jagermeister-1,,,,,,,,,https://cdn.shopify.com/s/files/1/0754/4094/7522/files/09253332-4401-4F8C-BEDF-026BEF24A5DC.jpg?v=1767097406,4,,,
nike-air-force-1-x-jagermeister-1,,,,,,,,,https://cdn.shopify.com/s/files/1/0754/4094/7522/files/121135AC-242C-475A-B500-24283F6526C7.jpg?v=1767097406,5,,,
nike-air-force-1-x-jagermeister-1,,,,,,,,,https://cdn.shopify.com/s/files/1/0754/4094/7522/files/41623F47-2624-4219-A67B-4C92DC0709BD.jpg?v=1767097406,6,,,
nike-air-force-1-x-venom-green-drip,Venom Drip x Nike Air Force 1,"Step into the dark side of style with the Nike Air Force 1 x Venom (Green) Drip. This bold custom features a radioactive venom-inspired green swoosh with black liquid drip detailing, paired with a chaotic green + black splatter midsole that makes every step look explosive. Designed for those who love streetwear with attitude, this pair turns the classic Air Force 1 into a powerful statement piece ",Knickgasm,Nike Air force 1,"cartoon, Comic, custom nike shoes india, custom nike sneakers, drip, drop, droplet, Dual bleed, featured, green, green swoosh, latest, Nike, nike air force 1, nike air force 1 white, nike shoes, prepaid, Sketch, Sketchup, Splatter, swoosh, Venom",TRUE,132.80,177.06,https://cdn.shopify.com/s/files/1/0754/4094/7522/files/69ED9D3F-D799-4567-BD5F-430186E33D5C.jpg?v=1764862719,1,active,Custom Sneakers,
nike-air-force-1-x-venom-green-drip,,,,,,,,,https://cdn.shopify.com/s/files/1/0754/4094/7522/files/BA3C9CB6-F0DF-4311-B0E1-6B5BF9CB48CE.jpg?v=1764862719,2,,,
nike-air-force-1-x-venom-green-drip,,,,,,,,,https://cdn.shopify.com/s/files/1/0754/4094/7522/files/09681881-1899-4E63-ABA0-35A202DD3CAD.jpg?v=1764862718,3,,,
nike-air-force-1-x-venom-green-drip,,,,,,,,,https://cdn.shopify.com/s/files/1/0754/4094/7522/files/3E6C003E-3041-4C9B-9084-CC8A149F52D6.jpg?v=1764862719,4,,,
nike-court-vision-x-red-cartoon,Red Cartoon x Nike Court Vision,"Introducing our unique and eye-catching Custom Hand Painted Nike Sneakers! These sneakers are the perfect colorway of style, art, and personalisation, making them a must-have for any sneaker-head or fashion enthusiast. Each pair of Custom Hand Painted Nike Court Vision x Red Cartoon Sneakers is meticulously hand crafted by our skilled artists and sneaker designers who colorway their creativity and talen",Knickgasm,Nike Court Vision,"cartoon, cool custom, custom nike shoes india, custom nike sneakers, custom shoes india, featured, lines, Nike, nike court vision, nike red, nike shoes, prepaid, red",TRUE,123.90,147.50,https://cdn.shopify.com/s/files/1/0754/4094/7522/files/B3C481E1-16DB-40A1-B4EB-4772530C1CB4.jpg?v=1763704136,1,active,Custom Sneakers,
nike-court-vision-x-red-cartoon,,,,,,,,,https://cdn.shopify.com/s/files/1/0754/4094/7522/files/14AFE547-E8D8-4977-BE42-26BFBF28E36F.jpg?v=1763704136,2,,,
nike-court-vision-x-red-cartoon,,,,,,,,,https://cdn.shopify.com/s/files/1/0754/4094/7522/files/5B583CA8-A7B7-4561-A68B-3652EEF8B502.jpg?v=1763704136,3,,,
nike-court-vision-x-red-cartoon,,,,,,,,,https://cdn.shopify.com/s/files/1/0754/4094/7522/files/94EB402C-E38F-46A1-B16E-3D99156B62F5.jpg?v=1763704136,4,,,
adidas-sambas-x-pet-dog,Doggo x Adidas Sambas,"These Adidas Sambas x Pet Dog customs are fully customisable — we can paint any pet, from dogs and cats to birds or even multiple pets together. Just share your pet’s photo, and our artists will transform it into a hand-painted masterpiece on the iconic Adidas Samba silhouette. This pair features a beautifully detailed dog portrait, complemented with subtle paw-print accents that add warmth and pe",Knickgasm,Adidas,"Adidas, Adidas sambas, Adidas sneakers india, Custom adidas sneakers, Custom dog, Cute, Dog shoes, Dogs, green, green pastel, Paws, Pet, prepaid, Sambas, stripes",TRUE,203.43,255.28,https://cdn.shopify.com/s/files/1/0754/4094/7522/files/7CBD494F-9606-4830-8CD1-A51161E5DC10.jpg?v=1763461033,1,active,Custom Sneakers,
adidas-sambas-x-pet-dog,,,,,,,,,https://cdn.shopify.com/s/files/1/0754/4094/7522/files/49B37FBD-6C63-4CD1-BAB8-F6BD1A4C76F3.jpg?v=1763461033,2,,,
adidas-sambas-x-pet-dog,,,,,,,,,https://cdn.shopify.com/s/files/1/0754/4094/7522/files/B9CF4F6C-F804-4C67-997F-123F4E63A091.jpg?v=1763461033,3,,,
adidas-sambas-x-pet-dog,,,,,,,,,https://cdn.shopify.com/s/files/1/0754/4094/7522/files/840B4FCF-4236-4821-94FA-9FEAC883FD05.jpg?v=1763461033,4,,,
adidas-sambas-x-pet-dog,,,,,,,,,https://cdn.shopify.com/s/files/1/0754/4094/7522/files/68D4ED32-0447-4752-8A81-641E27BB3D94.jpg?v=1763461033,5,,,
nike-air-force-1-x-virat-kohli-2,Virat Kohli x Nike Air Force 1,"Introducing our unique and eye-catching Custom Hand Painted Nike Sneakers! These sneakers are the perfect colorway of style, art, and personalisation, making them a must-have for any sneaker-head or fashion enthusiast. Each pair of Custom Hand Painted Nike Sneakers is meticulously hand crafted by our skilled artists and sneaker designers who colorway their creativity and talent together to every sneaker",Knickgasm,Nike Air force 1,"18, captain, cool custom, cricket, Custom cricket, custom nike shoes india, custom nike sneakers, custom shoes india, goat, india, indian cricket team, Ipl, king, kohli, Nike, nike air force 1, nike air force 1 white, nike shoes, prepaid, Rcb, Royal challengers bangalore, sports, Sportsman, Virat",TRUE,179.62,239.49,https://cdn.shopify.com/s/files/1/0754/4094/7522/files/7AEB6383-CD6A-4732-9924-037C3C0E21D2.jpg?v=1762260018,1,active,Custom Sneakers,
adidas-sambas-x-messi,Messi x Adidas Sambas,"Introducing our unique and eye-catching Custom Hand Painted Adidas Sneakers! With Messi Theme Custom These sneakers are the perfect colorway of style, art, and personalisation, making them a must-have for any sneaker-head or fashion enthusiast. Argentina custom football adidas sambas Made on 100% Original Adidas sneakers , our custom hand painted designs are durable and long-lasting. The high-quality",Knickgasm,Adidas,"Adidas, Adidas sneakers india, Argentina, Barca, Barcelona, Custom adidas sneakers, Custom samba, Fifa, Football, Football shoes, goat, legend, Legends, Lionel, messi, Miami, prepaid, Sambas, sports, Sportsman, World pair",TRUE,203.43,255.28,https://cdn.shopify.com/s/files/1/0754/4094/7522/files/20E0E2EE-FF45-4AFC-A0A6-E47288F0D78E.jpg?v=1762250847,1,active,Custom Sneakers,
adidas-sambas-x-messi,,,,,,,,,https://cdn.shopify.com/s/files/1/0754/4094/7522/files/C9B9C43D-AE66-48BD-8F33-CAC8D287D34B.jpg?v=1762250847,2,,,
nike-air-force-1-x-scuderia-ferrari-1,Scuderia Ferrari x Nike Air Force 1,"Introducing our unique and eye-catching Custom Nike Air Force 1 inspired by Scuderia Ferrari Formula 1 Custom. Each pair of Custom Hand Painted Nike Sneakers is meticulously hand crafted by our skilled artists and sneaker designers who colorway their creativity and talent together to every sneaker. These sneakers are made to order, allowing you to choose from a wide range of designs, colors, and them",Knickgasm,Nike Air force 1,"Car, Carlos Sainz, Charles Leclerc and Carlos Sainz Scuderia Ferrari Formula 1, custom nike shoes india, custom nike sneakers, Dts, F1, Ferrari, Formula one, Lewis hamilton, Nike, nike air force 1, nike red, prepaid, Race car, red, Speed, Supercar, teal",TRUE,179.62,239.49,https://cdn.shopify.com/s/files/1/0754/4094/7522/files/23FFF728-E18B-4C8B-8754-6883254AA2E3.jpg?v=1762251116,1,active,Custom Sneakers,
nike-air-force-1-x-adam-x-dollar,Smart Money x Nike Air Force 1,"Nike Air Force 1 x Smart Money Work Smart. Hustle Hard. Make Every Move Count. The Smart Money AF1 celebrates the grind that’s backed by vision. Designed for those who chase wealth with wisdom — it’s not just about the hustle, it’s about doing it smart. Featuring hand-painted Renaissance-inspired art that symbolizes divine ambition, paired with bold “Work Smart Hustle Hard” lettering and money mot",Knickgasm,Nike Air force 1,"best seller, Cash, coin, cool custom, custom nike shoes india, custom nike sneakers, custom shoes india, dollar, donald duck, featured, gold, good luck, green, green swoosh, kids, latest, money, nike air force 1, nike shoes, note, paisa, prepaid, Prosperity, rich, Richie rick, rupee, scrooge mcduck custom shoes, Smart money, Stock market, text, The Creation of Adam, typography, Wealth",TRUE,207.03,276.03,https://cdn.shopify.com/s/files/1/0754/4094/7522/files/E9E737FE-6252-4802-AA88-FEEF4F6489C5.jpg?v=1762078672,1,active,Custom Sneakers,
nike-air-force-1-x-adam-x-dollar,,,,,,,,,https://cdn.shopify.com/s/files/1/0754/4094/7522/files/E8482C64-154A-40F3-8D1F-153DCEED6E45.jpg?v=1762078672,2,,,
nike-air-force-1-x-one-piece-zoro-x-ace,One Piece x Zoro x Ace x Nike Air Force 1,"One Piece Zoro x Ace Custom Hand Painted Nike Air Force 1 | Knickgasm Set sail with the spirit of the seas in Knickgasm’s One Piece Zoro x Ace Custom Hand Painted Nike Air Force 1 — a tribute to two of the most iconic characters from the legendary anime. Crafted on 100% authentic Nike Air Force 1s, this pair features Portgas D. Ace blazing through the fiery Swoosh on one shoe, and Ronorova Zoro cu",Knickgasm,Nike Air force 1,"Ace, anime, anime art, Anime eyes, anime shoes india, anime swoosh, Anime-inspired sneakers, Best anime sneakers, best seller, featured, fire, Japanese anime, nike air force anime, nike anime, one piece, one piece custom, one piece custom sneaker, Portugas d ace, prepaid, Ronorova zoro",TRUE,158.25,210.99,https://cdn.shopify.com/s/files/1/0754/4094/7522/files/ECB7D4EB-FBFF-47EC-9FD0-852AD3FC92B1.jpg?v=1761411683,1,active,Custom Sneakers,
nike-air-force-1-x-one-piece-zoro-x-ace,,,,,,,,,https://cdn.shopify.com/s/files/1/0754/4094/7522/files/BD85644C-1B8D-4A23-9179-3EBB899BA356.jpg?v=1761411683,2,,,
nike-air-force-1-x-one-piece-zoro-x-ace,,,,,,,,,https://cdn.shopify.com/s/files/1/0754/4094/7522/files/70BCEDAB-1AF7-44C9-95F5-FDB65360E7DD.jpg?v=1761411683,3,,,
nike-air-force-1-x-one-piece-zoro-x-ace,,,,,,,,,https://cdn.shopify.com/s/files/1/0754/4094/7522/files/267D3538-0A22-447B-91B4-FF3D079A5928.jpg?v=1761411915,4,,,
nike-air-force-1-x-one-piece-zoro-x-ace,,,,,,,,,https://cdn.shopify.com/s/files/1/0754/4094/7522/files/36C82A7E-3378-4DB6-AD77-398338BDB0AA.jpg?v=1761411912,5,,,
nike-air-force-1-x-zlatan-ibrahimovic-x-manchester-united,Zlatan Ibrahimović x Manchester United x Nike Air Force 1,"Show your Red Devils pride with Knickgasm’s Manchester United Custom x Zlatan Ibrahimović Hand Painted Nike Air Force 1 Sneakers — the ultimate sneaker for true fans of Old Trafford. Each pair is handcrafted on 100% authentic Nike Air Force 1s , designed with the bold Manchester United red and white palette, accented by sleek black detailing. The design captures the passion, legacy, and spirit of ",Knickgasm,Nike Air force 1,"best seller, featured, Football, Manchester United, Manu, nike air force 1 white, Premier league, prepaid, Red Devils, sports, Zlatan Ibrahimović",TRUE,165.73,220.96,https://cdn.shopify.com/s/files/1/0754/4094/7522/files/01C58855-B3AC-4F50-A47D-5BF128E45D60.jpg?v=1761302420,1,active,Custom Sneakers,
nike-air-force-1-x-zlatan-ibrahimovic-x-manchester-united,,,,,,,,,https://cdn.shopify.com/s/files/1/0754/4094/7522/files/E777B031-472F-440C-A1DE-1C7522194B5B.jpg?v=1761302419,2,,,
nike-air-force-1-x-zlatan-ibrahimovic-x-manchester-united,,,,,,,,,https://cdn.shopify.com/s/files/1/0754/4094/7522/files/66F89158-511B-46F0-8128-2C2E70945EC3.jpg?v=1761302419,3,,,
nike-air-force-1-x-zlatan-ibrahimovic-x-manchester-united,,,,,,,,,https://cdn.shopify.com/s/files/1/0754/4094/7522/files/4437989A-035C-41FC-89C9-ABA14C0F31E0.jpg?v=1761302408,4,,,
nike-air-force-1-x-zlatan-ibrahimovic-x-manchester-united,,,,,,,,,https://cdn.shopify.com/s/files/1/0754/4094/7522/files/E6CE3255-BEF8-4041-A186-59DA8F1C737C.jpg?v=1761302406,5,,,
nike-air-force-1-x-zlatan-ibrahimovic-x-manchester-united,,,,,,,,,https://cdn.shopify.com/s/files/1/0754/4094/7522/files/DE9B5F92-9D31-48B9-92BD-F1C3E0F36582.jpg?v=1761302407,6,,,
nike-air-force-1-x-zlatan-ibrahimovic-x-manchester-united,,,,,,,,,https://cdn.shopify.com/s/files/1/0754/4094/7522/files/B420B913-9DA0-420E-A9E6-D7D780142A81.jpg?v=1761302392,7,,,
nike-air-force-1-x-zlatan-ibrahimovic-x-manchester-united,,,,,,,,,https://cdn.shopify.com/s/files/1/0754/4094/7522/files/38E48FE6-38DE-4B23-B993-90C383A459AA.jpg?v=1761302392,8,,,
nike-air-force-1-x-zlatan-ibrahimovic-x-manchester-united,,,,,,,,,https://cdn.shopify.com/s/files/1/0754/4094/7522/files/09443721-6575-434A-9E14-A1F3495E8097.jpg?v=1761302392,9,,,
nike-air-force-1-x-black-crystal,Black Bling x Nike Air Force 1,"Black Bling Crystal Swoosh Nike Air Force 1 | Knickgasm Add a touch of understated luxury to your look with Knickgasm’s Black Bling Crystal Swoosh Nike Air Force 1 — where classic streetwear meets refined elegance. Crafted on 100% authentic Nike Air Force 1s , this design features a hand-embellished Black Bling Crystal Swoosh that sparkles subtly under any light. Each crystal is meticulously place",Knickgasm,Nike Air force 1,"Black bling, black swoosh, Bling, Crystal, Diamond, nike air force 1, prepaid, Shiny, Svoroski, Wedding, Wedding shoes",TRUE,147.54,196.72,https://cdn.shopify.com/s/files/1/0754/4094/7522/files/DBE8CB4C-8A39-412C-9B6D-98BFDC61EF86.jpg?v=1761395354,1,active,Custom Sneakers,
nike-air-force-1-x-black-crystal,,,,,,,,,https://cdn.shopify.com/s/files/1/0754/4094/7522/files/FullSizeRender_0c3a9782-04da-4a2f-9931-ef43792a6b85.jpg?v=1761395354,2,,,
nike-air-force-1-x-black-crystal,,,,,,,,,https://cdn.shopify.com/s/files/1/0754/4094/7522/files/D49A2EC9-5CB7-4B0E-A7DC-326DAA88B3FA.jpg?v=1760978848,3,,,
nike-air-force-1-x-black-crystal,,,,,,,,,https://cdn.shopify.com/s/files/1/0754/4094/7522/files/58A9A004-8F29-4E7F-B6F4-CA6DB144675E.jpg?v=1760978848,4,,,
nike-air-force-1-x-black-crystal,,,,,,,,,https://cdn.shopify.com/s/files/1/0754/4094/7522/files/18F6DD6D-C821-45F5-B51B-31BC874538A7.jpg?v=1760978906,5,,,
nike-air-force-1-x-black-crystal,,,,,,,,,https://cdn.shopify.com/s/files/1/0754/4094/7522/files/2F2039E0-ED89-4255-8C1D-2FDB046FEEF3.jpg?v=1760978906,6,,,
nike-air-force-1-x-manchester-united,Manchester United F.C. x Nike Air Force 1,"Show your Red Devils pride with Knickgasm’s Manchester United Custom Hand Painted Nike Air Force 1 Sneakers — the ultimate sneaker for true fans of Old Trafford. Each pair is handcrafted on 100% authentic Nike Air Force 1s , designed with the bold Manchester United red and white palette, accented by sleek black detailing. The design captures the passion, legacy, and spirit of one of the world’s gr",Knickgasm,Nike Air force 1,"Football, Manchester United, Manu, nike air force 1 white, Premier league, prepaid, Red Devils, sports",TRUE,147.54,196.72,https://cdn.shopify.com/s/files/1/0754/4094/7522/files/FullSizeRender_c341cc91-014f-47da-894b-04516620fbb9.jpg?v=1785616739,1,active,Custom Sneakers,
nike-air-force-1-x-manchester-united,,,,,,,,,https://cdn.shopify.com/s/files/1/0754/4094/7522/files/F088497A-D442-49AB-937C-9461E81890B9.jpg?v=1760600454,2,,,
nike-air-force-1-x-coffee-brown-swoosh,Coffee Cartoon (Brown Swoosh) x Nike Air Force 1,"Introducing our unique and eye-catching Custom Hand Painted Nike Sneakers! These sneakers are the perfect colorway of style, art, and personalisation, making them a must-have for any sneaker-head or fashion enthusiast. This is dipped into raw coffee therefore few raw coffee marks and punch marks might be there. Each pair of Custom Hand Painted Nike Sneakers is meticulously hand crafted by our skilled",Knickgasm,Nike Air force 1,"big laces, brown, Brown swoosh, chirag, coffe, coffee, custom nike shoes india, custom nike sneakers, dip, featured, laces, Nike, nike air force 1, nike air force 1 white, nike coffee, nike shoes, prepaid, rope, thick",TRUE,147.54,196.72,https://cdn.shopify.com/s/files/1/0754/4094/7522/files/8F4626B3-C50E-44AC-8047-672178D3A934.jpg?v=1781896113,1,active,Custom Sneakers,
nike-air-force-1-x-naruto-x-madara,Naruto : Madara x Nike Air Force 1,"Naruto x Madara Custom Hand Painted Nike Air Force 1 | Knickgasm Unleash your inner shinobi with Knickgasm’s Naruto x Madara Custom Hand Painted Nike Air Force 1 Sneakers, featuring the legendary Susanoo and Kurama — two of the most powerful entities from the Naruto universe. Each pair is crafted on 100% authentic Nike Air Force 1s and hand-painted by our skilled artists, blending anime artistry w",Knickgasm,Nike Air force 1,"anime, anime art, anime shoes india, Anime-inspired sneakers, custom anime shoes india, custom anime sneaker india, custom nike shoes india, custom nike sneakers, eyes, fire, flames, Kurama, madara, naruto, Naruto cosplay shoes, Naruto custom sneakers, naruto eyes, naruto shppuden, naruto swoosh, Naruto Uzumaki, Nike, nike air force 1, nike air force 1 white, nike air force anime, nike anime, nike shoes, prepaid, susano, thunder",TRUE,222.39,296.51,https://cdn.shopify.com/s/files/1/0754/4094/7522/files/BA05DE06-4C88-419E-BE35-1BC141D24C60.jpg?v=1760285910,1,active,Custom Sneakers,
nike-air-force-1-x-naruto-x-madara,,,,,,,,,https://cdn.shopify.com/s/files/1/0754/4094/7522/files/12E1B1F5-922A-4B71-BC94-39CFB7B52048.jpg?v=1760285909,2,,,
nike-air-force-1-x-naruto-x-madara,,,,,,,,,https://cdn.shopify.com/s/files/1/0754/4094/7522/files/C7A34FEC-7927-4DBC-8B5E-E394DCE2787A.jpg?v=1760285909,3,,,
nike-air-force-1-x-naruto-x-madara,,,,,,,,,https://cdn.shopify.com/s/files/1/0754/4094/7522/files/45B2A83D-D9F4-4175-B15B-E1C5D0B3BFFB.jpg?v=1760285909,4,,,
nike-air-force-1-x-naruto-x-madara,,,,,,,,,https://cdn.shopify.com/s/files/1/0754/4094/7522/files/3FBF5A7A-E194-437E-8652-09705B798677.jpg?v=1760285909,5,,,
nike-air-force-1-x-naruto-x-madara,,,,,,,,,https://cdn.shopify.com/s/files/1/0754/4094/7522/files/6C5E1E79-D765-4B5D-BD5A-BCFCAE0746CF.jpg?v=1760285909,6,,,
nike-air-force-1-x-naruto-x-madara,,,,,,,,,https://cdn.shopify.com/s/files/1/0754/4094/7522/files/93ED8E9D-7049-4E34-AFFA-876D2EDBE13D.jpg?v=1760285909,7,,,
nike-air-force-1-x-patch-swoosh-1,Patch Swoosh x Nike Air Force 1,"Custom AIR FORCE 1 x Patch Swoosh Embroidered Swoosh with velcro embroidered swooshes. The hook and loop velcro is very strong, you will never have to worry about falling off . You can change the designs as per your outfit and liking. Made on 100% Original Nike sneakers Discover our Custom Sneakers - the ideal option for those seeking statement footwear to express their individuality, give a speci",Knickgasm,Nike Air force 1,"changeable, Changeable swooshes, embroidered swooshes, nike air force 1, nike air force 1 white, Patch swoosh, prepaid, velcro swooshes",TRUE,115.47,153.97,https://cdn.shopify.com/s/files/1/0754/4094/7522/files/D67BDDEA-A7C2-4892-A160-E9C6B3ADFE0E.jpg?v=1760217432,1,active,Custom Sneakers,
nike-air-force-1-x-patch-swoosh-1,,,,,,,,,https://cdn.shopify.com/s/files/1/0754/4094/7522/files/BDEE7EAB-DC55-4DDF-B38A-3E0743DEB116.jpg?v=1760217432,2,,,
nike-air-force-1-x-patch-swoosh-1,,,,,,,,,https://cdn.shopify.com/s/files/1/0754/4094/7522/files/IMG-7526.jpg?v=1760217829,3,,,
nike-air-force-1-x-patch-swoosh-1,,,,,,,,,https://cdn.shopify.com/s/files/1/0754/4094/7522/files/IMG-7525.jpg?v=1760217830,4,,,
nike-air-force-1-x-patch-swoosh-1,,,,,,,,,https://cdn.shopify.com/s/files/1/0754/4094/7522/files/IMG-7527.jpg?v=1760217844,5,,,
nike-air-force-1-x-blood-swoosh,Blood Swoosh x Nike Air Force 1,"Custom AIR FORCE 1 x Blood Embroidered Swoosh with velcro embroidered swooshes. The hook and loop velcro is very strong, you will never have to worry about falling off . You can change the designs as per your outfit and liking. Made on 100% Original Nike sneakers Discover our Custom Sneakers - the ideal option for those seeking statement footwear to express their individuality, give a special pres",Knickgasm,Nike Air force 1,"Blood swoosh, changeable, Changeable swooshes, embroidered swooshes, nike air force 1, nike air force 1 white, prepaid, velcro swooshes",TRUE,115.47,153.97,https://cdn.shopify.com/s/files/1/0754/4094/7522/files/EE312D4A-928B-43B3-8E1B-401018C3F2FC.jpg?v=1760216949,1,active,Custom Sneakers,
nike-air-force-1-x-blood-swoosh,,,,,,,,,https://cdn.shopify.com/s/files/1/0754/4094/7522/files/IMG-7523.jpg?v=1760217164,2,,,
nike-air-force-1-x-swoosh,Cactus Swoosh x Nike Air Force 1,"Custom AIR FORCE 1 x Cactus 🌵 Embroidered Swoosh with velcro embroidered swooshes. The hook and loop velcro is very strong, you will never have to worry about falling off . You can change the designs as per your outfit and liking. Made on 100% Original Nike sneakers Discover our Custom Sneakers - the ideal option for those seeking statement footwear to express their individuality, give a special p",Knickgasm,Nike Air force 1,"Cactus swoosh, changeable, Changeable swooshes, embroidered swooshes, nike air force 1, nike air force 1 white, prepaid, velcro swooshes",TRUE,115.47,153.97,https://cdn.shopify.com/s/files/1/0754/4094/7522/files/AC9334CE-24DD-4EC8-9D4D-1D0BC47B7F74.jpg?v=1760216844,1,active,Custom Sneakers,
nike-air-force-1-x-gengar-swoosh,Gengar Swoosh x Nike Air Force 1,"Custom AIR FORCE 1 x Gengar Pokémon Embroidered Swoosh with velcro embroidered swooshes. The hook and loop velcro is very strong, you will never have to worry about falling off . You can change the designs as per your outfit and liking. Made on 100% Original Nike sneakers Discover our Custom Sneakers - the ideal option for those seeking statement footwear to express their individuality, give a spe",Knickgasm,Nike Air force 1,"changeable, Changeable swooshes, embroidered swooshes, Gengar swoosh, nike air force 1, nike air force 1 white, prepaid, velcro swooshes",TRUE,115.47,153.97,https://cdn.shopify.com/s/files/1/0754/4094/7522/files/35C127F1-4252-491C-8BC5-5316F615A6B2.jpg?v=1760216691,1,active,Custom Sneakers,
nike-air-force-1-x-gengar-swoosh,,,,,,,,,https://cdn.shopify.com/s/files/1/0754/4094/7522/files/FullSizeRender.jpg?v=1760218219,2,,,
nike-air-force-1-x-fire-swoosh,Fire Swoosh x Nike Air Force 1,"Custom AIR FORCE 1 RAW with velcro embroidered swooshes. The hook and loop velcro is very strong, you will never have to worry about falling off . You can change the designs as per your outfit and liking. Made on 100% Original Nike sneakers Discover our Custom Sneakers - the ideal option for those seeking statement footwear to express their individuality, give a special present, or market their br",Knickgasm,Nike Air force 1,"changeable, Changeable swooshes, embroidered swooshes, Fire swoosh, nike air force 1, nike air force 1 white, prepaid, velcro swooshes",TRUE,115.47,153.97,https://cdn.shopify.com/s/files/1/0754/4094/7522/files/840507F6-87B8-4B6E-B4DD-49198F8403A7.jpg?v=1760216317,1,active,Custom Sneakers,
nike-air-force-1-x-fire-swoosh,,,,,,,,,https://cdn.shopify.com/s/files/1/0754/4094/7522/files/34F81CC3-7EEA-4549-BFC1-E4B24DC7BE63.png?v=1760216143,2,,,
nike-air-jordan-1-lows-x-captain-america-custom,Captain America Custom x Nike Air Jordan 1 Lows,"Step into the world of superheroes with Knickgasm’s Captain America Custom Hand Painted Nike Sneakers — a perfect fusion of art, fashion, and individuality. Inspired by Marvel’s iconic Avenger, Captain America, these sneakers celebrate courage, strength, and timeless style. Each pair is hand-painted on 100% original Nike sneakers by our skilled artists, using premium-quality, water and scratch-res",Knickgasm,Nike Air Jordan,"avengers, Captain America, dc, Dc India, Dc universe, Jordan, marvel, marvel fan, Nike air jordan 1 lows, nike jordan, prepaid, superhero",TRUE,225.12,300.15,https://cdn.shopify.com/s/files/1/0754/4094/7522/files/3DA502C5-C25E-434D-A642-EADCD784919F.jpg?v=1759576994,1,active,Custom Sneakers,
nike-air-jordan-1-lows-x-captain-america-custom,,,,,,,,,https://cdn.shopify.com/s/files/1/0754/4094/7522/files/A517787C-9AD1-42B5-8156-667C7CCBBD6C.jpg?v=1759576994,2,,,
nike-air-jordan-1-lows-x-captain-america-custom,,,,,,,,,https://cdn.shopify.com/s/files/1/0754/4094/7522/files/F1B9D956-A0CB-405E-84E6-C4C3C98D3029.jpg?v=1759576994,3,,,
nike-air-jordan-1-lows-x-captain-america-custom,,,,,,,,,https://cdn.shopify.com/s/files/1/0754/4094/7522/files/0E424147-6ED9-4DEB-9A44-1CF41F57EC32.jpg?v=1759576994,4,,,
nike-air-jordan-1-lows-x-captain-america-custom,,,,,,,,,https://cdn.shopify.com/s/files/1/0754/4094/7522/files/A73C232E-CFFA-47BF-8A9F-AD262FB870F5.jpg?v=1759576994,5,,,
nike-air-force-1-x-mismatched-dragon-1,Mismatched Dragon x Nike Air Force 1,"Introducing our unique and eye-catching Custom Hand Painted Nike Sneakers! These sneakers are the perfect colorway of style, art, and personalisation, making them a must-have for any sneaker-head or fashion enthusiast. Each pair of Custom Hand Painted Nike Sneakers is meticulously hand crafted by our skilled artists and sneaker designers who colorway their creativity and talent together to every sneaker",Knickgasm,Nike Air force 1,"blue, blue dragon, blue eyes, Chinese dragon, custom nike shoes india, custom nike sneakers, dragon, Nike, nike air force 1, nike air force 1 white, nike shoes, prepaid, Red dragon, Red eyes, Safire, sapphire, sapphire blue dragon, sapphire dragon, Scales, Shine, Stones",TRUE,158.25,210.99,https://cdn.shopify.com/s/files/1/0754/4094/7522/files/E2179E97-CC79-4918-A860-87275B848A90.jpg?v=1759576565,1,active,Custom Sneakers,
nike-air-force-1-x-mismatched-dragon-1,,,,,,,,,https://cdn.shopify.com/s/files/1/0754/4094/7522/files/5961431F-C630-4C00-A60C-ADE6E4E1650A.jpg?v=1759576566,2,,,
nike-air-force-1-x-mismatched-dragon-1,,,,,,,,,https://cdn.shopify.com/s/files/1/0754/4094/7522/files/2494E306-13AA-4804-80C4-B0D58896C408.jpg?v=1759576565,3,,,
nike-air-force-1-x-mismatched-dragon-1,,,,,,,,,https://cdn.shopify.com/s/files/1/0754/4094/7522/files/891C108D-5871-4AFE-97C5-2B134996E079.jpg?v=1759576566,4,,,
nike-air-force-1-x-mismatched-dragon-1,,,,,,,,,https://cdn.shopify.com/s/files/1/0754/4094/7522/files/49CA59CF-E1F3-4D1C-BB78-98C89113D0DB.jpg?v=1759576565,5,,,
nike-air-force-1-x-mismatched-dragon-1,,,,,,,,,https://cdn.shopify.com/s/files/1/0754/4094/7522/files/4DE252F5-9E3D-413A-9F49-EE516E8DDD76.jpg?v=1759576565,6,,,
nike-air-force-1-x-stitch-angel,Stitch & Angel x Nike Air Force 1,"Introducing our unique and eye-catching Custom Hand Painted Nike Air Force 1 x Angel x Stitch Cartoon Sketch up Sneakers! These sneakers are the perfect colorway of style, art, and personalisation, making them a must-have for any sneaker-head or fashion enthusiast. Each pair of Custom Hand Painted Nike Sneakers is meticulously hand crafted by our skilled artists and sneaker designers who colorway their ",Knickgasm,Nike Air force 1,"best seller, Couple, custom nike shoes india, custom nike sneakers, Disney, featured, Gift, Movie, Nike, nike air force 1, Nike air force 1 custom shoes, nike air force 1 white, nike blue, nike shoes, prepaid, stitch",TRUE,158.25,210.99,https://cdn.shopify.com/s/files/1/0754/4094/7522/files/32077F4E-6D9A-43DC-8952-D1B741374EAC.jpg?v=1759576302,1,active,Custom Sneakers,
nike-air-force-1-x-stitch-angel,,,,,,,,,https://cdn.shopify.com/s/files/1/0754/4094/7522/files/223E5EF4-117B-4796-B7AC-DEEB3E22E7F1.jpg?v=1759576302,2,,,
nike-air-force-1-x-stitch-angel,,,,,,,,,https://cdn.shopify.com/s/files/1/0754/4094/7522/files/B6D73B1F-9570-474C-A32C-9B74CB9FFC6E.jpg?v=1759576302,3,,,
nike-air-force-1-x-stitch-angel,,,,,,,,,https://cdn.shopify.com/s/files/1/0754/4094/7522/files/249A0BBE-5C39-4150-8403-6E5B5C9F8DC7.jpg?v=1759576302,4,,,
nike-air-force-1-x-stitch-angel,,,,,,,,,https://cdn.shopify.com/s/files/1/0754/4094/7522/files/642986FD-2E8F-49B3-9421-88380874A211.jpg?v=1759576302,5,,,
nike-air-force-1-x-stitch-angel,,,,,,,,,https://cdn.shopify.com/s/files/1/0754/4094/7522/files/DAAC70DC-919B-410F-8DC6-AB5FBBAFC37F.jpg?v=1759576302,6,,,
nike-air-force-1-x-stitch-angel,,,,,,,,,https://cdn.shopify.com/s/files/1/0754/4094/7522/files/2FF195DF-32E1-4F90-8CFC-266D12CA91FF.jpg?v=1759576302,7,,,
nike-air-force-1-x-inosuke-x-tanjiro-demon-slayer-custom,Inosuke : Tanjiro Demon Slayer x Nike Air Force 1,"Nike Air Force 1 x Tanjiro x Inosuke Demon Slayer Custom Sneakers – By Knickgasm Step into the world of anime with Knickgasm’s exclusive Custom Nike Air Force 1 x Tanjiro x Inosuke Demon Slayer sneakers – the ultimate fusion of premium streetwear, hand-painted art, and Japanese anime culture . Designed for sneaker lovers, anime fans, and collectors across India and worldwide, these custom kicks ar",Knickgasm,Nike Air force 1,"anime, anime art, Anime eyes, anime shoes india, Anime-inspired sneakers, Best anime sneakers, Demon slayer, Demon Slayer: Kimetsu no Yaiba, featured, fire, Hashira, Inosuke Hashibira, Mask, nike air force 1, nike air force 1 white, pig, prepaid, sword, Tanjiro Kamado, water, white shoes, White sneakers",TRUE,168.94,225.25,https://cdn.shopify.com/s/files/1/0754/4094/7522/files/BE23A8E9-CD20-4330-A2D7-86CFA6763F76.jpg?v=1758713545,1,active,Custom Sneakers,
nike-air-force-1-x-inosuke-x-tanjiro-demon-slayer-custom,,,,,,,,,https://cdn.shopify.com/s/files/1/0754/4094/7522/files/B7EC2FB9-1404-457D-B114-9BDCC4CA7585.jpg?v=1758713545,2,,,
nike-air-force-1-x-inosuke-x-tanjiro-demon-slayer-custom,,,,,,,,,https://cdn.shopify.com/s/files/1/0754/4094/7522/files/4F85438E-AECB-4F99-97D8-26ACF51A4569.jpg?v=1758713545,3,,,
nike-air-force-1-x-inosuke-x-tanjiro-demon-slayer-custom,,,,,,,,,https://cdn.shopify.com/s/files/1/0754/4094/7522/files/C31C1762-8255-4E9F-8FF7-F382E6C5A8A1.jpg?v=1758713545,4,,,
nike-air-force-1-x-pink-dior-custom,Pink Dior Custom x Nike Air Force 1,"Introducing our unique and eye-catching Custom Hand Painted Nike Sneakers! These sneakers are the perfect colorway of style, art, and personalisation, making them a must-have for any sneaker-head or fashion enthusiast. Each pair of Custom Hand Painted Nike Sneakers is meticulously hand crafted by our skilled artists and sneaker designers who colorway their creativity and talent together to every sneaker",Knickgasm,Nike Air force 1,"Brand, Dior, featured, nike air force 1, nike air force 1 white, nike shoes, Nike swoosh, pink, Pink swoosh, prepaid",TRUE,147.54,196.72,https://cdn.shopify.com/s/files/1/0754/4094/7522/files/2CAB9A98-EB68-416A-AAC0-EB546D2C46B2.jpg?v=1773254477,1,active,Custom Sneakers,
nike-air-force-1-x-pink-dior-custom,,,,,,,,,https://cdn.shopify.com/s/files/1/0754/4094/7522/files/C046AA72-B144-41C4-BEC2-99E5580C784A.png?v=1773254477,2,,,
nike-air-force-1-x-red-dior-custom,Red Dior Custom x Nike Air Force 1,"Introducing our unique and eye-catching Custom Hand Painted Nike Sneakers! These sneakers are the perfect colorway of style, art, and personalisation, making them a must-have for any sneaker-head or fashion enthusiast. Each pair of Custom Hand Painted Nike Sneakers is meticulously hand crafted by our skilled artists and sneaker designers who colorway their creativity and talent together to every sneaker",Knickgasm,Nike Air force 1,"Brand, Dior, featured, nike air force 1, nike air force 1 white, nike red, nike shoes, Nike swoosh, prepaid, red",TRUE,147.54,196.72,https://cdn.shopify.com/s/files/1/0754/4094/7522/files/93CC1ACA-7D48-4EA8-9D54-EDC8C4F3374B.jpg?v=1758369694,1,active,Custom Sneakers,
nike-air-force-1-x-red-dior-custom,,,,,,,,,https://cdn.shopify.com/s/files/1/0754/4094/7522/files/57D4BBA1-C15D-4249-993C-926BF0B5DEF8.jpg?v=1758369694,2,,,
nike-air-force-1-x-red-dior-custom,,,,,,,,,https://cdn.shopify.com/s/files/1/0754/4094/7522/files/DDB78FF1-8E3A-4FFE-A52C-7056AFF298E4.jpg?v=1758369613,3,,,
nike-air-force-1-x-red-dior-custom,,,,,,,,,https://cdn.shopify.com/s/files/1/0754/4094/7522/files/6681A6A0-D588-42C8-93D7-39D757DEF887.jpg?v=1758369694,4,,,
nike-air-force-1-x-red-dior-custom,,,,,,,,,https://cdn.shopify.com/s/files/1/0754/4094/7522/files/C1FD770A-1D1C-4E59-8F18-EFE241398268.jpg?v=1758369613,5,,,
nike-air-force-1-x-red-dior-custom,,,,,,,,,https://cdn.shopify.com/s/files/1/0754/4094/7522/files/8211740E-8537-4CF0-9E90-AEE7EBED172C.jpg?v=1758369613,6,,,
nike-air-force-1-x-black-gradient-splash,Black Gradient Splash x Nike Air Force 1,"Nike Air Force 1 x Black Gradient Splash The legendary Nike Air Force 1 gets reimagined with the Black Gradient Splash Gradient Splash Edition – a crisp white base, hand-painted Black Gradient Splash swoosh, and bold splash detailing. Fresh, vibrant, and truly one-of-a-kind, this sneaker is a statement piece for every sneakerhead. 👟 Made on 100% Original Nike Sneakers Authenticity guaranteed – we ",Knickgasm,Nike Air force 1,"Best, best seller, black, Black and white, Black and white swoosh, black swoosh, custom nike shoes india, custom nike sneakers, featured, Nike, nike air force 1, Nike air force 1 custom shoes, nike air force 1 white, nike shoes, Nike swoosh, Noir, prepaid, Splash, Splatter, Sprinkled color, Swoosh colour, Violet",TRUE,137.93,183.91,https://cdn.shopify.com/s/files/1/0754/4094/7522/files/IMG-4891.jpg?v=1761411555,1,active,Custom Sneakers,
nike-air-force-1-x-black-gradient-splash,,,,,,,,,https://cdn.shopify.com/s/files/1/0754/4094/7522/files/IMG-4885.png?v=1761411555,2,,,
nike-air-force-1-x-black-gradient-splash,,,,,,,,,https://cdn.shopify.com/s/files/1/0754/4094/7522/files/IMG-4890.jpg?v=1761411555,3,,,
nike-air-force-1-x-pastel-pink-splash,Pastel Pink Splash x Nike Air Force 1,"Nike Air Force 1 x Pastel Pink Splash The legendary Nike Air Force 1 gets reimagined with the Pastel Pink Splash Gradient Splash Edition – a crisp white base, hand-painted Pastel Pink Splash swoosh, and bold splash detailing. Fresh, vibrant, and truly one-of-a-kind, this sneaker is a statement piece for every sneakerhead. 👟 Made on 100% Original Nike Sneakers Authenticity guaranteed – we only cust",Knickgasm,Nike Air force 1,"Best, best seller, custom nike shoes india, custom nike sneakers, featured, Lilac, Lilac pastel, Nike, nike air force 1, Nike air force 1 custom shoes, nike air force 1 white, nike pastel, nike shoes, Nike swoosh, pastel, pastel nike, pastels, prepaid, purple, purple swoosh, Splash, Splatter, Sprinkled color, Swoosh colour, Violet",TRUE,137.93,183.91,https://cdn.shopify.com/s/files/1/0754/4094/7522/files/IMG-4882.png?v=1757881926,1,active,Custom Sneakers,
nike-air-force-1-x-pastel-pink-splash,,,,,,,,,https://cdn.shopify.com/s/files/1/0754/4094/7522/files/IMG-4883.png?v=1757881926,2,,,
nike-air-force-1-x-pastel-pink-splash,,,,,,,,,https://cdn.shopify.com/s/files/1/0754/4094/7522/files/IMG-4884.png?v=1757881926,3,,,
nike-air-force-1-x-pastel-purple-splash,Pastel Purple Splash x Nike Air Force 1,"Nike Air Force 1 x Pastel Purple Splash The legendary Nike Air Force 1 gets reimagined with the Pastel Purple Splash Gradient Splash Edition – a crisp white base, hand-painted Pastel Purple Splash swoosh, and bold splash detailing. Fresh, vibrant, and truly one-of-a-kind, this sneaker is a statement piece for every sneakerhead. 👟 Made on 100% Original Nike Sneakers Authenticity guaranteed – we onl",Knickgasm,Nike Air force 1,"Best, best seller, custom nike shoes india, custom nike sneakers, featured, Lilac, Lilac pastel, Nike, nike air force 1, Nike air force 1 custom shoes, nike air force 1 white, nike pastel, nike shoes, Nike swoosh, pastel, pastel nike, pastels, prepaid, purple, purple swoosh, Splash, Splatter, Sprinkled color, Swoosh colour, Violet",TRUE,137.93,183.91,https://cdn.shopify.com/s/files/1/0754/4094/7522/files/858B999F-E18D-465C-B058-46181F8CBF0E.jpg?v=1757881638,1,active,Custom Sneakers,
nike-air-force-1-x-pastel-purple-splash,,,,,,,,,https://cdn.shopify.com/s/files/1/0754/4094/7522/files/B5E4768E-A5BF-4BEA-9EE4-47F1EC3D808D.jpg?v=1757881639,2,,,
nike-air-force-1-x-pastel-purple-splash,,,,,,,,,https://cdn.shopify.com/s/files/1/0754/4094/7522/files/340347EF-CCA9-4C6E-ACAF-5D4E59D4618C.jpg?v=1757881639,3,,,
nike-air-force-1-x-pastel-blue-splash,Pastel Blue Splash x Nike Air Force 1,"Nike Air Force 1 x Pastel Blue Splash The legendary Nike Air Force 1 gets reimagined with the Pastel Blue Splash Edition – a crisp white base, hand-painted Pastel Blue Splash swoosh, and bold splash detailing. Fresh, vibrant, and truly one-of-a-kind, this sneaker is a statement piece for every sneakerhead. 👟 Made on 100% Original Nike Sneakers Authenticity guaranteed – we only customize original N",Knickgasm,Nike Air force 1,"Best, best seller, blue, custom nike shoes india, custom nike sneakers, featured, Nike, nike air force 1, Nike air force 1 custom shoes, nike air force 1 white, nike pastel, nike shoes, Nike swoosh, pastel, pastel nike, pastels, prepaid, Royal blue, Splash, Splatter, Sprinkled color, Swoosh colour",TRUE,137.93,183.91,https://cdn.shopify.com/s/files/1/0754/4094/7522/files/96553962-4D38-4FDA-9B8A-CB593A7BC929.jpg?v=1773254465,1,active,Custom Sneakers,
nike-air-force-1-x-pastel-blue-splash,,,,,,,,,https://cdn.shopify.com/s/files/1/0754/4094/7522/files/IMG-4880.png?v=1773254465,2,,,
nike-air-force-1-x-pastel-blue-splash,,,,,,,,,https://cdn.shopify.com/s/files/1/0754/4094/7522/files/IMG-4881.png?v=1773254465,3,,,
nike-air-force-1-x-purple-lilac-gradient-splash,Purple Gradient Splash x Nike Air Force 1,"Nike Air Force 1 x Purple/Lilac Gradient Splash The legendary Nike Air Force 1 gets reimagined with the Purple/Lilac Gradient Splash Gradient Splash Edition – a crisp white base, hand-painted Purple/Lilac Gradient Splash swoosh, and bold splash detailing. Fresh, vibrant, and truly one-of-a-kind, this sneaker is a statement piece for every sneakerhead. 👟 Made on 100% Original Nike Sneakers Authenti",Knickgasm,Nike Air force 1,"Best, best seller, custom nike shoes india, custom nike sneakers, featured, Gradient, Lilac, Nike, nike air force 1, Nike air force 1 custom shoes, nike air force 1 white, nike shoes, Nike swoosh, prepaid, purple, Purple gradient, purple swoosh, Splash, Splatter, Sprinkled color, Swoosh colour, Violet",TRUE,137.93,183.91,https://cdn.shopify.com/s/files/1/0754/4094/7522/files/91DDF84A-5A2C-4CDA-8B33-F7068BD239EC.png?v=1757880663,1,active,Custom Sneakers,
nike-air-force-1-x-purple-lilac-gradient-splash,,,,,,,,,https://cdn.shopify.com/s/files/1/0754/4094/7522/files/85D27B99-3CC1-40E9-A7BC-0C20F754E9D5.png?v=1757880663,2,,,
nike-air-force-1-x-purple-lilac-gradient-splash,,,,,,,,,https://cdn.shopify.com/s/files/1/0754/4094/7522/files/AAEE451E-55CF-4055-B476-833BAF3B3263.png?v=1757880662,3,,,
nike-air-force-1-x-purple-lilac-gradient-splash,,,,,,,,,https://cdn.shopify.com/s/files/1/0754/4094/7522/files/9D85DFB9-7627-42A8-8900-EA7D84C3206F.png?v=1757880662,4,,,
nike-air-force-1-x-purple-lilac-gradient-splash,,,,,,,,,https://cdn.shopify.com/s/files/1/0754/4094/7522/files/5CA52B47-4F2C-44EC-A42B-C2C35DE57F74.png?v=1757880662,5,,,
nike-air-force-1-x-red-splatter,Red Splatter x Nike Air Force 1,"Nike Air Force 1 x Red Splatter The legendary Nike Air Force 1 gets reimagined with the Red Splatter Edition – a crisp white base, hand-painted Red Splatter swoosh, and bold splash detailing. Fresh, vibrant, and truly one-of-a-kind, this sneaker is a statement piece for every sneakerhead. 👟 Made on 100% Original Nike Sneakers Authenticity guaranteed – we only customize original Nike Air Force 1s f",Knickgasm,Nike Air force 1,"Best, best seller, custom nike shoes india, custom nike sneakers, featured, Nike, nike air force 1, Nike air force 1 custom shoes, nike air force 1 white, nike red, nike shoes, Nike swoosh, prepaid, red, red swoosh, Splash, Splatter, Sprinkled color, Swoosh colour",TRUE,137.93,183.91,https://cdn.shopify.com/s/files/1/0754/4094/7522/files/F6C17090-BBA0-49D1-AF41-00B307FB6F30.jpg?v=1757879978,1,active,Custom Sneakers,
nike-air-force-1-x-red-splatter,,,,,,,,,https://cdn.shopify.com/s/files/1/0754/4094/7522/files/E63783FE-4D0B-42F5-A862-181DD209B3D9.jpg?v=1757879978,2,,,
nike-air-force-1-x-red-splatter,,,,,,,,,https://cdn.shopify.com/s/files/1/0754/4094/7522/files/CD0775CB-CC48-4127-8598-3224DFA5C579.jpg?v=1757879978,3,,,
nike-air-force-1-x-red-splatter,,,,,,,,,https://cdn.shopify.com/s/files/1/0754/4094/7522/files/9E1EF936-C26B-49B3-8231-1E0260D0A0BE.jpg?v=1757879978,4,,,
nike-air-force-1-x-red-gradient-splash,Red Gradient x Nike Air Force 1,"Nike Air Force 1 x Red Gradient Splash The legendary Nike Air Force 1 gets reimagined with the Red Gradient Splash Gradient Splash Edition – a crisp white base, hand-painted Red Gradient Splash swoosh, and bold splash detailing. Fresh, vibrant, and truly one-of-a-kind, this sneaker is a statement piece for every sneakerhead. 👟 Made on 100% Original Nike Sneakers Authenticity guaranteed – we only c",Knickgasm,Nike Air force 1,"Best, best seller, custom nike shoes india, custom nike sneakers, featured, Gradient, Nike, nike air force 1, Nike air force 1 custom shoes, nike air force 1 white, nike red, nike shoes, Nike swoosh, prepaid, red, Red black, Red gradient, red swoosh, Splash, Splatter, Sprinkled color, Swoosh colour",TRUE,137.93,183.91,https://cdn.shopify.com/s/files/1/0754/4094/7522/files/BA92C02F-FD04-4222-8F36-C3B8320703A0.png?v=1757879738,1,active,Custom Sneakers,
nike-air-force-1-x-red-black-gradient-splash,Red & Black Gradient Splash x Nike Air Force 1,"Nike Air Force 1 x Red / Black Gradient Splash The legendary Nike Air Force 1 gets reimagined with the Red / Black Gradient Splash Gradient Splash Edition – a crisp white base, hand-painted Red / Black Gradient Splash swoosh, and bold splash detailing. Fresh, vibrant, and truly one-of-a-kind, this sneaker is a statement piece for every sneakerhead. 👟 Made on 100% Original Nike Sneakers Authenticit",Knickgasm,Nike Air force 1,"Best, best seller, custom nike shoes india, custom nike sneakers, featured, Gradient, Nike, nike air force 1, Nike air force 1 custom shoes, nike air force 1 white, nike red, nike shoes, Nike swoosh, prepaid, red, Red black, Red gradient, red swoosh, Splash, Splatter, Sprinkled color, Swoosh colour",TRUE,137.93,183.91,https://cdn.shopify.com/s/files/1/0754/4094/7522/files/6FB236A4-CA60-4B22-9834-B216F7D63546.png?v=1757879192,1,active,Custom Sneakers,
nike-air-force-1-x-red-black-gradient-splash,,,,,,,,,https://cdn.shopify.com/s/files/1/0754/4094/7522/files/9376795E-FBCC-449C-827D-E45A8689859E.png?v=1757879192,2,,,
nike-air-force-1-x-red-black-gradient-splash,,,,,,,,,https://cdn.shopify.com/s/files/1/0754/4094/7522/files/955B4147-8318-4AB4-9262-586225184287.png?v=1757879192,3,,,
nike-air-force-1-x-red-black-gradient-splash,,,,,,,,,https://cdn.shopify.com/s/files/1/0754/4094/7522/files/A328956B-78E3-49C1-95B9-4AE4D7132C14.png?v=1757879009,4,,,
nike-air-force-1-x-blue-splatter,Blue Splatter x Nike Air Force 1,"Nike Air Force 1 x Blue Splatter The legendary Nike Air Force 1 gets reimagined with the Turquoise Blue Gradient Splash Edition – a crisp white base, hand-painted turquoise-to-blue gradient swoosh, and bold splash detailing. Fresh, vibrant, and truly one-of-a-kind, this sneaker is a statement piece for every sneakerhead. 👟 Made on 100% Original Nike Sneakers Authenticity guaranteed – we only custo",Knickgasm,Nike Air force 1,"Best, best seller, blue, custom nike shoes india, custom nike sneakers, featured, Nike, nike air force 1, Nike air force 1 custom shoes, nike air force 1 white, nike shoes, Nike swoosh, prepaid, Royal blue, Splash, Splatter, Sprinkled color, Swoosh colour",TRUE,137.93,183.91,https://cdn.shopify.com/s/files/1/0754/4094/7522/files/IMG-4857.jpg?v=1757878387,1,active,Custom Sneakers,
nike-air-force-1-x-blue-splatter,,,,,,,,,https://cdn.shopify.com/s/files/1/0754/4094/7522/files/IMG-4858.jpg?v=1757878388,2,,,
nike-air-force-1-x-blue-splatter,,,,,,,,,https://cdn.shopify.com/s/files/1/0754/4094/7522/files/IMG-4859.jpg?v=1757878388,3,,,
nike-air-force-1-x-blue-gradient-splash,Blue Gradient Splash x Nike Air Force 1,"Nike Air Force 1 x Turquoise Blue Gradient Splash The legendary Nike Air Force 1 gets reimagined with the Turquoise Blue Gradient Splash Edition – a crisp white base, hand-painted turquoise-to-blue gradient swoosh, and bold splash detailing. Fresh, vibrant, and truly one-of-a-kind, this sneaker is a statement piece for every sneakerhead. 👟 Made on 100% Original Nike Sneakers Authenticity guarantee",Knickgasm,Nike Air force 1,"Best, best seller, blue, Blue gradient, custom nike shoes india, custom nike sneakers, featured, Gradient, Nike, nike air force 1, Nike air force 1 custom shoes, nike air force 1 white, nike shoes, Nike swoosh, prepaid, Royal blue, Splash, Splatter, Sprinkled color, Swoosh colour, Turquoise blue",TRUE,137.93,183.91,https://cdn.shopify.com/s/files/1/0754/4094/7522/files/1E5C621F-A524-45A8-A127-05B40A96229C.jpg?v=1757880251,1,active,Custom Sneakers,
nike-air-force-1-x-blue-gradient-splash,,,,,,,,,https://cdn.shopify.com/s/files/1/0754/4094/7522/files/4A689ACB-52E0-4DED-B894-09F886BBF65E.jpg?v=1757880251,2,,,
nike-air-force-1-x-blue-gradient-splash,,,,,,,,,https://cdn.shopify.com/s/files/1/0754/4094/7522/files/1E76AB48-C4C3-4476-A1CB-ADDBA9B77F77.jpg?v=1757880251,3,,,
nike-air-force-1-x-blue-gradient-splash,,,,,,,,,https://cdn.shopify.com/s/files/1/0754/4094/7522/files/8720AE4B-3581-475A-893F-E0B51225CE21.jpg?v=1757880251,4,,,
nike-air-force-1-x-blue-gradient-splash,,,,,,,,,https://cdn.shopify.com/s/files/1/0754/4094/7522/files/CDDD91D2-8CF7-4CBD-A278-3B9909BD9E7B.png?v=1757880251,5,,,
nike-air-force-1-x-blue-gradient-splash,,,,,,,,,https://cdn.shopify.com/s/files/1/0754/4094/7522/files/8CFA7549-E5A2-4FB1-B01E-AC72D2990F8F.png?v=1757880251,6,,,
nike-air-force-1-x-blue-gradient-splash,,,,,,,,,https://cdn.shopify.com/s/files/1/0754/4094/7522/files/8480ECB7-9961-4722-B5A2-AAA75F99A655.jpg?v=1757880251,7,,,
nike-air-force-1-x-blue-gradient-splash,,,,,,,,,https://cdn.shopify.com/s/files/1/0754/4094/7522/files/37613031-5013-426F-939C-6612DEFE1247.jpg?v=1757880251,8,,,
nike-air-force-1-x-scuderia-ferrari,Scuderia Ferrari x Nike Air Force 1,"Introducing our unique and eye-catching Custom Nike Air Force 1 inspired by Scuderia Ferrari Formula 1 Custom. Each pair of Custom Hand Painted Nike Sneakers is meticulously hand crafted by our skilled artists and sneaker designers who colorway their creativity and talent together to every sneaker. These sneakers are made to order, allowing you to choose from a wide range of designs, colors, and them",Knickgasm,Nike Air force 1,"black nike shoes india, Car, Carlos Sainz, Charles Leclerc and Carlos Sainz Scuderia Ferrari Formula 1, custom nike shoes india, custom nike sneakers, Dts, F1, Ferrari, Formula one, Lewis hamilton, Nike, nike air force 1, Nike Air Force 1 black, nike air force1 black, nike black, nike black shoes, nike red, prepaid, Race car, red, Speed, Supercar, teal",TRUE,136.86,182.47,https://cdn.shopify.com/s/files/1/0754/4094/7522/files/DE05CD5D-59CA-4394-9CDE-A285D292D82F.jpg?v=1757836029,1,active,Custom Sneakers,
nike-air-force-1-x-scuderia-ferrari,,,,,,,,,https://cdn.shopify.com/s/files/1/0754/4094/7522/files/A31ECFEB-71C3-46A4-95CE-A66917E5BBF6.jpg?v=1757836029,2,,,
nike-air-force-1-x-scuderia-ferrari,,,,,,,,,https://cdn.shopify.com/s/files/1/0754/4094/7522/files/2C6B9A14-02B2-4370-B4DD-269C1B68EA3D.jpg?v=1757836029,3,,,
nike-air-force-1-x-scuderia-ferrari,,,,,,,,,https://cdn.shopify.com/s/files/1/0754/4094/7522/files/67D77C78-98F0-4574-87C1-DDC6F02C682E.jpg?v=1757836029,4,,,
nike-air-force-1-x-tanjiro-x-zenitsu,Tanjiro x Zenitsu x Nike Air Force 1,"Introducing our unique and eye-catching Custom Tenjiro x Zenistu Demon Slayer Kimetsu no Yaiba Air Force 1 Nike Sneakers! These sneakers are the perfect colorway of style, art, and personalisation, making them a must-have for any sneaker-head or fashion enthusiast. Each pair of Custom Hand Painted Nike Sneakers is meticulously hand crafted by our skilled artists and sneaker designers who colorway their ",Knickgasm,Nike Air force 1,"anime, anime art, Anime eyes, anime shoes india, anime swoosh, Anime-inspired sneakers, Best anime sneakers, best seller, blossom, blue, cherry blossom, custom anime shoes india, custom anime sneaker india, custom nike shoes india, custom nike sneakers, Demon, Demon slayer, Demon Slayer: Kimetsu no Yaiba, featured, girl, Nezuko Kamado, Nike, nike air force 1, nike air force 1 white, nike air force anime, nike anime, nike shoes, pink, prepaid, slayer, sword, Tanjiro Kamado, Tenjiro, Zenitsu Agatsuma",TRUE,168.94,225.25,https://cdn.shopify.com/s/files/1/0754/4094/7522/files/E70B2FD3-1431-4279-AF31-DAE661FC3065.jpg?v=1757194798,1,active,Custom Sneakers,
nike-air-force-1-x-tanjiro-x-zenitsu,,,,,,,,,https://cdn.shopify.com/s/files/1/0754/4094/7522/files/C90BC5D7-5C2C-40C6-86F1-C8E9249A5416.jpg?v=1757194798,2,,,
nike-air-force-1-x-tanjiro-x-zenitsu,,,,,,,,,https://cdn.shopify.com/s/files/1/0754/4094/7522/files/032B9ADB-F73C-4819-93F8-1EDA1D9D784E.jpg?v=1757194798,3,,,
nike-air-force-1-x-tanjiro-x-zenitsu,,,,,,,,,https://cdn.shopify.com/s/files/1/0754/4094/7522/files/B4AB2AAC-BE48-4817-9340-EA744A559E9F.jpg?v=1757194798,4,,,
nike-air-force-1-x-tanjiro-x-zenitsu,,,,,,,,,https://cdn.shopify.com/s/files/1/0754/4094/7522/files/7F596A07-F896-4140-A05E-CCEDBC0B2743.jpg?v=1757194798,5,,,
nike-air-force-1-x-tanjiro-x-zenitsu,,,,,,,,,https://cdn.shopify.com/s/files/1/0754/4094/7522/files/BA98D407-4BC1-44D7-9851-6C294D1B86E7.jpg?v=1757194798,6,,,
nike-air-force-1-x-samay-raina-custom-still-alive,Samay Raina Still Alive x Nike Air Force 1,"Step into originality with this one-of-one Nike Air Force 1 custom , designed exclusively for Samay Raina . Hand-painted by Knickgasm , India’s #1 sneaker customization studio, this pair is a bold statement of individuality and creativity. Design Details • Base: 100% authentic Nike Air Force 1 (Triple White) • Custom Art: Visuals inspired by Still Alive — bold, unfiltered, and unapologetic • Accen",Knickgasm,Nike Air force 1,"Chess, custom nike shoes india, custom nike sneakers, india, India custom, India shoes, Nike, nike air force 1, Nike air force 1 custom shoes, nike air force 1 white, nike red, nike shoes, prepaid, red swoosh, Samay raina, Splash, Splatter, SR, Stand up, UNFILTERED",TRUE,158.25,210.99,https://cdn.shopify.com/s/files/1/0754/4094/7522/files/75A44902-7924-4052-9A83-0DA953CD20A9.jpg?v=1756541556,1,active,Custom Sneakers,
nike-air-force-1-x-samay-raina-custom-still-alive,,,,,,,,,https://cdn.shopify.com/s/files/1/0754/4094/7522/files/F9770B69-3B17-4D1F-9125-E3FDE3DCE467.jpg?v=1756541556,2,,,
nike-air-force-1-x-samay-raina-custom-still-alive,,,,,,,,,https://cdn.shopify.com/s/files/1/0754/4094/7522/files/9D7DC341-ABEF-477F-AB10-D12669493242.jpg?v=1756541556,3,,,
nike-air-force-1-x-samay-raina-custom-still-alive,,,,,,,,,https://cdn.shopify.com/s/files/1/0754/4094/7522/files/967FA3B1-4352-4AA2-831F-F7D37FD97201.jpg?v=1756541556,4,,,
nike-air-force-1-x-samay-raina-custom-still-alive,,,,,,,,,https://cdn.shopify.com/s/files/1/0754/4094/7522/files/B8FA14D5-8ADC-4F9D-87E0-0EF824504150.jpg?v=1756541556,5,,,
nike-air-force-1-x-samay-raina-custom-still-alive,,,,,,,,,https://cdn.shopify.com/s/files/1/0754/4094/7522/files/DD5EC923-FA87-4FA7-8F70-7952BA7F3738.jpg?v=1756541556,6,,,
nike-air-force-1-x-samay-raina-custom-still-alive,,,,,,,,,https://cdn.shopify.com/s/files/1/0754/4094/7522/files/D7C33F34-1CC8-4FCB-8DBA-DAA01CB901B0.jpg?v=1756541556,7,,,
nike-air-force-1-x-samay-raina-custom-still-alive,,,,,,,,,https://cdn.shopify.com/s/files/1/0754/4094/7522/files/9CE7E1E7-E90C-4E5F-9644-2E2FC229FB82.jpg?v=1756541595,8,,,
nike-air-force-1-x-samay-raina-custom-still-alive,,,,,,,,,https://cdn.shopify.com/s/files/1/0754/4094/7522/files/3DF599D5-0E04-4C6A-878C-CC13D68E553A.jpg?v=1756541595,9,,,
nike-air-force-1-x-luffy-zoro-one-piece-1,Luffy x Zoro x Nike Air Force 1,"Set sail with the Nike Air Force 1 x One Piece Custom Sneaker , exclusively by Knickgasm. Each pair starts with 100% original Nike Air Force 1s, customized to perfection with hand-painted One Piece anime artwork. Featuring Monkey D. Luffy, Zoro, Sanji, and the Straw Hat crew, this sneaker is a wearable manga panel that brings your favorite anime to life. What makes it legendary? 🔥 Waterproof, scra",Knickgasm,Nike Air force 1,"anime, anime art, Anime eyes, anime shoes india, Anime-inspired sneakers, best seller, Brook, chinese, custom anime shoes india, custom anime sneaker india, custom nike shoes india, custom nike sneakers, custom shoes india, eyes, featured, luff, luffy, Luffy gear 5, Nami, Nike, nike air force 1, nike air force 1 white, one, one piece, one piece custom, one piece custom sneaker, pirate, prepaid, Robin, Ronorova zoro, Sanji, skull, Story, Tony Tony Chopper, Usopp, zoro",TRUE,181.83,268.01,https://cdn.shopify.com/s/files/1/0754/4094/7522/files/9E74F21E-BC78-44F6-9C2F-11F735B6A513.jpg?v=1756376077,1,active,Custom Sneakers,
nike-air-force-1-x-luffy-zoro-one-piece-1,,,,,,,,,https://cdn.shopify.com/s/files/1/0754/4094/7522/files/4C6F7280-236C-4FA3-B1C8-58C10BD12653.jpg?v=1756376077,2,,,
nike-air-force-1-x-luffy-zoro-one-piece-1,,,,,,,,,https://cdn.shopify.com/s/files/1/0754/4094/7522/files/DAA04D11-F74E-413D-9478-9876DAA4D687.jpg?v=1756376078,3,,,
nike-air-force-1-x-luffy-zoro-one-piece-1,,,,,,,,,https://cdn.shopify.com/s/files/1/0754/4094/7522/files/54A6F474-F10A-4E0D-BF17-E2B60A76E9C7.jpg?v=1756376114,4,,,
nike-air-force-1-x-luffy-zoro-one-piece-1,,,,,,,,,https://cdn.shopify.com/s/files/1/0754/4094/7522/files/A8F06FE0-D510-4BEF-B95A-6B886513F887.jpg?v=1756376114,5,,,
nike-air-force-1-x-luffy-zoro-one-piece-1,,,,,,,,,https://cdn.shopify.com/s/files/1/0754/4094/7522/files/F7F6A06C-4DD7-426D-A78A-5E7A7630ED8F.jpg?v=1756376077,6,,,
nike-air-force-1-x-speak-now-taylor-s-version,Taylor’s Version (Speak Now) x Nike Air Force 1,"💜 Step into the next chapter – Speak Now (Taylor’s Version), hand-painted on the timeless Air Force 1. Celebrate the magic of Taylor’s storytelling with the Nike Air Force 1 x Speak Now (Taylor’s Version) Custom by Knickgasm. This pair captures the essence of the era with lavender tones, hand-drawn guitars, fairytale castles, fireworks, and the unforgettable words — “long live all the magic we mad",Knickgasm,Nike Air force 1,"1989, album, best seller, blue, custom nike shoes india, custom nike sneakers, custom shoes india, Era, featured, Lavender, light blue, Lover, music, Nike, nike air force 1, nike air force 1 white, nike blue, nike shoes, Now, prepaid, Singer, sky blue, Speak, Swift, Swifty, Taylor, Taylor swift, Taylor swift custom shoes, Taylors version, Tour",TRUE,158.25,210.99,https://cdn.shopify.com/s/files/1/0754/4094/7522/files/3516DE42-B648-4DAA-9337-51CF136E2409.jpg?v=1757194718,1,active,Custom Sneakers,
nike-air-force-1-x-speak-now-taylor-s-version,,,,,,,,,https://cdn.shopify.com/s/files/1/0754/4094/7522/files/B7A0C5B6-4034-4007-A736-55A6E7C7CECB.jpg?v=1763931476,2,,,
nike-air-force-1-x-speak-now-taylor-s-version,,,,,,,,,https://cdn.shopify.com/s/files/1/0754/4094/7522/files/546F8425-C878-43E0-AF76-57348DA19176.jpg?v=1763931476,3,,,
nike-air-force-1-x-speak-now-taylor-s-version,,,,,,,,,https://cdn.shopify.com/s/files/1/0754/4094/7522/files/E1560DED-464C-41C6-8754-C5BD21139F2D.jpg?v=1763931476,4,,,
nike-air-force-1-x-speak-now-taylor-s-version,,,,,,,,,https://cdn.shopify.com/s/files/1/0754/4094/7522/files/D1BE15AF-49AF-4A1A-AF7D-215E6C017AF9.jpg?v=1763931476,5,,,
nike-air-force-1-x-speak-now-taylor-s-version,,,,,,,,,https://cdn.shopify.com/s/files/1/0754/4094/7522/files/F3CF5E38-70E5-4E20-B247-5CA017B5DFB4.jpg?v=1763931476,6,,,
nike-air-force-1-x-speak-now-taylor-s-version,,,,,,,,,https://cdn.shopify.com/s/files/1/0754/4094/7522/files/799000BC-85E7-4BAB-8BEE-9E831F14D769.jpg?v=1763931476,7,,,
nike-air-force-1-x-speak-now-taylor-s-version,,,,,,,,,https://cdn.shopify.com/s/files/1/0754/4094/7522/files/2FB5F827-3821-4E0D-BFF8-14007E3426E2.jpg?v=1763931476,8,,,
nike-air-force-1-x-speak-now-taylor-s-version,,,,,,,,,https://cdn.shopify.com/s/files/1/0754/4094/7522/files/7E068E1B-D748-43AB-AA2D-D95EB69FBD90.jpg?v=1763931476,9,,,
nike-air-force-1-x-speak-now-taylor-s-version,,,,,,,,,https://cdn.shopify.com/s/files/1/0754/4094/7522/files/FA68A289-BD3B-4390-AB48-73DF3F6953DB.jpg?v=1763931476,10,,,
nike-air-force-1-x-scrooge-mcduck-x-louis-vuitton-custom,Scrooge McDuck Custom x Nike Air Force 1,"Step into wealth and style with our Scrooge McDuck Custom Nike Air Force 1 sneakers 💰 Each pair is hand-painted on 100% authentic Nike Air Force 1s, featuring the iconic Disney character Scrooge McDuck diving into piles of gold coins. Designed to stand out, these sneakers combine premium craftsmanship with playful nostalgia. ✔️ 100% Original Nike Air Force 1 base ✔️ Water &amp; scratch resistant a",Knickgasm,Nike Air force 1,"cartoon, coin, cool custom, custom nike shoes india, custom nike sneakers, custom shoes india, Disney, dollar, donald duck, featured, gold, good luck, green, kids, latest, Louis vitton, money, nike air force 1, nike shoes, note, paisa, prepaid, rich, rupee, scrooge mcduck custom shoes",TRUE,184.17,276.03,https://cdn.shopify.com/s/files/1/0754/4094/7522/files/IMG-2801.jpg?v=1756148735,1,active,Custom Sneakers,
nike-air-force-1-x-scrooge-mcduck-1,Scrooge McDuck x Nike Air Force 1,"Step into wealth and style with our Scrooge McDuck Custom Nike Air Force 1 sneakers 💰 Each pair is hand-painted on 100% authentic Nike Air Force 1s, featuring the iconic Disney character Scrooge McDuck diving into piles of gold coins. Designed to stand out, these sneakers combine premium craftsmanship with playful nostalgia. ✔️ 100% Original Nike Air Force 1 base ✔️ Water &amp; scratch resistant a",Knickgasm,Nike Air force 1,"cartoon, coin, cool custom, custom nike shoes india, custom nike sneakers, custom shoes india, Disney, dollar, donald duck, featured, gold, good luck, green, kids, latest, money, nike air force 1, nike shoes, note, paisa, prepaid, rich, rupee, scrooge mcduck custom shoes",TRUE,158.97,203.43,https://cdn.shopify.com/s/files/1/0754/4094/7522/files/30C9B7CF-D823-405D-B952-87055BFFE4CE.jpg?v=1782314380,1,active,Custom Sneakers,
nike-air-force-1-x-scrooge-mcduck-1,,,,,,,,,https://cdn.shopify.com/s/files/1/0754/4094/7522/files/07D28FCE-6D7E-4C20-8C8B-8580C19EEE07.jpg?v=1782314380,2,,,
nike-air-force-1-x-scrooge-mcduck-1,,,,,,,,,https://cdn.shopify.com/s/files/1/0754/4094/7522/files/A38FBA93-B1D5-4D5F-AF0F-84E6937F697C.jpg?v=1782314380,3,,,
nike-air-force-1-x-scrooge-mcduck-1,,,,,,,,,https://cdn.shopify.com/s/files/1/0754/4094/7522/files/BAFC49BC-1114-4B40-ACDD-48BF294F3BF6.jpg?v=1782314380,4,,,
nike-air-force-1-x-scrooge-mcduck-1,,,,,,,,,https://cdn.shopify.com/s/files/1/0754/4094/7522/files/E230A90E-725D-4E09-86F4-14DD0B5DC98D.jpg?v=1782314380,5,,,
nike-air-force-1-x-scrooge-mcduck-1,,,,,,,,,https://cdn.shopify.com/s/files/1/0754/4094/7522/files/B8B824C0-687D-47B8-88D5-BF559BF3F7DB.jpg?v=1782314379,6,,,
nike-air-force-1-x-scrooge-mcduck-1,,,,,,,,,https://cdn.shopify.com/s/files/1/0754/4094/7522/files/5E98EA8E-1D54-4C50-88E1-06DEEE03875F.jpg?v=1782314380,7,,,
nike-air-force-1-x-scrooge-mcduck-1,,,,,,,,,https://cdn.shopify.com/s/files/1/0754/4094/7522/files/56DE81B8-F666-40B0-8FA6-92D24ED6234B.jpg?v=1756148333,8,,,
nike-air-force-1-x-jagermeister,Jägermeister x Nike Air Force 1,"Nike Air Force 1 – Jägermeister Edition 🦌 Made on 100% Authentic Nike | Water &amp; Scratch Resistant | Limited Edition | Ships Worldwide Step into the spirit of bold design with the Nike Air Force 1 x Jägermeister custom sneakers — a collector’s dream where streetwear meets premium craftsmanship. This limited-edition design draws inspiration from the iconic Jägermeister branding, featuring its si",Knickgasm,Nike Air force 1,"Alcohol, best seller, Bottle, Brand, Deer, featured, green, Jägermeister, Low top, Nike, nike air force 1, Quarter",TRUE,204.69,262.30,https://cdn.shopify.com/s/files/1/0754/4094/7522/files/4F583E60-F52C-4E1B-ACFA-312CA49736B7.jpg?v=1754678480,1,active,Custom Sneakers,
nike-air-force-1-x-jagermeister,,,,,,,,,https://cdn.shopify.com/s/files/1/0754/4094/7522/files/64DD6F8D-E8C6-45B6-8819-753DEAF0D1EB.jpg?v=1754678481,2,,,
nike-air-force-1-x-jagermeister,,,,,,,,,https://cdn.shopify.com/s/files/1/0754/4094/7522/files/1BBE72C3-FE0A-4BF8-9298-89C783D23859.jpg?v=1754680334,3,,,
nike-air-force-1-x-jagermeister,,,,,,,,,https://cdn.shopify.com/s/files/1/0754/4094/7522/files/22116FA0-2C57-4A01-A74A-4551B7EA9EDE.jpg?v=1754678480,4,,,
nike-air-force-1-x-jagermeister,,,,,,,,,https://cdn.shopify.com/s/files/1/0754/4094/7522/files/0ACA1C84-6922-4D03-B30F-28834112BA9C.jpg?v=1754678698,5,,,
nike-air-force-1-x-jagermeister,,,,,,,,,https://cdn.shopify.com/s/files/1/0754/4094/7522/files/8DAC8F7B-2E48-4D3E-8A3E-5D3041D68980.jpg?v=1754678699,6,,,
nike-air-force-1-x-jagermeister,,,,,,,,,https://cdn.shopify.com/s/files/1/0754/4094/7522/files/504C8120-9130-4A3C-8BB9-D70626D50E31.jpg?v=1754680334,7,,,
nike-air-force-1-x-dual-bleed,Blue Bleed x Nike Air Force 1,"🎨 Nike Air Force 1 – Dual Bleed (Blue) Edition Custom Hand-Painted Sneakers | Authentic Nike | Water &amp; Scratch Resistant | Made in India | Ships Worldwide Meet the Nike Air Force 1 x Dual Bleed — where streetwear meets expressive art. This handcrafted design features a striking split Swoosh in vibrant blue , with each side dripping in bold, graffiti-inspired chaos. Built for the bold, made for",Knickgasm,Nike Air force 1,"blue, blue drip, blue swoosh, cartoon, Comic, custom nike shoes india, custom nike sneakers, drip, drop, droplet, Dual bleed, featured, latest, light blue, Nike, nike air force 1, nike air force 1 white, nike blue, nike shoes, prepaid, Sketch, Sketchup, sky blue, Splatter, swoosh",TRUE,141.65,188.86,https://cdn.shopify.com/s/files/1/0754/4094/7522/files/FullSizeRender_7bed5cdd-65ee-401f-80e1-e1a2d6694848.jpg?v=1772448608,1,active,Custom Sneakers,
nike-air-force-1-x-dual-bleed,,,,,,,,,https://cdn.shopify.com/s/files/1/0754/4094/7522/files/DD026F47-4795-4B3F-A463-73A6F97E74BA.jpg?v=1772449048,2,,,
nike-air-force-1-x-dual-bleed,,,,,,,,,https://cdn.shopify.com/s/files/1/0754/4094/7522/files/C682720B-3AC8-45BE-AA4B-228E932A311A.jpg?v=1772449048,3,,,
nike-air-force-1-x-dual-bleed,,,,,,,,,https://cdn.shopify.com/s/files/1/0754/4094/7522/files/E0AD3F75-A555-4897-8081-4C75585BCA49.jpg?v=1772449048,4,,,
nike-air-force1-x-valorant,Valorant x Nike Air Force 1,"Valorant Edition – Custom Hand-Painted Nike Air Force 1 Level up your sneaker game with our exclusive Valorant-themed custom Nike Air Force 1s. Designed for true gamers and streetwear lovers, this pair pays homage to the iconic game and its sharp-edged style. 🎯 Made on 100% Authentic Nike AF1s 🎨 Hand-Painted Artwork Featuring Jett &amp; Valorant Logo 🔥 Vibrant Red &amp; Black Colorway with Game-In",Knickgasm,Nike Air force 1,"custom nike shoes india, custom nike sneakers, eyes, gamer, Nike, nike air force 1, Nike Air Force 1 black, Nike air force 1 custom shoes, nike air force1 black, nike black, nike black shoes, nike shoes, prepaid, purple, reyna, valorant",TRUE,146.53,195.36,https://cdn.shopify.com/s/files/1/0754/4094/7522/files/2896410A-B9E0-42B0-A51F-D56EDCB47C30.jpg?v=1754157710,1,active,Custom Sneakers,
nike-air-force1-x-valorant,,,,,,,,,https://cdn.shopify.com/s/files/1/0754/4094/7522/files/ABEE1355-EBEE-435E-A739-2CEFC2E818E3.jpg?v=1754157711,2,,,
nike-air-force1-x-valorant,,,,,,,,,https://cdn.shopify.com/s/files/1/0754/4094/7522/files/9533EE16-D977-4404-8BA4-1FAEDF2C113F.jpg?v=1754158171,3,,,
nike-air-force1-x-valorant,,,,,,,,,https://cdn.shopify.com/s/files/1/0754/4094/7522/files/17F0B355-433F-492F-9EC5-2A46DA22D77F.jpg?v=1754158171,4,,,
nike-air-force1-x-valorant,,,,,,,,,https://cdn.shopify.com/s/files/1/0754/4094/7522/files/3A63B48F-F753-429C-8BDB-14400688561A.jpg?v=1754158171,5,,,
nike-air-force-1-x-sukuna-x-gojo,Sukuna x Gojo x Nike Air Force 1,"Introducing our unique and eye-catching Custom Hand Painted Nike Sneakers! These sneakers are the perfect colorway of style, art, and personalisation, making them a must-have for any sneaker-head or fashion enthusiast. Made on 100% Original Nike sneakers , our custom hand painted designs are durable and long-lasting. The high-quality materials used ensure that your sneakers will maintain their vibran",Knickgasm,Nike Air force 1,"anime, anime art, anime shoes india, anime swoosh, Anime-inspired sneakers, Gojo, Japanese anime, Jjk, Jujutsu, kaisen, Megumi Fushiguro, nike air force 1, Nike air force 1 custom shoes, nike air force 1 white, nike air force anime, nike anime, Nobara Kugisak, prepaid, Ryomen, Sukuna, white, Yuji Itadori",TRUE,179.62,239.49,https://cdn.shopify.com/s/files/1/0754/4094/7522/files/A531E10E-1A1C-4D57-88E3-C5674E49C60C.png?v=1753284643,1,active,Custom Sneakers,
adidas-sambas-x-ferrari,Ferrari x Adidas Sambas,"Introducing our unique and eye-catching Custom Adidas Sambas inspired by Scuderia Ferrari Formula 1 Custom. Each pair of Custom Hand Painted Adidas Sambas Sneakers is meticulously hand crafted by our skilled artists and sneaker designers who colorway their creativity and talent together to every sneaker. These sneakers are made to order, allowing you to choose from a wide range of designs, colors, an",Knickgasm,Adidas,"Adidas, Adidas sneakers india, Car, Carlos Sainz, Charles Leclerc and Carlos Sainz Scuderia Ferrari Formula 1, Custom adidas sneakers, Custom samba, Dts, F1, Ferrari, Formula one, Lewis hamilton, prepaid, Race car, red, Sambas, Speed, Supercar, teal",TRUE,198.86,255.28,https://cdn.shopify.com/s/files/1/0754/4094/7522/files/ECA7E104-E846-41D5-BA33-A83BF93FDCFD.png?v=1752224181,1,active,Custom Sneakers,
nike-air-force-1-x-red-bull-f1,Red Bull F1 x Nike Air Force 1,"Introducing our unique and eye-catching Custom Hand Painted Nike Sneakers! These sneakers are the perfect colorway of style, art, and personalisation, making them a must-have for any sneaker-head or fashion enthusiast. Max Verstappen Formula 1 Red Bull Made on 100% Original Nike sneakers , the paints which we use are highly durable and long lasting. We use high quality paints for all our designs. Enj",Knickgasm,Nike Air force 1,"33, Bull, Car, Champion, custom nike shoes india, custom nike sneakers, Daniel, F1, Fast car, Formula one, Honda, Max verstappen, Mercedes, Nike, nike air force 1, nike air force 1 white, Oracle, prepaid, Race car, Racing, red, Red bull, Ricciardo, Shoey",TRUE,147.54,191.04,https://cdn.shopify.com/s/files/1/0754/4094/7522/files/6F21CE72-B993-4C4D-9329-380BF788859F.jpg?v=1777574777,1,active,Custom Sneakers,
nike-air-force-1-x-red-bull-f1,,,,,,,,,https://cdn.shopify.com/s/files/1/0754/4094/7522/files/149D32B2-8150-4A1E-BB05-A01D3B36D0A8.jpg?v=1777574779,2,,,
nike-air-force-1-x-red-bull-f1,,,,,,,,,https://cdn.shopify.com/s/files/1/0754/4094/7522/files/62E38D7E-9712-4572-AE47-865F693EAA85.jpg?v=1777574777,3,,,
nike-air-force-1-x-redbull-f1,RedBull F1 x Nike Air Force 1,"Introducing our unique and eye-catching Custom Hand Painted Nike Sneakers! These sneakers are the perfect colorway of style, art, and personalisation, making them a must-have for any sneaker-head or fashion enthusiast. Max Verstappen Formula 1 Red Bull Made on 100% Original Nike sneakers , the paints which we use are highly durable and long lasting. We use high quality paints for all our designs. Enj",Knickgasm,Nike Air force 1,"33, Bull, Car, Champion, custom nike shoes india, custom nike sneakers, Daniel, F1, Fast car, Formula one, Honda, Max verstappen, Mercedes, Nike, nike air force 1, nike air force 1 white, Oracle, prepaid, Race car, Racing, red, Red bull, Ricciardo, Shoey",TRUE,147.54,196.72,https://cdn.shopify.com/s/files/1/0754/4094/7522/files/FCA966C5-3BD5-44B2-BEF9-76CDCC30A41A.jpg?v=1752222543,1,active,Custom Sneakers,
nike-air-force-1-x-redbull-f1,,,,,,,,,https://cdn.shopify.com/s/files/1/0754/4094/7522/files/B53D9CB3-1276-4C2D-980F-A438EFA12C65.jpg?v=1752222542,2,,,
nike-air-force-1-x-redbull-f1,,,,,,,,,https://cdn.shopify.com/s/files/1/0754/4094/7522/files/797923C8-C7A9-4078-98EE-3F87A938B765.jpg?v=1752222543,3,,,
nike-air-force-1-x-max-verstappen,Max Verstappen x Nike Air Force 1,"Introducing our unique and eye-catching Custom Hand Painted Nike Sneakers! These sneakers are the perfect colorway of style, art, and personalisation, making them a must-have for any sneaker-head or fashion enthusiast. Max Verstappen Formula 1 Red Bull Made on 100% Original Nike sneakers , the paints which we use are highly durable and long lasting. We use high quality paints for all our designs. Enj",Knickgasm,Nike Air force 1,"33, Bull, Car, Champion, custom nike shoes india, custom nike sneakers, Daniel, F1, Fast car, Formula one, Honda, Max verstappen, Mercedes, Nike, nike air force 1, nike air force 1 white, Oracle, prepaid, Race car, Racing, red, Red bull, Ricciardo, Shoey",TRUE,147.54,196.72,https://cdn.shopify.com/s/files/1/0754/4094/7522/files/0AC179DA-B50A-4B52-B062-B916911BE657.jpg?v=1752222324,1,active,Custom Sneakers,
nike-air-force-1-x-mclaren-formula-one,McLaren F1 x Nike Air Force 1,"Introducing our unique and eye-catching Custom Nike Air Force 1 inspired by McLaren Formula one Custom. Each pair of Custom Hand Painted Nike Sneakers is meticulously hand crafted by our skilled artists and sneaker designers who colorway their creativity and talent together to every sneaker. These sneakers are made to order, allowing you to choose from a wide range of designs, colors, and themes to s",Knickgasm,Nike Air force 1,"black nike shoes india, Car, custom nike shoes india, custom nike sneakers, Dts, F1, Formula one, Lando norris, Lewis hamilton, Mc laren, Nike, nike air force 1, Nike Air Force 1 black, nike air force1 black, nike black, nike black shoes, prepaid, Race car, Speed, Supercar, teal",TRUE,153.97,205.28,https://cdn.shopify.com/s/files/1/0754/4094/7522/files/70BBB074-A860-4DE0-A974-9819C1A4E466.jpg?v=1752222060,1,active,Custom Sneakers,
nike-air-force-1-x-mclaren-f1,McLaren F1 x Nike Air Force 1,"Introducing our unique and eye-catching Custom Nike Air Force 1 inspired by McLaren Formula one Custom. Each pair of Custom Hand Painted Nike Sneakers is meticulously hand crafted by our skilled artists and sneaker designers who colorway their creativity and talent together to every sneaker. These sneakers are made to order, allowing you to choose from a wide range of designs, colors, and themes to s",Knickgasm,Nike Air force 1,"black nike shoes india, Car, custom nike shoes india, custom nike sneakers, Dts, F1, Formula one, Lando norris, Lewis hamilton, Mc laren, Nike, nike air force 1, Nike Air Force 1 black, nike air force1 black, nike black, nike black shoes, prepaid, Race car, Speed, Supercar, teal",TRUE,136.86,182.47,https://cdn.shopify.com/s/files/1/0754/4094/7522/files/03B28D3F-7970-485B-B1BB-1520A580B963.jpg?v=1774092942,1,active,Custom Sneakers,
nike-air-force-1-x-mclaren-f1,,,,,,,,,https://cdn.shopify.com/s/files/1/0754/4094/7522/files/047BA5A2-AE05-4EA0-AFB1-54C8D75415C1.jpg?v=1774092925,2,,,
nike-air-force-1-x-mclaren-f1,,,,,,,,,https://cdn.shopify.com/s/files/1/0754/4094/7522/files/7E1B732E-C1FB-4990-80C2-B4495B8BB387.jpg?v=1774092926,3,,,
nike-air-force-1-x-mclaren-f1,,,,,,,,,https://cdn.shopify.com/s/files/1/0754/4094/7522/files/47F281E8-A0E3-440B-AF84-BA92A36CE6D7.jpg?v=1774092926,4,,,
nike-air-force-1-x-ferrari-formula-1,Ferrari F1 x Nike Air Force 1,"🏎 Nike Air Force 1 – Ferrari Edition Custom Hand-Painted Sneakers | 100% Authentic Nike | Ships Worldwide Speed meets style with the Nike Air Force 1 x Ferrari Edition — a luxury-inspired custom sneaker that colorways the iconic silhouette of the AF1 with Ferrari’s unmistakable red-and-black racing heritage. Designed for sneakerheads, collectors, and motorsport fans, this pair embodies power, precisi",Knickgasm,Nike Air force 1,"black nike shoes india, Car, Carlos Sainz, Charles Leclerc and Carlos Sainz Scuderia Ferrari Formula 1, custom nike shoes india, custom nike sneakers, Dts, F1, Ferrari, Formula one, Lewis hamilton, Nike, nike air force 1, Nike Air Force 1 black, nike air force1 black, nike black, nike black shoes, nike red, prepaid, Race car, red, Speed, Supercar, teal",TRUE,143.28,191.04,https://cdn.shopify.com/s/files/1/0754/4094/7522/files/25572FF8-0A0A-4C0C-AE01-8AA6221BDD3A.jpg?v=1755552369,1,active,Custom Sneakers,
nike-air-force-1-x-ferrari-formula-1,,,,,,,,,https://cdn.shopify.com/s/files/1/0754/4094/7522/files/1602EFB5-B870-4E27-A959-18799FE3FBD3.jpg?v=1755552369,2,,,
nike-air-force-1-x-ferrari-formula-1,,,,,,,,,https://cdn.shopify.com/s/files/1/0754/4094/7522/files/9843F233-EB92-4068-BDD4-B76F15EF5C05.jpg?v=1755552369,3,,,
nike-air-force-1-x-ferrari-f1,Scuderia Ferrari F1 x Nike Air Force 1,"Introducing our unique and eye-catching Custom Nike Air Force 1 inspired by Charles Leclerc and Carlos Sainz Scuderia Ferrari Formula 1 Custom. Each pair of Custom Hand Painted Nike Sneakers is meticulously hand crafted by our skilled artists and sneaker designers who colorway their creativity and talent together to every sneaker. These sneakers are made to order, allowing you to choose from a wide r",Knickgasm,Nike Air force 1,"black nike shoes india, Car, Carlos Sainz, Charles Leclerc and Carlos Sainz Scuderia Ferrari Formula 1, custom nike shoes india, custom nike sneakers, Dts, F1, Ferrari, Formula one, Lewis hamilton, Nike, nike air force 1, Nike Air Force 1 black, nike air force1 black, nike black, nike black shoes, nike red, prepaid, Race car, red, Speed, Supercar, teal",TRUE,136.86,182.47,https://cdn.shopify.com/s/files/1/0754/4094/7522/files/CF1BE95D-EE41-4A3F-B087-D2CF09986F69.jpg?v=1752221575,1,active,Custom Sneakers,
nike-air-force-1-x-ferrari-f1,,,,,,,,,https://cdn.shopify.com/s/files/1/0754/4094/7522/files/D7AF3CE4-EC1E-4B90-9C0D-A0A349C113A4.jpg?v=1752221575,2,,,
nike-air-force-1-x-ferrari-f1,,,,,,,,,https://cdn.shopify.com/s/files/1/0754/4094/7522/files/F84DBC39-15C4-42AF-BEFE-B17320CD391A.jpg?v=1752221575,3,,,
nike-air-force-1-x-ferrari-f1,,,,,,,,,https://cdn.shopify.com/s/files/1/0754/4094/7522/files/48038442-C2E3-4B84-895F-F03D5AC27EF2.jpg?v=1752221575,4,,,
nike-air-force-1-x-ferrai-f1,Carlos Sainz x Ferrari x Nike Air Force 1,"Introducing our unique and eye-catching Custom Nike Air Force 1 inspired by Carlos Sainz Ferrari Formula one Custom. Each pair of Custom Hand Painted Nike Sneakers is meticulously hand crafted by our skilled artists and sneaker designers who colorway their creativity and talent together to every sneaker. These sneakers are made to order, allowing you to choose from a wide range of designs, colors, an",Knickgasm,Nike Air force 1,"black nike shoes india, Car, Carlos Sainz, custom nike shoes india, custom nike sneakers, Dts, F1, Ferrari, Formula one, Lewis hamilton, Nike, nike air force 1, Nike Air Force 1 black, nike air force1 black, nike black, nike black shoes, nike red, prepaid, Race car, red, Speed, Supercar, teal",TRUE,170.40,196.72,https://cdn.shopify.com/s/files/1/0754/4094/7522/files/ACC17612-2635-43A1-A6A5-D551971CE277.jpg?v=1752221325,1,active,Custom Sneakers,
nike-air-force-1-x-ferrai-f1,,,,,,,,,https://cdn.shopify.com/s/files/1/0754/4094/7522/files/54CAE0AC-0367-4EED-A183-BBE7CF385995.jpg?v=1752221325,2,,,
nike-air-force-1-x-ferrai-f1,,,,,,,,,https://cdn.shopify.com/s/files/1/0754/4094/7522/files/BEDB76C9-A92E-4518-8B12-9249BBDBC73E.jpg?v=1752221790,3,,,
nike-air-force-1-x-lando-norris-mclaren,Lando Norris McLaren x Nike Air Force 1,"Introducing our unique and eye-catching Custom Nike Air Force 1 inspired by Lando Norris McLaren Formula one Custom. Each pair of Custom Hand Painted Nike Sneakers is meticulously hand crafted by our skilled artists and sneaker designers who colorway their creativity and talent together to every sneaker. These sneakers are made to order, allowing you to choose from a wide range of designs, colors, an",Knickgasm,Nike Air force 1,"black nike shoes india, Car, custom nike shoes india, custom nike sneakers, Dts, F1, Formula one, Lando norris, Lewis hamilton, Mc laren, Nike, nike air force 1, Nike Air Force 1 black, nike air force1 black, nike black, nike black shoes, prepaid, Race car, Speed, Supercar, teal",TRUE,169.14,203.90,https://cdn.shopify.com/s/files/1/0754/4094/7522/files/71674543-6CA5-4045-9622-07C3B1E13BAB.jpg?v=1752221246,1,active,Custom Sneakers,
nike-air-force-1-x-lando-norris,Lando Norris x Nike Air Force 1,"Introducing our unique and eye-catching Custom Nike Air Force 1 inspired by Lando Norris McLaren Formula one Custom. Each pair of Custom Hand Painted Nike Sneakers is meticulously hand crafted by our skilled artists and sneaker designers who colorway their creativity and talent together to every sneaker. These sneakers are made to order, allowing you to choose from a wide range of designs, colors, an",Knickgasm,Nike Air force 1,"black nike shoes india, Car, custom nike shoes india, custom nike sneakers, Dts, F1, Formula one, Lando norris, Lewis hamilton, Mc laren, Nike, nike air force 1, Nike Air Force 1 black, nike air force1 black, nike black, nike black shoes, prepaid, Race car, Speed, Supercar, teal",TRUE,136.86,182.47,https://cdn.shopify.com/s/files/1/0754/4094/7522/files/AE9B0B99-EAA2-4734-9E8A-8454AA03778E.jpg?v=1752221105,1,active,Custom Sneakers,
adidas-stan-smith-x-lando-norris,Adidas Stan Smith x Lando Norris,"Introducing our unique and eye-catching Custom Adidas Stan Smith inspired by Adidas Stan Smith and Mc Laren Racing F1. A must-have for racing and sneaker fans alike Each pair of Custom Hand Painted Adidas Stan Smith Sneakers is meticulously hand crafted by our skilled artists and sneaker designers who colorway their creativity and talent together to every sneaker. These sneakers are made to order, al",Knickgasm,Adidas,"Adidas, Adidas sneakers india, Car, Custom adidas sneakers, Dts, F1, Formula one, Lando norris, Mc laren, orange, prepaid, Race car, Speed, Stan smith, Supercar, teal, white shoes",TRUE,153.60,204.80,https://cdn.shopify.com/s/files/1/0754/4094/7522/files/43381796-0B78-48A0-A684-803D50DC146E.jpg?v=1752220893,1,active,Custom Sneakers,
adidas-stan-smith-x-lando-norris,,,,,,,,,https://cdn.shopify.com/s/files/1/0754/4094/7522/files/021CB2D1-B441-4A15-9B34-4266DA4D9BDC.jpg?v=1752220893,2,,,
adidas-stan-smith-x-lando-norris,,,,,,,,,https://cdn.shopify.com/s/files/1/0754/4094/7522/files/D1AC8205-BFB3-4C6A-A708-3B968280C670.jpg?v=1752220893,3,,,
adidas-stan-smith-x-lewis-hamilton-f1,Adidas Stan Smith x Lewis Hamilton F1,"Introducing our unique and eye-catching Custom Adidas Stan Smith inspired by Lewis Hamilton and Mercedes-AMG Petronas. Featuring teal accents, AMG and Petronas branding, and a bold tribute to F1 dominance. A must-have for racing and sneaker fans alike Each pair of Custom Hand Painted Adidas Stan Smith Sneakers is meticulously hand crafted by our skilled artists and sneaker designers who colorway thei",Knickgasm,Adidas,"Adidas, Adidas sneakers india, Amg, Car, Custom adidas sneakers, Dts, F1, Lewis hamilton, Mercedes, Petronas, prepaid, Race car, Speed, Stan smith, Supercar, teal, white shoes",TRUE,153.60,204.80,https://cdn.shopify.com/s/files/1/0754/4094/7522/files/EC4738E1-BCB2-47B0-A083-8B94FE5C4043.jpg?v=1752220568,1,active,Custom Sneakers,
adidas-stan-smith-x-lewis-hamilton-f1,,,,,,,,,https://cdn.shopify.com/s/files/1/0754/4094/7522/files/30FA7E49-B5D9-4C32-B088-E841E7C763E0.jpg?v=1752220568,2,,,
nike-air-force-1-x-lewis-hamilton-f1,Lewis Hamilton F1 x Nike Air Force 1,"Introducing our unique and eye-catching Custom Nike Air Force 1 inspired by Lewis Hamilton and Mercedes-AMG Petronas. Featuring teal accents, AMG and Petronas branding, and a bold tribute to F1 dominance. A must-have for racing and sneaker fans alike Each pair of Custom Hand Painted Nike Sneakers is meticulously hand crafted by our skilled artists and sneaker designers who colorway their creativity a",Knickgasm,Nike Air force 1,"Amg, black nike shoes india, Car, custom nike shoes india, custom nike sneakers, Dts, F1, Formula one, Lewis hamilton, Mercedes, Nike, nike air force 1, Nike Air Force 1 black, nike air force1 black, nike black, nike black shoes, Petronas, prepaid, Race car, Speed, Supercar, teal",TRUE,164.22,210.99,https://cdn.shopify.com/s/files/1/0754/4094/7522/files/9D16C777-CD1A-465F-B0AF-C640D3B60DF1.jpg?v=1752220440,1,active,Custom Sneakers,
nike-air-force-1-x-lewis-hamilton-f1,,,,,,,,,https://cdn.shopify.com/s/files/1/0754/4094/7522/files/EE10D833-C78C-4F30-BFD7-ADCB5A5C6F79.jpg?v=1752220441,2,,,
nike-air-force-1-x-lewis-hamilton-mercedes,Nike Air Force 1 x Lewis Hamilton Mercedes,"Introducing our unique and eye-catching Custom Nike Air Force 1 inspired by Lewis Hamilton and Mercedes-AMG Petronas. Featuring teal accents, AMG and Petronas branding, and a bold tribute to F1 dominance. A must-have for racing and sneaker fans alike Each pair of Custom Hand Painted Nike Sneakers is meticulously hand crafted by our skilled artists and sneaker designers who colorway their creativity a",Knickgasm,Nike Air force 1,"Amg, black nike shoes india, Car, custom nike shoes india, custom nike sneakers, Dts, F1, Lewis hamilton, Mercedes, Nike, nike air force 1, Nike Air Force 1 black, nike air force1 black, nike black, nike black shoes, Petronas, prepaid, Race car, Speed, Supercar, teal",TRUE,147.54,196.72,https://cdn.shopify.com/s/files/1/0754/4094/7522/files/39E58CB2-C053-400F-AAF5-0B789789C303.jpg?v=1752220348,1,active,Custom Sneakers,
nike-air-force-1-x-lewis-hamilton-mercedes,,,,,,,,,https://cdn.shopify.com/s/files/1/0754/4094/7522/files/621D8BF9-2523-4244-9039-0B6AE9C18BFB.jpg?v=1752220348,2,,,
nike-air-force-1-x-lewis-hamilton-mercedes,,,,,,,,,https://cdn.shopify.com/s/files/1/0754/4094/7522/files/DF16FD66-0054-4AF2-BD6C-9BA2849E3ED6.jpg?v=1752220348,3,,,
nike-air-force-1-x-indian-cricket-team,ROKO x Nike Air Force 1,"Introducing our unique and eye-catching Custom Hand Painted Nike Sneakers! These sneakers are the perfect colorway of style, art, and personalisation, making them a must-have for any sneaker-head or fashion enthusiast. Each pair of Custom Hand Painted Nike Sneakers is meticulously hand crafted by our skilled artists and sneaker designers who colorway their creativity and talent together to every sneaker",Knickgasm,Nike Air force 1,"18, captain, cool custom, cricket, Custom cricket, custom nike shoes india, custom nike sneakers, custom shoes india, goat, india, indian cricket team, king, kohli, Nike, nike air force 1, nike air force 1 white, nike shoes, prepaid, sports, Sportsman, Virat",TRUE,163.54,219.53,https://cdn.shopify.com/s/files/1/0754/4094/7522/files/ED8F9832-F7FA-42F5-AAF2-326D094A0E8F.jpg?v=1751974839,1,active,Custom Sneakers,
nike-air-force-1-x-indian-cricket-team,,,,,,,,,https://cdn.shopify.com/s/files/1/0754/4094/7522/files/D2E2F8E7-7C98-4FFB-A58B-F8ADE63AC6C5.jpg?v=1751974839,2,,,
nike-air-force-1-x-indian-cricket-team,,,,,,,,,https://cdn.shopify.com/s/files/1/0754/4094/7522/files/66641BDD-B2A2-4E1C-8EB0-CB942502C990.jpg?v=1751974839,3,,,
nike-air-force-1-x-indian-cricket-team,,,,,,,,,https://cdn.shopify.com/s/files/1/0754/4094/7522/files/932B6EA1-3D0B-41F2-B2BA-96CC59E36F35.jpg?v=1751974839,4,,,
nike-air-force-1-x-luffy-zoro-one-piece,Luffy x Zoro x One Piece x Nike Air Force 1,"Introducing our unique and eye-catching Custom Hand Painted Nike Sneakers! These sneakers are the perfect colorway of style, art, and personalisation, making them a must-have for any sneaker-head or fashion enthusiast. Made on 100% Original Nike sneakers , our custom hand painted designs are durable and long-lasting. The high-quality materials used ensure that your sneakers will maintain their vibran",Knickgasm,Nike Air force 1,"anime, anime art, anime shoes india, Anime-inspired sneakers, best seller, Brook, chinese, custom anime shoes india, custom anime sneaker india, custom nike shoes india, custom nike sneakers, custom shoes india, featured, luff, Nami, Nike, nike air force 1, nike air force 1 white, one, one piece, one piece custom, pirate, prepaid, Robin, Sanji, skull, Tony Tony Chopper, Usopp, zoro",TRUE,193.26,253.75,https://cdn.shopify.com/s/files/1/0754/4094/7522/files/443AE685-EE75-4227-8E9F-E07C57759EFE.jpg?v=1751405269,1,active,Custom Sneakers,
nike-air-force-1-x-luffy-zoro-one-piece,,,,,,,,,https://cdn.shopify.com/s/files/1/0754/4094/7522/files/06788F98-17D1-4E52-8D2F-4C3E99650A3E.jpg?v=1751405268,2,,,
nike-air-force-1-x-luffy-zoro-one-piece,,,,,,,,,https://cdn.shopify.com/s/files/1/0754/4094/7522/files/070C51C8-E744-490A-A5D3-06233209801A.jpg?v=1751405269,3,,,
nike-air-force-1-x-luffy-zoro-one-piece,,,,,,,,,https://cdn.shopify.com/s/files/1/0754/4094/7522/files/F2027BD7-4D56-4563-9A83-4E67E071AB0E.jpg?v=1751405269,4,,,
nike-air-force-1-x-luffy-zoro-one-piece,,,,,,,,,https://cdn.shopify.com/s/files/1/0754/4094/7522/files/BBF2D087-2CE8-40C2-A260-667396AF7A96.jpg?v=1751405268,5,,,
nike-air-force-1-x-red-venom,Red Venom x Nike Air Force 1,"Custom AIR FORCE 1 Red Venom with velcro embroidered swooshes. You can change the designs as per your outfit and liking. The hook and loop velcro is very strong, you will never have to worry about falling off. Made on 100% Original Nike sneakers Our Custom Sneakers cater to a variety of needs, whether it's making a stylish statement, finding the perfect gift, or effectively promoting your brand or",Knickgasm,Nike Air force 1,"best seller, cigar, ciggerate, cool, custom nike shoes india, custom nike sneakers, drip, featured, joint, leaves, Nike, nike air force 1, nike air force 1 white, nike shoes, prepaid, raw, Red drip, red swoosh, Red venom, Red., swoosh, thug, weed",TRUE,115.47,153.97,https://cdn.shopify.com/s/files/1/0754/4094/7522/files/DED33C61-FDB5-4D65-AABE-994256BC51F6.jpg?v=1751403595,1,active,Custom Sneakers,
nike-air-force-1-x-red-venom,,,,,,,,,https://cdn.shopify.com/s/files/1/0754/4094/7522/files/7407C0A6-FE1B-45D8-9A77-87E41C82DD3D.jpg?v=1751403963,2,,,
nike-air-force-1-x-red-venom,,,,,,,,,https://cdn.shopify.com/s/files/1/0754/4094/7522/files/9C89A49C-616D-4214-8001-4E21661CD3E1.jpg?v=1751403963,3,,,
nike-air-force-1-x-red-venom,,,,,,,,,https://cdn.shopify.com/s/files/1/0754/4094/7522/files/4E2A246F-B8AB-4403-B839-61E8843B83D2.jpg?v=1751403963,4,,,
nike-air-force-1-x-tiger-woods-x-augusta,Tiger Woods x Augusta x Nike Air Force 1,"Introducing our unique and eye-catching Custom Hand Painted Nike Tiger Woods x Augusta theme Sneakers! These sneakers are the perfect colorway of style, art, and personalization, making them a must-have for any sneaker-head or Golf enthusiast. Each pair of Custom Hand Painted Nike Sneakers is meticulously hand crafted by our skilled artists and sneaker designers who colorway their creativity and talent ",Knickgasm,Nike Air force 1,"Augusta, black, cool custom, custom nike shoes india, custom nike sneakers, custom shoes india, Customized soccer sneaker, dream, goat, Golf, nike air force 1, Nike air force 1 custom shoes, nike air force 1 white, nike shoes, one, player, portugal, prepaid, seven, soccer, sports, star, Tiger woods, white",TRUE,226.29,293.60,https://cdn.shopify.com/s/files/1/0754/4094/7522/files/A947A20D-2861-4B56-8044-50EEAD3D957B.jpg?v=1750576345,1,active,Custom Sneakers,
nike-air-force-1-x-tiger-woods-x-augusta,,,,,,,,,https://cdn.shopify.com/s/files/1/0754/4094/7522/files/84D47EF2-3575-493E-9E71-2D9E80D6476F.jpg?v=1750576345,2,,,
nike-air-force-1-x-tiger-woods-x-augusta,,,,,,,,,https://cdn.shopify.com/s/files/1/0754/4094/7522/files/27D93E57-3453-43D3-82E1-453A68A1849A.jpg?v=1750594891,3,,,
nike-air-force-1-x-tiger-woods-x-augusta,,,,,,,,,https://cdn.shopify.com/s/files/1/0754/4094/7522/files/72DDC981-EC2A-4E90-A274-565E6A5B9C6E.jpg?v=1750594891,4,,,
nike-air-force-1-x-tiger-woods-x-augusta,,,,,,,,,https://cdn.shopify.com/s/files/1/0754/4094/7522/files/A858A92C-109B-4AD2-A429-37C6BBBA2FC5.jpg?v=1750594892,5,,,
nike-air-force-1-x-tiger-woods-x-augusta,,,,,,,,,https://cdn.shopify.com/s/files/1/0754/4094/7522/files/FD67591B-765C-4E76-A420-C6AA7F82E1BB.jpg?v=1750594891,6,,,
nike-air-force-1-x-coffee-black-swoosh,Coffee (Black Swoosh) x Nike Air Force 1,"Introducing our unique and eye-catching Custom Hand Painted Nike Sneakers! These sneakers are the perfect colorway of style, art, and personalisation, making them a must-have for any sneaker-head or fashion enthusiast. This is dipped into raw coffee therefore few raw coffee marks and punch marks might be there. Each pair of Custom Hand Painted Nike Sneakers is meticulously hand crafted by our skilled",Knickgasm,Nike Air force 1,"big laces, black swoosh, brown, chirag, coffe, coffee, custom nike shoes india, custom nike sneakers, dip, featured, laces, Nike, nike air force 1, nike air force 1 white, nike coffee, nike shoes, prepaid, rope, thick",TRUE,147.54,196.72,https://cdn.shopify.com/s/files/1/0754/4094/7522/files/F778094D-605E-415A-9354-0178E4C71939.jpg?v=1781896058,1,active,Custom Sneakers,
nike-air-force-1-x-coffee-black-swoosh,,,,,,,,,https://cdn.shopify.com/s/files/1/0754/4094/7522/files/FBC74E67-2B77-4596-B589-CA02FD4364A8.jpg?v=1760430764,2,,,
nike-air-force-1-x-coffee-black-swoosh,,,,,,,,,https://cdn.shopify.com/s/files/1/0754/4094/7522/files/4E1C3066-12CB-458C-AD4D-E8742B1A99A0.jpg?v=1760430764,3,,,
nike-air-force-1-x-red-camo,Red Camo x Nike Air Force 1,"Introducing our unique and eye-catching Custom Hand Painted Nike Sneakers! These sneakers are the perfect colorway of style, art, and personalisation, making them a must-have for any sneaker-head or fashion enthusiast. Made on 100% Original Nike sneakers , our custom hand painted designs are durable and long-lasting. The high-quality materials used ensure that your sneakers will maintain their vibran",Knickgasm,Nike Air force 1,"custom nike shoes india, custom nike sneakers, featured, mismatched, Nike, nike air force 1, nike air force 1 white, nike blue, nike pastel, nike shoes, prepaid, purple, purple swoosh",TRUE,147.54,196.72,https://cdn.shopify.com/s/files/1/0754/4094/7522/files/8464DD42-0415-4EA7-B2D1-EBFF1B5A13E4.jpg?v=1750176525,1,active,Custom Sneakers,
nike-air-force-1-x-red-camo,,,,,,,,,https://cdn.shopify.com/s/files/1/0754/4094/7522/files/F1D14D84-4BFF-4681-9E5B-40E23295426F.jpg?v=1750176525,2,,,
nike-air-force-1-x-red-camo,,,,,,,,,https://cdn.shopify.com/s/files/1/0754/4094/7522/files/BF5F12B4-E82B-4678-A9E4-051A0813768E.jpg?v=1750176525,3,,,
nike-air-force-1-x-red-camo,,,,,,,,,https://cdn.shopify.com/s/files/1/0754/4094/7522/files/CB2DB42B-08E1-4913-9742-E0BDB1228235.jpg?v=1750176525,4,,,
nike-air-force-1-x-red-camo,,,,,,,,,https://cdn.shopify.com/s/files/1/0754/4094/7522/files/0C746674-16F2-46B5-A24F-39D9210F3546.jpg?v=1750176525,5,,,
nike-air-force-1-x-carnival,Wedding Carnival (customisable with the outfit) x Nike Air Force 1,"Introducing our unique and eye-catching Custom Hand Painted Nike Sneakers! These sneakers are the perfect colorway of style, art, and personalisation, making them a must-have for any sneaker-head or fashion enthusiast. BigFat Indian Wedding Edition Carnival – Royal Blue Paisley Custom Air Force 1 by Knickgasm Celebrate love, culture, and craftsmanship with the Wedding Edition Carnival—a luxurious cus",Knickgasm,Nike Air force 1,"custom nike shoes india, custom nike sneakers, Elegant, Glitter, Minimal, minimalist, Nike, nike air force 1, nike air force 1 white, nike shoes, prepaid, Safire, Shine, Stones, Sworoski, Wedding, Wedding shoes",TRUE,234.08,312.10,https://cdn.shopify.com/s/files/1/0754/4094/7522/files/B9D65376-1FA1-490D-829F-36F0D4C49806.jpg?v=1760358730,1,active,Custom Sneakers,
nike-air-force-1-x-carnival,,,,,,,,,https://cdn.shopify.com/s/files/1/0754/4094/7522/files/6BF690B4-4C51-4A65-B82F-1EE5C5632B4A.jpg?v=1760358730,2,,,
nike-air-force-1-x-carnival,,,,,,,,,https://cdn.shopify.com/s/files/1/0754/4094/7522/files/F4A3D2B1-3915-44B1-BBC9-FB0E1D88B39C.jpg?v=1760358730,3,,,
nike-air-force-1-x-carnival,,,,,,,,,https://cdn.shopify.com/s/files/1/0754/4094/7522/files/FullSizeRender_a95bc4fc-1e18-4c77-8245-1fe5acf28e22.jpg?v=1760358730,4,,,
nike-air-force-1-x-doggo-customisable-with-any-name,Doggo (Customisable with any name) x Nike Air Force 1,"Introducing our unique and eye-catching Custom Hand Painted Nike Sneakers! These sneakers are the perfect colorway of style, art, and personalisation, making them a must-have for any sneaker-head or fashion enthusiast. Each pair of Custom Hand Painted Nike Sneakers is meticulously hand crafted by our skilled artists and sneaker designers who colorway their creativity and talent together to every sneaker",Knickgasm,Nike Air force 1,"Bone, cool custom, Custom dog, custom nike shoes india, custom nike sneakers, custom shoes india, Dog shoes, Dogs, featured, German shepard, Loyalty, Nike, nike air force 1, nike air force 1 white, nike shoes, Paws, Poodle, prepaid, white shoes",TRUE,158.25,210.99,https://cdn.shopify.com/s/files/1/0754/4094/7522/files/3DA6C95E-D8FB-493D-96A4-8FB0BB19FC38.jpg?v=1749978121,1,active,Custom Sneakers,
nike-air-force-1-x-doggo-customisable-with-any-name,,,,,,,,,https://cdn.shopify.com/s/files/1/0754/4094/7522/files/DF31EDB8-227B-4260-82F1-7401D7D4BC67.jpg?v=1749978121,2,,,
nike-air-force-1-x-doggo-customisable-with-any-name,,,,,,,,,https://cdn.shopify.com/s/files/1/0754/4094/7522/files/6751CE96-4E4F-448D-84EA-24EE3EEAD223.jpg?v=1749978121,3,,,
nike-air-force-1-x-doggo-customisable-with-any-name,,,,,,,,,https://cdn.shopify.com/s/files/1/0754/4094/7522/files/914394F5-0AEF-490C-A8F7-3BA361DA962A.jpg?v=1749978042,4,,,
nike-air-force-1-x-doggo-customisable-with-any-name,,,,,,,,,https://cdn.shopify.com/s/files/1/0754/4094/7522/files/A7F7ACA4-4C42-4BF2-8F07-6BCD6A9910FE.jpg?v=1749978042,5,,,
nike-air-force-1-x-obsidian-rose-shimmer,Obsidian Rosé Shimmer x Nike Air Force 1,"Introducing our unique and eye-catching Custom Nike Air Force 1 x Obsidian Rosé Shimmer Sneakers! These sneakers are the perfect colorway of style, art, and personalisation, making them a must-have for any sneaker-head or fashion enthusiast. Please note these are custom glittered and therefore wear and tear is possible over a prolonged usage Each pair of Custom Hand Painted Nike Sneakers is meticulou",Knickgasm,Nike Air force 1,"best seller, Black af1 glittered, Black af1 India, black nike shoes india, featured, Glitter, nike air force 1, Nike Air Force 1 black, nike air force1 black, nike black, nike black shoes, nike shoes, Pink swoosh, prepaid, Roses, Rosé, Shimmer, Shiny",TRUE,232.05,309.38,https://cdn.shopify.com/s/files/1/0754/4094/7522/files/76E2F13B-AD59-48EA-A3F0-8F15792121C3.jpg?v=1749977090,1,active,Custom Sneakers,
nike-air-force-1-x-obsidian-rose-shimmer,,,,,,,,,https://cdn.shopify.com/s/files/1/0754/4094/7522/files/159B4BA0-D0FC-4189-A203-7BE1083EB4A9.jpg?v=1749977090,2,,,
nike-air-force-1-x-obsidian-rose-shimmer,,,,,,,,,https://cdn.shopify.com/s/files/1/0754/4094/7522/files/EB514908-2177-42AE-87C3-009B0C7532F2.jpg?v=1749977090,3,,,
nike-air-force-1-x-lionel-messi,Lionel Messi x Nike Air Force 1,"Introducing our unique and eye-catching Custom Hand Painted Nike Lionel Messi Barcelona x Argentina theme Sneakers! These sneakers are the perfect colorway of style, art, and personalization, making them a must-have for any sneaker-head or Football enthusiast. Celebrate the legacy of Lionel Messi, the greatest of all time with this one-of-a-kind hand-painted pair of Nike Air Force 1s. Every detail on",Knickgasm,Nike Air force 1,"10, Argentina, Barcelona, best seller, custom nike shoes india, custom nike sneakers, featured, Fifa, Football, Football shoes, goat, Lionel, messi, nike air force 1, Nike Air Force 1 black, Nike air force 1 custom shoes, nike air force 1 white, nike shoes, prepaid, sports, World pair",TRUE,179.11,224.38,https://cdn.shopify.com/s/files/1/0754/4094/7522/files/13C61038-86DA-4357-88CD-858D96F62C7F.jpg?v=1749905894,1,active,Custom Sneakers,
nike-air-force-1-x-lionel-messi,,,,,,,,,https://cdn.shopify.com/s/files/1/0754/4094/7522/files/6FAA6A33-8328-4F3D-828A-B0AF342C3953.jpg?v=1749905894,2,,,
nike-air-force-1-x-lionel-messi,,,,,,,,,https://cdn.shopify.com/s/files/1/0754/4094/7522/files/80A6497C-DD84-4BE5-9907-6BB5D3AC9CD1.jpg?v=1749905894,3,,,
nike-air-force-1-x-lionel-messi,,,,,,,,,https://cdn.shopify.com/s/files/1/0754/4094/7522/files/E1A7F2DD-DE38-4D0C-8834-8AFF4FB581F8.jpg?v=1749905894,4,,,
nike-air-force-1-x-lionel-messi,,,,,,,,,https://cdn.shopify.com/s/files/1/0754/4094/7522/files/C4F6EE3C-1C2F-4C49-9C14-D01DC2A719F3.jpg?v=1749905894,5,,,
nike-air-force-1-x-lionel-messi,,,,,,,,,https://cdn.shopify.com/s/files/1/0754/4094/7522/files/ED197CA8-C32B-4C83-837D-9EB98016DC16.jpg?v=1749905894,6,,,
nike-air-force-1-x-lionel-messi,,,,,,,,,https://cdn.shopify.com/s/files/1/0754/4094/7522/files/A4F6912B-CFDA-471F-8E80-6DA8141D4560.jpg?v=1749905894,7,,,
nike-air-force-1-x-sakura-dream,Sakura Dream x Nike Air Force 1,"Introducing our unique and eye-catching Custom Hand Painted Nike Sneakers! These sneakers are the perfect colorway of style, art, and personalization, making them a must-have for any sneaker-head or fashion enthusiast. Each pair of Custom Hand Painted Nike Sneakers is meticulously hand crafted by our skilled artists and sneaker designers who colorway their creativity and talent together to every sneaker",Knickgasm,Nike Air force 1,"asthetic, cherry, cherry blossom, custom nike shoes india, custom nike sneakers, dream, Dreamland, flower, japanese, Lavender, leaves, Lilac, Nike, nike air force 1, nike air force 1 white, nike pastel, nike shoes, pastel, pastel nike, pastels, prepaid, purple, purple tree, Sakura., Shoes for girlfriend, tree",TRUE,157.10,209.46,https://cdn.shopify.com/s/files/1/0754/4094/7522/files/IMG_0667.jpg?v=1773756331,1,active,Custom Sneakers,
nike-air-force-1-x-sakura-dream,,,,,,,,,https://cdn.shopify.com/s/files/1/0754/4094/7522/files/IMG_0669.jpg?v=1773756331,2,,,
nike-air-force-1-x-sakura-dream,,,,,,,,,https://cdn.shopify.com/s/files/1/0754/4094/7522/files/IMG_0674.jpg?v=1773756331,3,,,
nike-air-force-1-x-sakura-dream,,,,,,,,,https://cdn.shopify.com/s/files/1/0754/4094/7522/files/19A80A99-A775-46F4-80ED-2E01223031D9.jpg?v=1773756331,4,,,
nike-air-force-1-x-sakura-dream,,,,,,,,,https://cdn.shopify.com/s/files/1/0754/4094/7522/files/IMG_0670.jpg?v=1773756331,5,,,
nike-air-force-1-x-sakura-dream,,,,,,,,,https://cdn.shopify.com/s/files/1/0754/4094/7522/files/IMG_0675.jpg?v=1773756331,6,,,
nike-air-force-1-x-sakura-dream,,,,,,,,,https://cdn.shopify.com/s/files/1/0754/4094/7522/files/IMG_0671.jpg?v=1773756250,7,,,
nike-air-force-1-x-doggo-2,Rambo (Customisable with any name) x Nike Air Force 1,"Introducing our unique and eye-catching Custom Hand Painted Nike Sneakers! These sneakers are the perfect colorway of style, art, and personalisation, making them a must-have for any sneaker-head or fashion enthusiast. Each pair of Custom Hand Painted Nike Sneakers is meticulously hand crafted by our skilled artists and sneaker designers who colorway their creativity and talent together to every sneaker",Knickgasm,Nike Air force 1,"Bone, cool custom, Custom dog, custom nike shoes india, custom nike sneakers, custom shoes india, Dog shoes, Dogs, featured, German shepard, Loyalty, Nike, nike air force 1, nike air force 1 white, nike shoes, Paws, Poodle, prepaid, white shoes",TRUE,158.25,210.99,https://cdn.shopify.com/s/files/1/0754/4094/7522/files/0F1E2A2E-6F03-419A-BDA8-1486D74C6C2F.jpg?v=1749133404,1,active,Custom Sneakers,
nike-air-force-1-x-doggo-2,,,,,,,,,https://cdn.shopify.com/s/files/1/0754/4094/7522/files/471647E3-9075-4C89-868C-9A9A169D345C.jpg?v=1749133404,2,,,
nike-air-force-1-x-doggo-2,,,,,,,,,https://cdn.shopify.com/s/files/1/0754/4094/7522/files/97294FBA-DABC-469F-9498-4A77879F434C.jpg?v=1749133404,3,,,
nike-air-force-1-x-doggo-2,,,,,,,,,https://cdn.shopify.com/s/files/1/0754/4094/7522/files/1500917D-34A1-45E8-AF62-A9B613C5352E.jpg?v=1749133371,4,,,
nike-air-force-1-x-doggo-2,,,,,,,,,https://cdn.shopify.com/s/files/1/0754/4094/7522/files/2C3C6AEA-633D-4A09-80CC-8CA5F647B015.jpg?v=1749133371,5,,,
nike-air-force-1-x-doggo-2,,,,,,,,,https://cdn.shopify.com/s/files/1/0754/4094/7522/files/3343F554-D047-4AEE-92A0-EABF8610FC44.jpg?v=1749133372,6,,,
nike-air-force-1-x-doggo-2,,,,,,,,,https://cdn.shopify.com/s/files/1/0754/4094/7522/files/4799ECAF-4BBF-4B5A-8880-C1628B645B3A.jpg?v=1749133372,7,,,
nike-air-force-1-x-blue-sketch,Blue Comic x Nike Air Force 1,"Introducing our unique and eye-catching Custom Hand Painted Nike Sneakers! These Cartooned Air Force1 sneakers are the perfect colorway of style, art, and personalisation, making them a must-have for any sneaker-head or fashion enthusiast. Each pair of Custom Hand Painted Nike Sneakers is meticulously hand crafted by our skilled artists and sneaker designers who colorway their creativity and talent toge",Knickgasm,Nike Air force 1,"2d, Best, best seller, blue, blue drip, Blue gradient, blue swoosh, cartoon, Comic, cool custom, custom nike shoes india, custom nike sneakers, custom shoes india, Custom sneakers, featured, Gradient, India custom, light blue, lines, nike air force 1, nike air force 1 white, nike blue, nike pastel, nike shoes, outline, pastel, pastel nike, pastels, prepaid, Sketch, Sketchup, sky blue, white shoes, White sneakers",TRUE,144.11,182.47,https://cdn.shopify.com/s/files/1/0754/4094/7522/files/8E221ED7-3323-4705-8948-97FBB1653A45.jpg?v=1761395385,1,active,Custom Sneakers,
nike-air-force-1-x-blue-sketch,,,,,,,,,https://cdn.shopify.com/s/files/1/0754/4094/7522/files/62C5DA45-FD1F-40DF-94CE-CF1303DF6973.jpg?v=1761395389,2,,,
nike-air-force-1-x-stitch,Stitch x Nike Air Force 1,"Introducing our unique and eye-catching Custom Hand Painted Nike Sneakers! These sneakers are the perfect colorway of style, art, and personalisation, making them a must-have for any sneaker-head or fashion enthusiast. Each pair of Custom Hand Painted Nike Sneakers is meticulously hand crafted by our skilled artists and sneaker designers who colorway their creativity and talent together to every sneaker",Knickgasm,Nike Air force 1,"best seller, Couple, custom nike shoes india, custom nike sneakers, Disney, featured, Gift, Movie, Nike, nike air force 1, Nike air force 1 custom shoes, nike air force 1 white, nike blue, nike shoes, prepaid, stitch",TRUE,168.94,225.25,https://cdn.shopify.com/s/files/1/0754/4094/7522/files/2750FE94-9A95-43E8-8C93-0F4E93D444C9.jpg?v=1748077599,1,active,Custom Sneakers,
nike-air-force-1-x-stitch,,,,,,,,,https://cdn.shopify.com/s/files/1/0754/4094/7522/files/284F9142-4CC0-4A50-9444-EAB81FC66969.jpg?v=1748077599,2,,,
nike-air-force-1-x-stitch,,,,,,,,,https://cdn.shopify.com/s/files/1/0754/4094/7522/files/3A21E1F6-1294-42B3-B84D-D68A0CA03DE9.jpg?v=1748077599,3,,,
nike-air-force-1-x-stitch,,,,,,,,,https://cdn.shopify.com/s/files/1/0754/4094/7522/files/13298392-3846-421D-8CD2-B92FF0B62F93.jpg?v=1748077599,4,,,
nike-air-force-1-black-x-fire-and-water,Fire and Water x Nike Air Force 1 Black,"Introducing our unique and eye-catching Custom Hand Painted Nike Air Force 1 Lows Black Sneakers! These sneakers are the perfect colorway of style, art, and personalisation, making them a must-have for any sneaker-head or fashion enthusiast. Fire and Water Custom Design Each pair of Custom Hand Painted Nike Sneakers is meticulously hand crafted by our skilled artists and sneaker designers who colorway t",Knickgasm,Nike Air force 1,"black, Black af1 India, black nike shoes india, black shoes, custom nike shoes india, custom nike sneakers, featured, fire, Nike, nike air force 1, Nike Air Force 1 black, nike air force1 black, nike black, nike black shoes, nike shoes, prepaid, swoosh, water",TRUE,143.28,191.04,https://cdn.shopify.com/s/files/1/0754/4094/7522/files/F4BBC6E4-335B-4E16-800D-41053D6D2DBF.jpg?v=1747145179,1,active,Custom Sneakers,
nike-air-force-1-black-x-fire-and-water,,,,,,,,,https://cdn.shopify.com/s/files/1/0754/4094/7522/files/94CD54E7-C9CA-421D-82FE-925414E65B8C.jpg?v=1747145179,2,,,
nike-air-force-1-black-x-cartoon,Cartoon x Nike Air Force 1 Black,"Introducing our unique and eye-catching Custom Hand Painted Nike Sneakers! These Cartooned Air Force 1 Lows Black sneakers are the perfect colorway of style, art, and personalisation, making them a must-have for any sneaker-head or fashion enthusiast. Each pair of Custom Hand Painted Nike Sneakers is meticulously hand crafted by our skilled artists and sneaker designers who colorway their creativity and",Knickgasm,Nike Air force 1,"black, Black af1 India, Black and white, black shoes, black swoosh, Black tick, cartoon, custom nike shoes india, custom nike sneakers, nike air force 1, Nike Air Force 1 black, nike air force1 black, nike black, nike black shoes, nike shoes, prepaid",TRUE,136.86,182.47,https://cdn.shopify.com/s/files/1/0754/4094/7522/files/5F8E712C-BE06-45A7-BFCB-F1D615169A1B.jpg?v=1746982558,1,active,Custom Sneakers,
nike-air-force-1-black-x-cartoon,,,,,,,,,https://cdn.shopify.com/s/files/1/0754/4094/7522/files/3401C2B3-E9E7-44B8-BEAD-1F77FF8A92DB.jpg?v=1746982558,2,,,
nike-air-force-1-black-x-cartoon,,,,,,,,,https://cdn.shopify.com/s/files/1/0754/4094/7522/files/7FDB8A56-1A67-46CF-BC75-5557E7A1D17C.jpg?v=1746982558,3,,,
nike-air-force-1-black-x-cartoon,,,,,,,,,https://cdn.shopify.com/s/files/1/0754/4094/7522/files/67C1BD9B-688D-4DC5-BA6A-DCB6B36DB6A8.jpg?v=1746982558,4,,,
nike-air-force-1-black-x-cartoon,,,,,,,,,https://cdn.shopify.com/s/files/1/0754/4094/7522/files/4C4E48AF-3EB8-44DC-A90A-3C8C51C58CD3.jpg?v=1746982558,5,,,
nike-air-force-1-black-x-cartoon,,,,,,,,,https://cdn.shopify.com/s/files/1/0754/4094/7522/files/EC781015-B51C-40A2-BEB6-9FB7F67E7734.jpg?v=1746982558,6,,,
nike-air-force-1-black-x-cartoon,,,,,,,,,https://cdn.shopify.com/s/files/1/0754/4094/7522/files/07E4CBB3-0F49-4BA7-B949-116640C9ECFE.jpg?v=1746982558,7,,,
nike-air-force-1-x-luffy-gear-5-x-sun-god-nikka,Luffy Gear 5 Sun God Nikka x Nike Air Force 1,"Nike Air Force 1 x Luffy Gear 5 – Custom Hand-Painted Anime Sneakers by Knickgasm Unleash your inner warrior with the Luffy Gear 5 Custom Nike Air Force 1 , exclusively designed by Knickgasm. This limited-edition anime sneaker merges iconic streetwear style with the raw, chaotic power of your favorite anime hero’s ultimate transformation. 🎨 Hand-Painted on 100% Authentic Nike Air Force 1 🔥 Inspire",Knickgasm,Nike Air force 1,"anime, anime art, anime shoes india, Anime-inspired sneakers, custom anime shoes india, custom anime sneaker india, custom nike shoes india, custom nike sneakers, gear 5, Japanese anime, Kaido, King one puece, luffy, Luffy gear 5, Nike, nike air force 1, nike air force 1 white, nike air force anime, nike anime, nike shoes, Nothing happened, one, one piece, one piece custom, one piece custom sneaker, pirate, prepaid, Ronorova zoro, Sun god, sword, uv, Wano arc, zoro",TRUE,238.97,316.00,https://cdn.shopify.com/s/files/1/0754/4094/7522/files/88A3270B-D710-420D-9797-0DC65DAE80F2.jpg?v=1745066850,1,active,Custom Sneakers,
nike-air-force-1-x-luffy-gear-5-x-sun-god-nikka,,,,,,,,,https://cdn.shopify.com/s/files/1/0754/4094/7522/files/27A7755A-2C92-44FC-AF27-DA7EDFE387DA.jpg?v=1745066850,2,,,
nike-air-force-1-x-luffy-gear-5-x-sun-god-nikka,,,,,,,,,https://cdn.shopify.com/s/files/1/0754/4094/7522/files/9C2CEB94-811E-4FA8-A76D-FCE491DBBC89.jpg?v=1745066850,3,,,
nike-air-force-1-x-luffy-gear-5-x-sun-god-nikka,,,,,,,,,https://cdn.shopify.com/s/files/1/0754/4094/7522/files/411E9D9E-D0B2-4B22-BE54-778C4849A36A.jpg?v=1745066850,4,,,
nike-air-force-1-x-luffy-gear-5-x-sun-god-nikka,,,,,,,,,https://cdn.shopify.com/s/files/1/0754/4094/7522/files/C52772F7-C725-4E40-B795-BD571404FB70.jpg?v=1745066850,5,,,
nike-air-force-1-x-luffy-gear-5-x-sun-god-nikka,,,,,,,,,https://cdn.shopify.com/s/files/1/0754/4094/7522/files/E7779D09-7BE6-4ED6-BA6E-48CF281A7AC1.jpg?v=1745066826,6,,,
nike-air-force-1-x-luffy-gear-5-x-sun-god-nikka,,,,,,,,,https://cdn.shopify.com/s/files/1/0754/4094/7522/files/0224E5BC-03EA-44A3-9A93-52A51D18C4E9.jpg?v=1745066827,7,,,
nike-air-force-1-x-luffy-gear-5-x-sun-god-nikka,,,,,,,,,https://cdn.shopify.com/s/files/1/0754/4094/7522/files/650698D2-FD5D-4086-B35A-302063710DB4.jpg?v=1745066827,8,,,
nike-air-force-1-x-fire-and-ice-beasts,Fire and Ice Beasts x Nike Air Force 1,"Introducing our unique and eye-catching Custom Hand Painted Nike Sneakers! These sneakers are the perfect colorway of style, art, and personalisation, making them a must-have for any sneaker-head or fashion enthusiast. Each pair of Custom Hand Painted Nike Sneakers is meticulously hand crafted by our skilled artists and sneaker designers who colorway their creativity and talent together to every sneaker",Knickgasm,Nike Air force 1,"animal, Aura, Beast, black, blue eyes, custom nike shoes india, custom nike sneakers, eyes, fire, Hunt, Ice, influencer, Inner power, Lion, Nike, nike air force 1, nike air force 1 white, nike black, nike shoes, Power, prepaid, roar, Spirit, Tiger, Water",TRUE,153.97,205.28,https://cdn.shopify.com/s/files/1/0754/4094/7522/files/82E6479C-420F-414D-989D-54CF6D8F9B24.jpg?v=1743590571,1,active,Custom Sneakers,
nike-air-force-1-x-fire-and-ice-beasts,,,,,,,,,https://cdn.shopify.com/s/files/1/0754/4094/7522/files/783A8650-70D3-4167-8730-3441A45B8E73.jpg?v=1743590801,2,,,
nike-air-force-1-x-fire-and-ice-beasts,,,,,,,,,https://cdn.shopify.com/s/files/1/0754/4094/7522/files/6FC7E0E5-5971-4DA7-9234-AA78C3245B03.jpg?v=1743590801,3,,,
nike-air-force-1-x-fire-and-ice-beasts,,,,,,,,,https://cdn.shopify.com/s/files/1/0754/4094/7522/files/8F67E4CC-B155-4843-82D4-1EA175BBC0D6.jpg?v=1743590801,4,,,
nike-air-force-1-x-cristiono-ronaldo-cr7,Nike Air Force 1 x Cristiono Ronaldo CR7,"Introducing our unique and eye-catching Custom Hand Painted Nike Cristiano Ronaldo Real Madrid theme Sneakers! These sneakers are the perfect colorway of style, art, and personalization, making them a must-have for any sneaker-head or Football enthusiast. CR7 Each pair of Custom Hand Painted Nike Sneakers is meticulously hand crafted by our skilled artists and sneaker designers who colorway their creati",Knickgasm,Nike Air force 1,"7, Al Nassr, black, cool custom, cr7, cristiano, custom nike shoes india, custom nike sneakers, custom shoes india, Customized soccer sneaker, dream, Football, goat, nike air force 1, Nike air force 1 custom shoes, nike air force 1 white, nike shoes, one, player, portugal, prepaid, Real madrid, Ronaldo, Ronaldo fan gear, seven, soccer, sports, star, white",TRUE,168.71,235.21,https://cdn.shopify.com/s/files/1/0754/4094/7522/files/CB132D11-3095-4C9E-BBC1-B8DF519CDA18.jpg?v=1742912534,1,active,Custom Sneakers,
nike-air-force-1-x-cristiono-ronaldo-cr7,,,,,,,,,https://cdn.shopify.com/s/files/1/0754/4094/7522/files/9A233BCC-9102-41FD-8F1D-9CD6B782E835.jpg?v=1742912534,2,,,
nike-air-force-1-x-cristiono-ronaldo-cr7,,,,,,,,,https://cdn.shopify.com/s/files/1/0754/4094/7522/files/08356BCC-8B48-449A-BFB7-B523252C138A.jpg?v=1742912534,3,,,
nike-air-force-1-x-cristiono-ronaldo-cr7,,,,,,,,,https://cdn.shopify.com/s/files/1/0754/4094/7522/files/C26E0CD4-7AC1-465B-8141-3E53A0630759.jpg?v=1742912534,4,,,
nike-air-force-1-x-cristiono-ronaldo-cr7,,,,,,,,,https://cdn.shopify.com/s/files/1/0754/4094/7522/files/B5700F3B-08A0-4E26-99EA-DC1D5087EC49.jpg?v=1742912534,5,,,
nike-air-force-1-x-luffy-x-zoro-2,Luffy x Zoro x Nike Air Force 1,"Introducing our unique and eye-catching Custom Hand Painted Nike Sneakers! These sneakers are the perfect colorway of style, art, and personalisation, making them a must-have for any sneaker-head or fashion enthusiast. Made on 100% Original Nike sneakers , our custom hand painted designs are durable and long-lasting. The high-quality materials used ensure that your sneakers will maintain their vibran",Knickgasm,Nike Air force 1,"anime, anime art, anime shoes india, Anime-inspired sneakers, Best, Best anime sneakers, best seller, Brook, chinese, custom anime shoes india, custom anime sneaker india, custom nike shoes india, custom nike sneakers, custom shoes india, featured, luff, Nami, Nike, nike air force 1, nike air force 1 white, one, one piece, one piece custom, pirate, prepaid, Robin, Sanji, skull, Tony Tony Chopper, Usopp, zoro",TRUE,170.40,220.96,https://cdn.shopify.com/s/files/1/0754/4094/7522/files/EC7D0396-A1AB-48FE-9527-29B6E7FB2403.jpg?v=1782329937,1,active,Custom Sneakers,
nike-air-force-1-x-luffy-x-zoro-2,,,,,,,,,https://cdn.shopify.com/s/files/1/0754/4094/7522/files/D8FAED11-F2CA-443E-B526-99A8FCCDDE26.jpg?v=1782329937,2,,,
nike-air-force-1-x-luffy-x-zoro-2,,,,,,,,,https://cdn.shopify.com/s/files/1/0754/4094/7522/files/3CC48D0C-9522-4BA2-8985-BB44D35DF7D5.jpg?v=1782329937,3,,,
nike-air-force-1-x-luffy-x-zoro-2,,,,,,,,,https://cdn.shopify.com/s/files/1/0754/4094/7522/files/FD03B64D-508F-44E3-B52B-DD2569486055.jpg?v=1782329937,4,,,
nike-air-force-1-x-luffy-x-zoro-2,,,,,,,,,https://cdn.shopify.com/s/files/1/0754/4094/7522/files/4C412523-15FF-49AA-82F3-AA28489742E5.jpg?v=1782329937,5,,,
nike-air-force-1-x-luffy-x-zoro-2,,,,,,,,,https://cdn.shopify.com/s/files/1/0754/4094/7522/files/CE067C53-6F28-4431-A6EA-EB2374456100.jpg?v=1782329938,6,,,
nike-air-force-1-x-luffy-x-zoro-2,,,,,,,,,https://cdn.shopify.com/s/files/1/0754/4094/7522/files/E30B9266-7DCE-41C7-9D6C-C74C30592A19.jpg?v=1782329937,7,,,
nike-air-force-1-x-spiderman-theme,Spiderman x Nike Air Force 1,"Swing into the Spider-Verse with the Spider-Man x Nike Air Force 1 Custom Sneakers by Knickgasm. Inspired by Marvel’s iconic web-slinger, this hand-painted design features bold Spider-Man artwork, signature web graphics, and comic-inspired detailing that captures the spirit of everyone’s favorite superhero. Every pair is individually handcrafted on 100% authentic Nike Air Force 1 sneakers sourced ",Knickgasm,Nike Air force 1,"colourful, custom nike shoes india, custom nike sneakers, custom shoes india, dc, India shoes, marvel, marvel fan, Multiverse, Nike, nike air force 1, nike air force 1 white, nike blue, nike pastel, nike red, nike shoes, pastel nike, prepaid, rainbow, red, Shoes for boyfriend, Shoes for girlfriend, spiderman, Splatter, Sprinkled color, white shoes",TRUE,156.26,210.99,https://cdn.shopify.com/s/files/1/0754/4094/7522/files/09619E8A-A045-4CDB-A8D1-80802B4C6F21.jpg?v=1742309178,1,active,Custom Sneakers,
nike-air-force-1-x-spiderman-theme,,,,,,,,,https://cdn.shopify.com/s/files/1/0754/4094/7522/files/BFA284A0-CECB-4A88-A24C-6B83156977CC.jpg?v=1742309178,2,,,
nike-air-force-1-x-smoke,420 x Nike Air Force 1,"Custom AIR FORCE 1 RAW with velcro embroidered swooshes. The hook and loop velcro is very strong, you will never have to worry about falling off . You can change the designs as per your outfit and liking. Made on 100% Original Nike sneakers Discover our Custom Sneakers - the ideal option for those seeking statement footwear to express their individuality, give a special present, or market their br",Knickgasm,Nike Air force 1,"420, best seller, Changeable swooshes, cigar, ciggerate, cool, custom nike shoes india, custom nike sneakers, embroidered swooshes, featured, joint, leaves, Nike, nike air force 1, nike air force 1 white, nike shoes, prepaid, raw, smoke, swoosh, thug, weed",TRUE,115.47,153.97,https://cdn.shopify.com/s/files/1/0754/4094/7522/files/9EA51B83-A7B1-42B6-92F2-0AFC42B55CB2.jpg?v=1751403345,1,active,Custom Sneakers,
nike-air-force-1-x-smoke,,,,,,,,,https://cdn.shopify.com/s/files/1/0754/4094/7522/files/904EE839-4A91-4BBC-9834-9D6530A2D362.jpg?v=1751403345,2,,,
nike-air-force-1-x-smoke,,,,,,,,,https://cdn.shopify.com/s/files/1/0754/4094/7522/files/D8FFECEE-E80A-43D1-B17D-62C9F786831B.jpg?v=1751403345,3,,,
nike-air-force-1-x-splatter-2,Splatter x Nike Air Force 1,"Introducing our unique and eye-catching Custom Hand Painted Nike Sneakers! These sneakers are the perfect colorway of style, art, and personalisation, making them a must-have for any sneaker-head or fashion enthusiast. Made on 100% Original Nike sneakers , our custom hand painted designs are durable and long-lasting. The high-quality materials used ensure that your sneakers will maintain their vibran",Knickgasm,Nike Air force 1,"Blue., color block, Color way, colourful, custom nike shoes india, custom nike sneakers, custom shoes india, India shoes, Nike, nike air force 1, nike air force 1 white, nike blue, nike pastel, nike red, nike shoes, pastel nike, prepaid, rainbow, red, Shoes for boyfriend, Shoes for girlfriend, Splash, Splatter, Sprinkled color, white shoes",TRUE,147.54,196.72,https://cdn.shopify.com/s/files/1/0754/4094/7522/files/9FE62CFD-B9EA-4DCC-8450-F886D09B6157.jpg?v=1742067568,1,active,Custom Sneakers,
nike-air-force-1-x-splatter-2,,,,,,,,,https://cdn.shopify.com/s/files/1/0754/4094/7522/files/A24A7A0E-2F38-4727-B39F-A45218F6AA33.jpg?v=1742067568,2,,,
nike-air-force-1-x-splatter-2,,,,,,,,,https://cdn.shopify.com/s/files/1/0754/4094/7522/files/744C958A-9615-4572-A430-2FD51A1F4990.jpg?v=1742067568,3,,,
adidas-sambas-x-sunrise,Sunrise x Adidas Sambas,"Adidas Sambas x Sunrise colorway classic design with modern flair, offering exceptional comfort and durability. Crafted with premium materials, these sneakers provide reliable support for everyday wear and athletic activities. Their iconic silhouette is enhanced with unique Sunrise-inspired details, making them a standout choice for sneaker enthusiasts seeking both style and performance. Every sneake",Knickgasm,Adidas,"Adidas, Adidas sneakers india, big laces, brown, Custom adidas sneakers, Custom samba, dip, Dye, featured, laces, orange, prepaid, purple, rope, Sambas, stripes, sunrise, thick, yelloworange",TRUE,203.43,255.28,https://cdn.shopify.com/s/files/1/0754/4094/7522/files/B10A88D2-F68E-4CEC-9727-E06FCDF76D76.jpg?v=1742066112,1,active,Custom Sneakers,
adidas-sambas-x-sunrise,,,,,,,,,https://cdn.shopify.com/s/files/1/0754/4094/7522/files/2F280633-AD70-46D4-B525-49A5CF64D57F.jpg?v=1742066112,2,,,
adidas-sambas-x-sunrise,,,,,,,,,https://cdn.shopify.com/s/files/1/0754/4094/7522/files/EB17F0FF-DD6F-49F5-BE7B-8593B5658900.jpg?v=1742066112,3,,,
adidas-sambas-x-sunset,Adidas Sambas x Sunset,"Introducing our unique and eye-catching Custom Adidas Sambas sneakers! These sneakers are the perfect colorway of style, art, and personalisation, making them a must-have for any sneaker-head or fashion enthusiast. Every sneaker is hand-dyed using a unique dyeing process, which means no two pairs are exactly the same . Due to the handcrafted and hand-dyed nature of the product, there may be slight va",Knickgasm,Adidas,"Adidas, Adidas sneakers india, big laces, brown, Custom adidas sneakers, Custom samba, dip, Dye, featured, laces, orange, prepaid, purple, rope, Sambas, stripes, Sunset, thick, yelloworange",TRUE,203.43,255.28,https://cdn.shopify.com/s/files/1/0754/4094/7522/files/4B451811-4328-4A17-83EC-9465B544F0AF.jpg?v=1742065948,1,active,Custom Sneakers,
adidas-sambas-x-sunset,,,,,,,,,https://cdn.shopify.com/s/files/1/0754/4094/7522/files/6D5A48DE-AB91-4924-8DAF-CBA9C22D7E94.jpg?v=1742065948,2,,,
adidas-sambas-x-sunset,,,,,,,,,https://cdn.shopify.com/s/files/1/0754/4094/7522/files/8CAED1B4-9220-4199-A26B-E6B511B9D4B6.jpg?v=1742065948,3,,,
adidas-sambas-x-sunset,,,,,,,,,https://cdn.shopify.com/s/files/1/0754/4094/7522/files/5F6728A0-1D66-474B-A157-9102FE0A141F.jpg?v=1742065948,4,,,
adidas-sambas-x-coffee-dip,Adidas Sambas x mocha coffee,"Introducing our unique and eye-catching Custom Adidas Sambas sneakers! These sneakers are the perfect colorway of style, art, and personalisation, making them a must-have for any sneaker-head or fashion enthusiast. This is dipped into raw coffee therefore few raw coffee marks and punch marks might be there. Each pair of Custom Adidas Sambas Sneakers is meticulously hand crafted by our skilled artists",Knickgasm,Adidas,"Adidas, Adidas sneakers india, big laces, brown, coffe, coffee, Coffee dip, Custom adidas sneakers, Custom samba, dip, Dye, featured, laces, prepaid, rope, Sambas, thick",TRUE,192.00,203.43,https://cdn.shopify.com/s/files/1/0754/4094/7522/files/7D1C1A5F-B3FD-436C-8037-C9CBCB535215.png?v=1742065518,1,active,Custom Sneakers,
adidas-sambas-x-coffee-dip,,,,,,,,,https://cdn.shopify.com/s/files/1/0754/4094/7522/files/28A3E327-D4AA-40EF-9815-F056642380EA.png?v=1742065518,2,,,
adidas-sambas-x-coffee-dip,,,,,,,,,https://cdn.shopify.com/s/files/1/0754/4094/7522/files/34B485A9-B8C4-42FB-B87B-656389FC5C08.png?v=1742065518,3,,,
nike-air-force-1-x-splatter-1,Splatter x Nike Air Force 1,"Introducing our unique and eye-catching Custom Hand Painted Nike Sneakers! These sneakers are the perfect colorway of style, art, and personalisation, making them a must-have for any sneaker-head or fashion enthusiast. Made on 100% Original Nike sneakers , our custom hand painted designs are durable and long-lasting. The high-quality materials used ensure that your sneakers will maintain their vibran",Knickgasm,Nike Air force 1,"Blue., color block, Color way, colourful, custom nike shoes india, custom nike sneakers, custom shoes india, India shoes, Nike, nike air force 1, nike air force 1 white, nike blue, nike pastel, nike red, nike shoes, pastel nike, prepaid, rainbow, red, Shoes for boyfriend, Shoes for girlfriend, Splash, Splatter, Sprinkled color, white shoes",TRUE,147.54,196.72,https://cdn.shopify.com/s/files/1/0754/4094/7522/files/B5C979FA-1B85-4617-983C-99E69DAB47EA.jpg?v=1741785279,1,active,Custom Sneakers,
nike-air-force-1-x-splatter-1,,,,,,,,,https://cdn.shopify.com/s/files/1/0754/4094/7522/files/A36394EE-BF6D-4DC8-BA10-DAD5D693B254.jpg?v=1741785279,2,,,
nike-air-force-1-x-red-blue-splash,Red Blue Splash x Nike Air Force 1,"Introducing our unique and eye-catching Custom Hand Painted Nike Sneakers! These sneakers are the perfect colorway of style, art, and personalisation, making them a must-have for any sneaker-head or fashion enthusiast. Made on 100% Original Nike sneakers , our custom hand painted designs are durable and long-lasting. The high-quality materials used ensure that your sneakers will maintain their vibran",Knickgasm,Nike Air force 1,"Blue., color block, Color way, colourful, custom nike shoes india, custom nike sneakers, custom shoes india, India shoes, Nike, nike air force 1, nike air force 1 white, nike blue, nike pastel, nike red, nike shoes, pastel nike, prepaid, rainbow, red, Shoes for boyfriend, Shoes for girlfriend, Splash, Splatter, Sprinkled color, white shoes",TRUE,136.86,182.47,https://cdn.shopify.com/s/files/1/0754/4094/7522/files/207E99F1-BB5D-4770-ABE6-290570BE6C3A.jpg?v=1741604615,1,active,Custom Sneakers,
nike-air-force-1-x-eagle,Eagle x Nike Air Force 1,"Introducing our unique and eye-catching Custom Eagle 🦅 Theme Hand Painted Nike Sneakers! These sneakers are the perfect colorway of style, art, and personalisation, making them a must-have for any sneaker-head or fashion enthusiast. Each pair of Custom Hand Painted Nike Sneakers is meticulously hand crafted by our skilled artists and sneaker designers who colorway their creativity and talent together to",Knickgasm,Nike Air force 1,"animal, black, blue eyes, custom nike shoes india, custom nike sneakers, Eagle, eyes, influencer, Inner power, Nike, nike air force 1, nike air force 1 white, nike black, nike shoes, Power, prepaid, roar, Strength, Tiger, Usa",TRUE,158.25,210.99,https://cdn.shopify.com/s/files/1/0754/4094/7522/files/6B485FD0-B92A-4697-920E-152186303507.jpg?v=1740834918,1,active,Custom Sneakers,
nike-air-force-1-x-eagle,,,,,,,,,https://cdn.shopify.com/s/files/1/0754/4094/7522/files/7F609FFD-1F80-4F47-95A2-1DF750D29A24.jpg?v=1740834918,2,,,
nike-air-force-1-x-eagle,,,,,,,,,https://cdn.shopify.com/s/files/1/0754/4094/7522/files/331F3B8C-7D7C-4D44-934E-9FBD114EDC66.jpg?v=1740834918,3,,,
nike-air-force-1-x-eagle,,,,,,,,,https://cdn.shopify.com/s/files/1/0754/4094/7522/files/04B6387C-1728-4301-9FA5-D8FDC01DE8AC.jpg?v=1740834918,4,,,
nike-air-force-1-x-eagle,,,,,,,,,https://cdn.shopify.com/s/files/1/0754/4094/7522/files/BF3EDE29-C4F4-417D-A4C6-83EE8F26330F.jpg?v=1740834918,5,,,
nike-air-force-1-x-eagle,,,,,,,,,https://cdn.shopify.com/s/files/1/0754/4094/7522/files/0FF15E0D-DE6E-4EF5-A0E9-377E249B865C.jpg?v=1740834918,6,,,
nike-air-force-1-x-eagle,,,,,,,,,https://cdn.shopify.com/s/files/1/0754/4094/7522/files/4FECD4DE-280B-4382-A167-92433BD5BB03.jpg?v=1740834918,7,,,
nike-air-force-1-x-shanks-x-luffy,Shanks x Luffy x Nike Air Force 1,"Introducing our unique and eye-catching Custom Hand Painted Nike Sneakers! These sneakers are the perfect colorway of style, art, and personalisation, making them a must-have for any sneaker-head or fashion enthusiast. Design features Shanks and Luffy of One Piece Anime and Manga Panels Made on 100% Original Nike sneakers , our custom hand painted designs are durable and long-lasting. The high-qualit",Knickgasm,Nike Air force 1,"Agamino shanks, anime, anime art, anime shoes india, Anime-inspired sneakers, Best anime sneakers, Brook, chinese, custom anime shoes india, custom anime sneaker india, custom nike shoes india, custom nike sneakers, custom shoes india, featured, india, India custom, India shoes, luff, luffy, Luffy gear 5, Nami, Nike, nike air force 1, nike air force 1 white, one, one piece, one piece custom, pirate, prepaid, Red head, Robin, Sanji, Shanks, skull, Straw hat, Tony Tony Chopper, Usopp, Yonko, zoro",TRUE,193.06,257.41,https://cdn.shopify.com/s/files/1/0754/4094/7522/files/66F1A11B-0F49-45C4-AFA2-76E63601D77F.jpg?v=1739942109,1,active,Custom Sneakers,
nike-air-force-1-x-shanks-x-luffy,,,,,,,,,https://cdn.shopify.com/s/files/1/0754/4094/7522/files/B0F306FF-C51E-49A4-BEBB-EF244796696B.png?v=1739942143,2,,,
nike-air-force-1-x-shanks-x-luffy,,,,,,,,,https://cdn.shopify.com/s/files/1/0754/4094/7522/files/59773133-92CE-4819-A773-EDDEA1F16F72.png?v=1739942143,3,,,
nike-air-force-1-x-shanks-x-luffy,,,,,,,,,https://cdn.shopify.com/s/files/1/0754/4094/7522/files/31FE5D74-6A00-4767-8F1F-B730CB08EFAC.jpg?v=1739942143,4,,,
nike-air-force-1-x-shanks-x-luffy,,,,,,,,,https://cdn.shopify.com/s/files/1/0754/4094/7522/files/1A4D6BD3-21E8-4B72-AC3D-7B1A7113DBA8.jpg?v=1739942143,5,,,
nike-air-force-1-x-itachi-x-sasuke,Itachi x Sasuke x Nike Air Force 1,"Introducing our unique and eye-catching Custom Hand Painted Nike Sneakers! These sneakers are the perfect colorway of style, art, and personalisation, making them a must-have for any sneaker-head or fashion enthusiast. These are customised with designs Itachi x Sasuke Uchiha brothers Naruto customisation Each pair of Custom Hand Painted Nike Sneakers is meticulously hand crafted by our skilled artist",Knickgasm,Nike Air force 1,"animal, anime, anime art, Anime eyes, anime shoes india, anime swoosh, Anime-inspired sneakers, custom anime shoes india, custom anime sneaker india, itachi, itachi eyes, Itachi Uchiha, Japanese anime, nagato, naruto, Naruto cosplay shoes, Naruto custom sneakers, naruto eyes, naruto shppuden, naruto swoosh, Naruto Uzumaki, nike air force anime, nike anime, prepaid, Sakura Haruno, sasuke, sasuke eyes, Sasuke Uchiha, Shikamaru Nara, swoosh, uchiha",TRUE,168.94,225.25,https://cdn.shopify.com/s/files/1/0754/4094/7522/files/9C13DC5D-A3B7-4865-990B-12DF4B443346.jpg?v=1739754995,1,active,Custom Sneakers,
nike-air-force-1-x-itachi-x-sasuke,,,,,,,,,https://cdn.shopify.com/s/files/1/0754/4094/7522/files/10D0B89C-A564-426B-9335-988F06913795.jpg?v=1739754996,2,,,
nike-air-force-1-x-itachi-x-sasuke,,,,,,,,,https://cdn.shopify.com/s/files/1/0754/4094/7522/files/D1E271E7-4C89-42B7-B9E4-7814E6CC7BF3.jpg?v=1739754995,3,,,
nike-air-force-1-x-itachi-x-sasuke,,,,,,,,,https://cdn.shopify.com/s/files/1/0754/4094/7522/files/4957B4AB-3178-487E-886B-D00BE6E2E02A.jpg?v=1739754995,4,,,
nike-air-force-1-x-bmw-block-custom,BMW Drip Custom x Nike Air Force 1,"Introducing our unique and eye-catching Custom Nike x BMW Custom. These sneakers are the perfect colorway of style, art, and personalisation, making them a must-have for any sneaker-head or fashion enthusiast. Each pair of Custom Hand Painted Nike Sneakers is meticulously hand crafted by our skilled artists and sneaker designers who colorway their creativity and talent together to every sneaker. These s",Knickgasm,Nike Air force 1,"black nike shoes india, Bmw, Car, custom nike shoes india, custom nike sneakers, Nike, nike air force 1, Nike Air Force 1 black, nike air force1 black, nike black, nike black shoes, prepaid, Speed, Supercar",TRUE,153.26,191.04,https://cdn.shopify.com/s/files/1/0754/4094/7522/files/C460FB0D-AEF6-42E4-B1A3-90B3171A105A.jpg?v=1785016874,1,active,Custom Sneakers,
nike-air-force-1-x-bmw-block-custom,,,,,,,,,https://cdn.shopify.com/s/files/1/0754/4094/7522/files/AD3D6240-3599-4626-AA2A-8B0A0CC831F5.jpg?v=1785016874,2,,,
nike-air-force-1-x-bmw-block-custom,,,,,,,,,https://cdn.shopify.com/s/files/1/0754/4094/7522/files/C92A71BD-B7A6-40B4-8AD7-10553C991FCB.jpg?v=1774616644,3,,,
nike-air-force-1-x-bmw-block-custom,,,,,,,,,https://cdn.shopify.com/s/files/1/0754/4094/7522/files/EB59A578-3E61-4392-AC20-8E72364DC90B.jpg?v=1774616631,4,,,
nike-air-force-1-x-mercedes-amg-custom,Mercedes AMG F1 x Nike Air Force 1,"Introducing our unique and eye-catching Custom Nike Air Force 1 inspired by Lewis Hamilton and Mercedes-AMG Petronas. Featuring teal accents, AMG and Petronas branding, and a bold tribute to F1 dominance. A must-have for racing and sneaker fans alike Each pair of Custom Hand Painted Nike Sneakers is meticulously hand crafted by our skilled artists and sneaker designers who colorway their creativity a",Knickgasm,Nike Air force 1,"Amg, black nike shoes india, Car, custom nike shoes india, custom nike sneakers, Dts, F1, Lewis hamilton, Mercedes, Nike, nike air force 1, Nike Air Force 1 black, nike air force1 black, nike black, nike black shoes, Petronas, prepaid, Race car, Speed, Supercar, teal",TRUE,158.25,210.99,https://cdn.shopify.com/s/files/1/0754/4094/7522/files/D6EFD906-6873-4564-B79B-DC6F52AD14B5.jpg?v=1744291501,1,active,Custom Sneakers,
nike-air-force-1-x-mercedes-amg-custom,,,,,,,,,https://cdn.shopify.com/s/files/1/0754/4094/7522/files/9BCEF533-8E11-43E9-9B8D-1357419557FF.jpg?v=1744291501,2,,,
nike-air-force-1-x-mercedes-amg-custom,,,,,,,,,https://cdn.shopify.com/s/files/1/0754/4094/7522/files/4A4A6AA8-1254-4A47-B403-FC9DD9DC2E70.jpg?v=1744291501,3,,,
nike-air-force-1-x-mercedes-amg-custom,,,,,,,,,https://cdn.shopify.com/s/files/1/0754/4094/7522/files/10D0B095-AF15-4396-AEFF-87DB26A9C1E2.jpg?v=1744291501,4,,,
nike-air-force-1-x-mercedes-amg-custom,,,,,,,,,https://cdn.shopify.com/s/files/1/0754/4094/7522/files/308327FA-C20F-4199-94C6-FA0792ACF717.jpg?v=1744291501,5,,,
nike-air-force-1-x-mercedes-amg-custom,,,,,,,,,https://cdn.shopify.com/s/files/1/0754/4094/7522/files/069744FE-086E-4E5E-877D-D2498CBCBBB1.jpg?v=1744291501,6,,,
nike-air-force-1-x-mercedes-amg-custom,,,,,,,,,https://cdn.shopify.com/s/files/1/0754/4094/7522/files/F8BEAD16-1450-458E-9476-74F3C8425918.jpg?v=1744291501,7,,,
nike-air-force-1-x-mercedes-amg-custom,,,,,,,,,https://cdn.shopify.com/s/files/1/0754/4094/7522/files/8E5B75EA-9602-4ED1-86F1-083BB137CC38.jpg?v=1744291501,8,,,
nike-air-force-1-x-mercedes-amg-custom,,,,,,,,,https://cdn.shopify.com/s/files/1/0754/4094/7522/files/2692BA05-0345-4B9A-90C8-09144D65C17F.jpg?v=1744291501,9,,,
nike-air-force-1-x-drip-custom,Drip Custom x Nike Air Force 1,"Introducing our unique and eye-catching Custom Hand Painted Nike Sneakers! These sneakers are the perfect colorway of style, art, and personalization, making them a must-have for any sneaker-head or fashion enthusiast. Each pair of Custom Hand Painted Nike Sneakers is meticulously hand crafted by our skilled artists and sneaker designers who colorway their creativity and talent together to every sneaker",Knickgasm,Nike Air force 1,"Black & White, black drip, black swoosh, custom nike shoes india, custom nike sneakers, drip, drips, drop, droplet, Gradient, Minimal, minimalist, Nike, nike air force 1, nike air force 1 white, nike black, nike shoes, prepaid, swoosh, white, white drip, white shoes",TRUE,158.25,210.99,https://cdn.shopify.com/s/files/1/0754/4094/7522/files/3128958B-FB22-4650-852E-6737C644FEFE.jpg?v=1737986803,1,active,Custom Sneakers,
nike-air-force-1-x-drip-custom,,,,,,,,,https://cdn.shopify.com/s/files/1/0754/4094/7522/files/3AAB78A7-34B7-4CF0-90E3-7D816911598F.jpg?v=1737986803,2,,,
nike-air-force-1-x-drip-custom,,,,,,,,,https://cdn.shopify.com/s/files/1/0754/4094/7522/files/AE6FADA9-A14F-403F-9763-5E241112975D.jpg?v=1737986803,3,,,
nike-air-force-1-x-drip-custom,,,,,,,,,https://cdn.shopify.com/s/files/1/0754/4094/7522/files/0435C29E-19FD-4373-8AEC-20F4BD8ACA57.jpg?v=1737986803,4,,,
nike-air-force-1-x-drip-custom,,,,,,,,,https://cdn.shopify.com/s/files/1/0754/4094/7522/files/F8D39CB9-5A9C-4C89-8AF7-50F253647A1B.jpg?v=1737986803,5,,,
sneaker-care-kit,Ultimate Sneaker Care Kit,"The Ultimate Sneaker Cleaning Kit is the ideal solution to keep your sneakers looking spotless, fresh, and well-protected. Whether you’re a sneakerhead with Custom kicks or Any Premiun Kicks (may no be custom) , this sneaker cleaning kit is designed for all types of sneakers and materials. What’s Inside? • Sneaker Cleaning Foam (LIQUID ): A powerful, gentle foam to remove dirt and grime effectivel",Knickgasm,,"accessories, Cleaning, Clear, prepaid, Sneaker care kit",TRUE,17.13,34.27,https://cdn.shopify.com/s/files/1/0754/4094/7522/files/39D1E11C-861B-47D1-83E2-81B8382E528D.jpg?v=1738650974,1,active,Custom Sneakers,
sneaker-care-kit,,,,,,,,,https://cdn.shopify.com/s/files/1/0754/4094/7522/files/264DC196-E89A-49A0-9E29-98D974178725.jpg?v=1738650974,2,,,
sneaker-care-kit,,,,,,,,,https://cdn.shopify.com/s/files/1/0754/4094/7522/files/74E05D5C-21AD-43C4-BB3C-46D3EFF87754.jpg?v=1738650974,3,,,
sneaker-care-kit,,,,,,,,,https://cdn.shopify.com/s/files/1/0754/4094/7522/files/59610456-2D7A-4CC6-A83A-E2C1AD765C10.jpg?v=1738650974,4,,,
sneaker-care-kit,,,,,,,,,https://cdn.shopify.com/s/files/1/0754/4094/7522/files/62022878-FD6C-46B8-B3BA-C38B520D9A3B.jpg?v=1738650974,5,,,
sneaker-care-kit,,,,,,,,,https://cdn.shopify.com/s/files/1/0754/4094/7522/files/5F2BE4EF-96A7-45BD-8E01-57A3FCBFD263.jpg?v=1738650974,6,,,
sneaker-care-kit,,,,,,,,,https://cdn.shopify.com/s/files/1/0754/4094/7522/files/98A38474-C80A-4872-AF73-972ACC4ECDED.jpg?v=1738650974,7,,,
sneaker-care-kit,,,,,,,,,https://cdn.shopify.com/s/files/1/0754/4094/7522/files/B02DAD26-87C7-4A63-B05B-A52CF69C7DE7.jpg?v=1738650974,8,,,
sneaker-care-kit,,,,,,,,,https://cdn.shopify.com/s/files/1/0754/4094/7522/files/2A93F857-6A69-4851-B03C-7D2446480231.jpg?v=1738650974,9,,,
sneaker-care-kit,,,,,,,,,https://cdn.shopify.com/s/files/1/0754/4094/7522/files/E32D178F-28E7-43DA-AAEB-1721EA187C9F.jpg?v=1738650974,10,,,
sneaker-care-kit,,,,,,,,,https://cdn.shopify.com/s/files/1/0754/4094/7522/files/C5BAF2AB-EB4A-4AF0-B84D-CB5EF16D5281.jpg?v=1738650974,11,,,
sneaker-care-kit,,,,,,,,,https://cdn.shopify.com/s/files/1/0754/4094/7522/files/59E58CC0-98DE-405C-90AD-804BA7066BF1.jpg?v=1738650974,12,,,
sneaker-care-kit,,,,,,,,,https://cdn.shopify.com/s/files/1/0754/4094/7522/files/B097D564-BC46-4DAC-BB9E-5960B339033F.jpg?v=1738650974,13,,,
nike-air-force-1-black-x-one-piece,One Piece x Nike Air Force 1 Black,"Introducing our unique and eye-catching Custom Hand Painted Nike Sneakers! These sneakers are the perfect colorway of style, art, and personalisation, making them a must-have for any sneaker-head or fashion enthusiast. Made on 100% Original Nike sneakers , our custom hand painted designs are durable and long-lasting. The high-quality materials used ensure that your sneakers will maintain their vibran",Knickgasm,Nike Air force 1,"anime, anime art, anime shoes india, Anime-inspired sneakers, black, Black af1 India, Brook, chinese, custom anime shoes india, custom anime sneaker india, custom nike shoes india, custom nike sneakers, custom shoes india, featured, luff, Nami, Nike, nike air force 1, Nike Air Force 1 black, nike air force1 black, nike black, nike black shoes, one, one piece, one piece custom, pirate, prepaid, Robin, Sanji, skull, Tony Tony Chopper, Usopp, zoro",TRUE,181.83,239.49,https://cdn.shopify.com/s/files/1/0754/4094/7522/files/775F6A1F-F05B-41A7-B85D-F62FED558127.jpg?v=1737645902,1,active,Custom Sneakers,
nike-air-force-1-black-x-one-piece,,,,,,,,,https://cdn.shopify.com/s/files/1/0754/4094/7522/files/00561938-4010-47ED-8A56-79728F5D6F5E.jpg?v=1737645902,2,,,
nike-air-force-1-black-x-one-piece,,,,,,,,,https://cdn.shopify.com/s/files/1/0754/4094/7522/files/8C73F240-EAB8-410A-BB65-39E287AF415D.jpg?v=1737645902,3,,,
nike-air-force-1-black-x-one-piece,,,,,,,,,https://cdn.shopify.com/s/files/1/0754/4094/7522/files/CBAA2204-C670-46EE-9128-8D093FA3E2FF.jpg?v=1737645902,4,,,
nike-air-force-1-black-x-one-piece,,,,,,,,,https://cdn.shopify.com/s/files/1/0754/4094/7522/files/9A3BC013-89D2-4D1C-9343-A831371788F5.jpg?v=1737645902,5,,,
nike-air-force-1-x-eren-x-levi,Levi x Titan x Nike Air Force 1,"Introducing our unique and eye-catching Custom Hand Painted Nike Sneakers! These sneakers are the perfect colorway of style, art, and personalisation, making them a must-have for any sneaker-head or fashion enthusiast. Made on 100% Original Nike sneakers , our custom hand painted designs are durable and long-lasting. The high-quality materials used ensure that your sneakers will maintain their vibran",Knickgasm,Nike Air force 1,"anime, anime art, anime shoes india, anime swoosh, Anime-inspired sneakers, Attack on titan, Black and white, Comic, custom anime shoes india, custom anime sneaker india, custom nike shoes india, custom nike sneakers, Eren yeager, featured, Levi, manga, Mikasa ackerman, Nike, nike air force 1, nike air force 1 white, nike air force anime, nike anime, nike shoes, prepaid",TRUE,164.65,219.53,https://cdn.shopify.com/s/files/1/0754/4094/7522/files/0BE6A5CB-1DEC-46F8-A3A8-A5CBF0459873.jpg?v=1737627796,1,active,Custom Sneakers,
nike-air-jordan-lows-x-luffy-x-zoro,Luffy x Zoro x Nike Air Jordan 1 Lows,"Introducing our unique and eye-catching Custom Hand Painted Nike One Piece Custom Sneakers! These sneakers are the perfect colorway of style, art, and personalisation, making them a must-have for any sneaker-head or fashion enthusiast. Featuring Luffy and Zoro Gear 5 and King of hell Made on 100% Original Nike sneakers , our custom hand painted designs are durable and long-lasting. The high-quality m",Knickgasm,Nike Air Jordan,"anime, anime art, anime shoes india, Anime-inspired sneakers, chopper, custom anime shoes india, custom anime sneaker india, custom nike shoes india, custom nike sneakers, featured, gear 5, luffy, Nami, Nike, nike anime, nike jordan, nike shoes, one, one piece, one piece custom, one piece custom sneaker, prepaid, Robin, Sanji, sword, zoro",TRUE,219.54,316.79,https://cdn.shopify.com/s/files/1/0754/4094/7522/files/5641863E-7DBF-4F80-BC2D-23F922D84761.jpg?v=1737722134,1,active,Custom Sneakers,
nike-air-jordan-lows-x-luffy-x-zoro,,,,,,,,,https://cdn.shopify.com/s/files/1/0754/4094/7522/files/28112BAD-E95D-4746-B267-9A3C7CBB8F1D.jpg?v=1737722134,2,,,
nike-air-jordan-lows-x-luffy-x-zoro,,,,,,,,,https://cdn.shopify.com/s/files/1/0754/4094/7522/files/4FE2648C-1EFA-4DAA-8B50-2B8D99D4D3F6.jpg?v=1737722134,3,,,
nike-air-jordan-lows-x-luffy-x-zoro,,,,,,,,,https://cdn.shopify.com/s/files/1/0754/4094/7522/files/8EA575E2-BC5D-4760-9EC4-EB96A38AA965.jpg?v=1737722134,4,,,
nike-air-jordan-lows-x-luffy-x-zoro,,,,,,,,,https://cdn.shopify.com/s/files/1/0754/4094/7522/files/B02E9E08-9FB4-49EB-992D-928D4D80531C.jpg?v=1737722134,5,,,
nike-air-jordan-lows-x-luffy-x-zoro,,,,,,,,,https://cdn.shopify.com/s/files/1/0754/4094/7522/files/B072485B-8734-4085-9337-A72573E72B38.jpg?v=1737722134,6,,,
nike-air-jordan-lows-x-luffy-x-zoro,,,,,,,,,https://cdn.shopify.com/s/files/1/0754/4094/7522/files/A6C492BF-089C-4D01-967A-A4348C854EDD.jpg?v=1737722134,7,,,
nike-air-jordan-lows-x-luffy-x-zoro,,,,,,,,,https://cdn.shopify.com/s/files/1/0754/4094/7522/files/EC51B089-1390-484B-95D2-24EB9898F9B7.jpg?v=1737722134,8,,,
phillipp-plein-chunky-godzilla-sneaker-x-color-wave-custom,Phillipp Plein Chunky Godzilla Sneaker X Color Wave Custom,"Introducing our unique and eye-catching Custom Hand Painted Phillipp Plein Chunky Godzilla Sneaker! These sneakers are the perfect colorway of style, art, and personalisation, making them a must-have for any sneaker-head or fashion enthusiast. Made on 100% Original Phillipp Plein Chunky Godzilla Sneaker , our custom hand painted designs are durable and long-lasting. The high-quality materials used en",Knickgasm,Phillipp Plein Chunky Godzilla,"80 lakh, Color way, custom shoes india, Custom sneakers, Expensive, india, India custom, Luxury, Most expensive sneaker, Phillipp Plein Chunky Godzilla Sneaker, Pp, prepaid, rich",TRUE,1109.79,1479.69,https://cdn.shopify.com/s/files/1/0754/4094/7522/files/A8C1817A-147B-4B08-9F0C-3B222E2E1EB9.jpg?v=1736490084,1,active,Custom Sneakers,
phillipp-plein-chunky-godzilla-sneaker-x-color-wave-custom,,,,,,,,,https://cdn.shopify.com/s/files/1/0754/4094/7522/files/55E93D9D-27CF-4865-81EE-89ED954D9671.jpg?v=1736490084,2,,,
phillipp-plein-chunky-godzilla-sneaker-x-color-wave-custom,,,,,,,,,https://cdn.shopify.com/s/files/1/0754/4094/7522/files/A5988771-69CE-495F-86E8-1B5649DC0689.jpg?v=1736490084,3,,,
phillipp-plein-chunky-godzilla-sneaker-x-color-wave-custom,,,,,,,,,https://cdn.shopify.com/s/files/1/0754/4094/7522/files/B445F862-C219-493F-8661-33E5C1E2F051.jpg?v=1736490084,4,,,
phillipp-plein-chunky-godzilla-sneaker-x-color-wave-custom,,,,,,,,,https://cdn.shopify.com/s/files/1/0754/4094/7522/files/20B3D01C-47F7-4C3D-8B26-4B4526FC03FD.jpg?v=1736490084,5,,,
nike-air-force-1-with-chunky-rope-laces-biege,Nike Air Force 1 x Rope Laces - Black,"Introducing our unique and eye-catching Custom Nike Air Force1 With Black Rope Laces (Includes pair of laces for both shoes) These sneakers are the perfect colorway of style, art, and personalisation, making them a must-have for any sneaker-head or fashion enthusiast. 8 mm width Each pair of Custom Hand Painted Nike Sneakers is meticulously hand crafted by our skilled artists and sneaker designers wh",Knickgasm,Nike Air force 1,"big laces, Black rope laces, Chunk rope laces, custom nike shoes india, custom nike sneakers, dip, laces, Nike, nike air force 1, nike air force 1 white, nike shoes, prepaid, rope, rope laces, thick",TRUE,115.47,153.97,https://cdn.shopify.com/s/files/1/0754/4094/7522/files/D61DD11F-E0A6-497C-AD39-6780DBE3C9FC.webp?v=1735934691,1,active,Custom Sneakers,
nike-air-force-1-with-chunky-rope-laces-biege,,,,,,,,,https://cdn.shopify.com/s/files/1/0754/4094/7522/files/AEB7B9C2-1818-4600-92CA-ED489A989526.jpg?v=1735934691,2,,,
nike-air-force-1-with-chunky-rope-laces-biege,,,,,,,,,https://cdn.shopify.com/s/files/1/0754/4094/7522/files/2D6AB2B9-1096-4658-A14B-B51060C69A96.webp?v=1735934691,3,,,
nike-air-force-1-with-chunky-rope-laces-biege,,,,,,,,,https://cdn.shopify.com/s/files/1/0754/4094/7522/files/B63B3898-2DAC-4861-865D-08DE56DDC200.webp?v=1735934691,4,,,
nike-air-force-1-with-chunky-rope-laces-biege,,,,,,,,,https://cdn.shopify.com/s/files/1/0754/4094/7522/files/FE4211D3-4E91-441D-B0EE-7FD3C8E9CDF1.webp?v=1735934691,5,,,
nike-air-force-1-x-harry-potter-1,Harry Potter x Nike Air Force 1,"Introducing our unique and eye-catching Custom Hand Painted Nike Harry Potter theme custom Sneakers! These sneakers are the perfect colorway of style, art, and personalisation, making them a must-have for any sneaker-head or fashion enthusiast. HP great shoes for all potterheads! Each pair of Custom Hand Painted Nike Sneakers is meticulously hand crafted by our skilled artists and sneaker designers w",Knickgasm,Nike Air force 1,"best seller, custom nike shoes india, custom nike sneakers, dumbeldore, featured, harry, harry potter, Hermione Granger, hermoine, magic, muggle, Nike, nike air force 1, nike shoes, potter, potter head, Potterhead sneakers, prepaid, Ron Weasley, sirius, snape, wizard",TRUE,147.54,196.72,https://cdn.shopify.com/s/files/1/0754/4094/7522/files/79EAB714-E5C7-4083-BA58-27B64D3BB3CD.jpg?v=1734466207,1,active,Custom Sneakers,
nike-air-force-1-x-harry-potter-1,,,,,,,,,https://cdn.shopify.com/s/files/1/0754/4094/7522/files/15B1FA46-95F1-446F-B6A1-752A3727A8E6.jpg?v=1734466207,2,,,
nike-air-force-1-x-harry-potter-1,,,,,,,,,https://cdn.shopify.com/s/files/1/0754/4094/7522/files/AD2C8418-D92C-457D-B7F3-43277604C905.jpg?v=1734466207,3,,,
nike-air-force-1-x-harry-potter-1,,,,,,,,,https://cdn.shopify.com/s/files/1/0754/4094/7522/files/8060A8B5-D437-4A4A-8B64-65C4A366BFA5.jpg?v=1734466207,4,,,
nike-air-force-1-mids-x-lionel-messi,Nike Air Force 1 Mids x Lionel Messi,"Introducing our unique and eye-catching Custom Hand Painted Nike Lionel Messi Barcelona x Argentina theme Sneakers! These sneakers are the perfect colorway of style, art, and personalization, making them a must-have for any sneaker-head or Football enthusiast. Messi Fifa worldcup winning Each pair of Custom Hand Painted Nike Sneakers is meticulously hand crafted by our skilled artists and sneaker des",Knickgasm,Nike Air Force 1 Mids,"Argentina, Barcelona, custom nike shoes india, custom nike sneakers, Fifa, Football, goat, Lionel, messi, nike air force 1, Nike air force 1 custom shoes, nike air force 1 white, nike shoes, prepaid, sports, World pair",TRUE,211.70,282.26,https://cdn.shopify.com/s/files/1/0754/4094/7522/files/D454F1F1-6154-42DB-8CBA-C82A25180791.jpg?v=1734464981,1,active,Custom Sneakers,
nike-air-force-1-mids-x-lionel-messi,,,,,,,,,https://cdn.shopify.com/s/files/1/0754/4094/7522/files/CB1B0BAB-7AA6-47FB-8DE5-5F5472327848.jpg?v=1734464981,2,,,
nike-air-force-1-mids-x-lionel-messi,,,,,,,,,https://cdn.shopify.com/s/files/1/0754/4094/7522/files/D04962E3-32BB-4097-B494-054F0A579B7C.jpg?v=1734464983,3,,,
nike-air-force-1-mids-x-lionel-messi,,,,,,,,,https://cdn.shopify.com/s/files/1/0754/4094/7522/files/E1D45E0F-9D69-4667-B979-A8FF76A3778D.jpg?v=1734464981,4,,,
nike-air-force1-x-cr7,CR7 x Nike Air Force 1,"Some goals are worth three points. Others become immortal. On 3rd April 2018 , under the lights of Turin, Cristiano Ronaldo produced one of the greatest moments in football history. In the UEFA Champions League quarter-final against Juventus, the Portuguese superstar soared into the air and executed a breathtaking bicycle kick that left the entire stadium in disbelief. Even the Juventus faithful r",Knickgasm,Nike Air force 1,"7, Al Nassr, best seller, black, cool custom, cr7, cristiano, custom nike shoes india, custom nike sneakers, custom shoes india, Customized soccer sneaker, dream, featured, Football, Football shoes, goat, nike air force 1, Nike air force 1 custom shoes, nike air force 1 white, nike shoes, one, player, portugal, prepaid, Real madrid, Ronaldo, Ronaldo fan gear, seven, soccer, sports, star, white",TRUE,167.12,210.99,https://cdn.shopify.com/s/files/1/0754/4094/7522/files/D72FFD21-9367-44BD-86C1-2D910B561584.jpg?v=1734464098,1,active,Custom Sneakers,
nike-air-force1-x-cr7,,,,,,,,,https://cdn.shopify.com/s/files/1/0754/4094/7522/files/40F18019-7C74-47EB-87B8-8B16290CE3E0.jpg?v=1734464098,2,,,
nike-air-force1-x-cr7,,,,,,,,,https://cdn.shopify.com/s/files/1/0754/4094/7522/files/D1B1C74F-5183-43E5-BFC5-C3DD86896ECF.jpg?v=1734464098,3,,,
nike-air-force1-x-cr7,,,,,,,,,https://cdn.shopify.com/s/files/1/0754/4094/7522/files/3FE73E3C-BCF8-408C-8726-F779CB02FFF7.jpg?v=1734464098,4,,,
nike-air-force1-x-cr7,,,,,,,,,https://cdn.shopify.com/s/files/1/0754/4094/7522/files/669E8535-5E04-41F2-9500-05B1596CEB78.jpg?v=1734464098,5,,,
nike-air-force1-x-cr7,,,,,,,,,https://cdn.shopify.com/s/files/1/0754/4094/7522/files/955A0346-17A6-4ABB-85F2-F47E348A8A31.jpg?v=1734464098,6,,,
nike-air-force1-x-cr7,,,,,,,,,https://cdn.shopify.com/s/files/1/0754/4094/7522/files/9894E31D-259B-40E3-90E9-1813FF95C382.jpg?v=1734464098,7,,,
nike-air-force-1-x-bmw-custom,BMW Custom x Nike Air Force 1,"Experience the fusion of iconic design and automotive excellence with the Nike Air Force 1 x BMW Custom. This exclusive custom features premium materials and meticulous craftsmanship inspired by BMW’s sleek aesthetics, delivering unmatched style and comfort. Perfect for collectors and enthusiasts, these custom sneakers elevate your footwear game with a unique colorway of performance and luxury. Each ",Knickgasm,Nike Air force 1,"Best, best seller, black nike shoes india, Bmw, Car, custom nike shoes india, custom nike sneakers, featured, Nike, nike air force 1, Nike Air Force 1 black, nike air force1 black, nike black, nike black shoes, prepaid, Speed, Supercar",TRUE,153.26,191.04,https://cdn.shopify.com/s/files/1/0754/4094/7522/files/54E1720D-A21E-4617-9ACE-B3311BFBFA6A.jpg?v=1734159516,1,active,Custom Sneakers,
converse-chucks-x-evolve,Converse Chucks 70s x Evolve,"Introducing our unique and eye-catching Custom Hand Painted Converse Sneakers! These sneakers are the perfect colorway of style, art, and personalization, making them a must-have for any sneaker-head or fashion enthusiast. Each pair of Custom Hand Painted Converse Sneakers is meticulously hand crafted by our skilled artists and sneaker designers who colorway their creativity and talent together to every",Knickgasm,Converse,"apoorva, calligraphy, chaser, Converse, converse custom shoes, converse custom shoes India, converse dream chaser, converse high tops, converse white, dream, featured, high, influencer, love, Lover, Mids, Minimal, minimalist, prepaid, rebel kid, simple, text, typography",TRUE,138.79,185.05,https://cdn.shopify.com/s/files/1/0754/4094/7522/files/D608515C-817D-4BAD-9324-296B8194BAAB.jpg?v=1734103630,1,active,Custom Sneakers,
converse-chucks-x-evolve,,,,,,,,,https://cdn.shopify.com/s/files/1/0754/4094/7522/files/A81C4A19-230C-4E74-97A7-053A74BC9F37.jpg?v=1734103630,2,,,
nike-air-force-1-x-starry-night,Starry Night x Nike Air Force 1,"Introducing our unique and eye-catching Custom Galaxy Theme Swoosh Hand Painted on Nike Sneakers! These sneakers are the perfect colorway of style, art, and personalisation, making them a must-have for any sneaker-head or fashion enthusiast. Each pair of Custom Hand Painted Nike Sneakers is meticulously hand crafted by our skilled artists and sneaker designers who colorway their creativity and talent to",Knickgasm,Nike Air force 1,"astro, astronaut, Astronomy, Astroworld, blue, clouds, custom nike shoes india, custom nike sneakers, galaxy, light blue, Milky way, Nike, nike air force 1, nike air force 1 white, nike blue, nike shoes, prepaid, Science, sky, space, stars",TRUE,158.25,210.99,https://cdn.shopify.com/s/files/1/0754/4094/7522/files/2A9840B8-618F-41BA-A780-BDEEB047BB13.jpg?v=1756836196,1,active,Custom Sneakers,
nike-air-force-1-x-starry-night,,,,,,,,,https://cdn.shopify.com/s/files/1/0754/4094/7522/files/1077AE7F-1FFA-4774-AB52-895A8200808D.jpg?v=1756836196,2,,,
nike-air-force-1-x-starry-night,,,,,,,,,https://cdn.shopify.com/s/files/1/0754/4094/7522/files/C6CF9ECA-4C33-4205-AB07-99C93A19F285.jpg?v=1756836196,3,,,
nike-air-force-1-x-starry-night,,,,,,,,,https://cdn.shopify.com/s/files/1/0754/4094/7522/files/F7F5DBD1-3339-4BD1-955A-5C6FA38D70B6.jpg?v=1756836170,4,,,
nike-air-force-1-x-starry-night,,,,,,,,,https://cdn.shopify.com/s/files/1/0754/4094/7522/files/437F287C-5FF3-480A-9257-B7412FD5FCD9.jpg?v=1756836171,5,,,
nike-air-force-1-x-galaxy-swoosh,Nike Air Force 1 x Galaxy Swoosh,"Introducing our unique and eye-catching Custom Galaxy Theme Swoosh Hand Painted on Nike Sneakers! These sneakers are the perfect colorway of style, art, and personalisation, making them a must-have for any sneaker-head or fashion enthusiast. Each pair of Custom Hand Painted Nike Sneakers is meticulously hand crafted by our skilled artists and sneaker designers who colorway their creativity and talent to",Knickgasm,Nike Air force 1,"astro, astronaut, Astronomy, Astroworld, blue, clouds, custom nike shoes india, custom nike sneakers, galaxy, light blue, Milky way, Nike, nike air force 1, nike air force 1 white, nike blue, nike shoes, prepaid, Science, sky, space, stars",TRUE,147.54,196.72,https://cdn.shopify.com/s/files/1/0754/4094/7522/files/39999854-E1ED-48B3-8A52-87DACB704315.jpg?v=1733937135,1,active,Custom Sneakers,
nike-air-force-1-x-galaxy-swoosh,,,,,,,,,https://cdn.shopify.com/s/files/1/0754/4094/7522/files/7ADE8679-AFD8-4A47-8A3E-DB47E65251EF.jpg?v=1733937134,2,,,
nike-air-force-1-x-stock-market,Stocks x Nike Air Force 1,"Introducing our unique and eye-catching Custom Hand Painted Nike Sneakers! These sneakers are the perfect colorway of style, art, and personalisation, making them a must-have for any sneaker-head or fashion enthusiast. Made on 100% Original Nike sneakers , the paints which we use are highly durable and long lasting. We use high quality paints for all our designs. Enjoy the enduring elegance of Knickg",Knickgasm,Nike Air force 1,"best seller, Cash, coin, cool custom, custom nike shoes india, custom nike sneakers, custom shoes india, dollar, donald duck, featured, gold, good luck, green, green swoosh, kids, latest, money, nike air force 1, nike shoes, note, paisa, prepaid, rich, Richie rick, rupee, scrooge mcduck custom shoes, Stock market, text, typography",TRUE,170.40,306.91,https://cdn.shopify.com/s/files/1/0754/4094/7522/files/CB298AA3-E101-4B44-B2C5-6D91EE357DAF.jpg?v=1733377554,1,active,Custom Sneakers,
nike-air-force-1-x-stock-market,,,,,,,,,https://cdn.shopify.com/s/files/1/0754/4094/7522/files/25D8E4EB-8A63-4ADF-B22D-83A738459DBA.jpg?v=1733377554,2,,,
nike-air-force-1-x-stock-market,,,,,,,,,https://cdn.shopify.com/s/files/1/0754/4094/7522/files/9286DB29-BA50-42C4-A71C-288C9891A62B.jpg?v=1733377554,3,,,
nike-air-force-1-x-stock-market,,,,,,,,,https://cdn.shopify.com/s/files/1/0754/4094/7522/files/DA53A060-0B7B-4F8F-984B-AEFD4B05874D.jpg?v=1733377554,4,,,
nike-air-force-1-x-stock-market,,,,,,,,,https://cdn.shopify.com/s/files/1/0754/4094/7522/files/950FC3AF-ABED-4EAF-9BC2-EA1EA402EC8C.jpg?v=1733377554,5,,,
nike-air-force-1-x-luffy-gear-5-x-zoro-ashura,Luffy x Zoro x Mismatched x Nike Air Force 1,"These One Piece theme Nike Air Force 1 are not just the sneakers but embodiment of the will of Luffy and Zoro. Introducing our unique and eye-catching Custom Hand Painted Nike Sneakers! These sneakers are the perfect colorway of style, art, and personalisation, making them a must-have for any sneaker-head or fashion enthusiast. These sneaker features Luffy Sun God Nikka, Gear 5 on inner side and Gear",Knickgasm,Nike Air force 1,"anime, anime art, anime shoes india, Anime-inspired sneakers, Brook, chinese, custom anime shoes india, custom anime sneaker india, custom nike shoes india, custom nike sneakers, custom shoes india, featured, luff, Nami, Nike, nike air force 1, nike air force 1 white, one, one piece, one piece custom, pirate, prepaid, Robin, Sanji, skull, Tony Tony Chopper, Usopp, zoro",TRUE,204.69,282.26,https://cdn.shopify.com/s/files/1/0754/4094/7522/files/0F18F94B-F48A-4DE1-91F9-74FC50B12C5C.jpg?v=1733242746,1,active,Custom Sneakers,
nike-air-force-1-x-ksi-x-logan-paul-x-mr-beast,Nike Air Force 1 x KSI X Logan Paul x Mr Beast,"Introducing our unique and eye-catching Prime and Mr Feastables themed Custom Hand Painted Nike Sneakers! These are the perfect colorway of style, art, and personalisation was made specially for Youtube sensation Mr Beast, Logan Paul and KSI for their PRIME and Feastables launch in India Each pair of Custom Hand Painted Nike Sneakers is meticulously hand crafted by our skilled artists and sneaker des",Knickgasm,Nike Air force 1,"celebrity, custom nike shoes india, custom nike sneakers, Feastables, international celebrity, JJ, KSI, Logan paul, Mr beast, Nike, nike air force 1, Nike air force 1 custom shoes, nike air force 1 white, nike shoes, prepaid, PRIME, Youtube, Youtubr",TRUE,201.02,268.01,https://cdn.shopify.com/s/files/1/0754/4094/7522/files/F60378B8-CF0D-4583-AAC5-FD7C87439884.jpg?v=1733167950,1,active,Custom Sneakers,
nike-air-force-1-x-ksi-x-logan-paul-x-mr-beast,,,,,,,,,https://cdn.shopify.com/s/files/1/0754/4094/7522/files/517AC1CC-855F-4514-AB8A-02C1DBA4EB0E.jpg?v=1733167950,2,,,
nike-air-force-1-x-ksi-x-logan-paul-x-mr-beast,,,,,,,,,https://cdn.shopify.com/s/files/1/0754/4094/7522/files/BA5CDD69-DCB0-4481-AE53-4CEEA382B5D1.jpg?v=1733167950,3,,,
nike-air-force-1-x-ksi-x-logan-paul-x-mr-beast,,,,,,,,,https://cdn.shopify.com/s/files/1/0754/4094/7522/files/E8BE7CDA-E886-4C91-9A4F-E7D3D14D825A.jpg?v=1733167950,4,,,
nike-air-force-1-x-rockstar-movie-theme,Nike Air Force 1 x Rockstar Movie,"Introducing our unique and eye-catching Bollywood themed Custom Hand Painted Nike Sneakers! These Rockstar Themed sneakers are the perfect colorway of style, art, and personalisation, making them a must-have for any sneaker-head or fashion enthusiast. Each pair of Custom Hand Painted Nike Sneakers is meticulously hand crafted by our skilled artists and sneaker designers who colorway their creativity and",Knickgasm,Nike Air force 1,"black, Black & White, Bollywood, Cinema, custom nike shoes india, custom nike sneakers, doodle, doodles, Imtiaz ali, media, Movie, Nargis, Nike, nike air force 1, nike air force 1 white, nike shoes, Phir se ud chala, popcorn, prepaid, Ranbir kapoor, Rockstar, telvision, theatre, tv",TRUE,193.26,268.01,https://cdn.shopify.com/s/files/1/0754/4094/7522/files/7A45CA8E-A162-44FD-B322-70A76F56705E.jpg?v=1733130647,1,active,Custom Sneakers,
nike-air-force-1-x-rockstar-movie-theme,,,,,,,,,https://cdn.shopify.com/s/files/1/0754/4094/7522/files/AD5583B2-3AF3-4E1D-A47B-2950A1E60C29.jpg?v=1733130647,2,,,
nike-air-force-1-x-rockstar-movie-theme,,,,,,,,,https://cdn.shopify.com/s/files/1/0754/4094/7522/files/DA75F214-6ED3-4829-A16B-A8EAA53BC671.jpg?v=1733130647,3,,,
nike-air-force-1-x-rockstar-movie-theme,,,,,,,,,https://cdn.shopify.com/s/files/1/0754/4094/7522/files/B3AF61C0-D965-4DA8-91C2-A957309B6B43.jpg?v=1733130648,4,,,
nike-air-force-1-x-rockstar-movie-theme,,,,,,,,,https://cdn.shopify.com/s/files/1/0754/4094/7522/files/D4A688C0-A940-45B5-A97C-EBFE3772EE86.jpg?v=1733130647,5,,,
nike-air-force-1-x-rockstar-movie-theme,,,,,,,,,https://cdn.shopify.com/s/files/1/0754/4094/7522/files/94BD8B9B-FC5C-4C22-B7F2-C522100CAA1D.jpg?v=1733130647,6,,,
nike-air-force-1-x-moo-swoosh,Nike Air Force 1 x Moo Swoosh,"Introducing our unique and eye-catching Custom Hand Painted Nike Sneakers! These Poppy Flower custom sneakers are the perfect colorway of style, art, and personalisation, making them a must-have for any sneaker-head or fashion enthusiast. Each pair of Custom Hand Painted Nike Sneakers is meticulously hand crafted by our skilled artists and sneaker designers who colorway their creativity and talent toget",Knickgasm,Nike Air force 1,"aesthetic, Black and white swoosh, black swoosh, cow, custom nike shoes india, custom nike sneakers, Dreamland, moo, Nike, nike air force 1, nike air force 1 white, nike shoes, prepaid",TRUE,136.86,182.47,https://cdn.shopify.com/s/files/1/0754/4094/7522/files/1661AA20-6114-4257-A280-E33D38B322AD.jpg?v=1732735423,1,active,Custom Sneakers,
nike-air-force-1-x-moo-swoosh,,,,,,,,,https://cdn.shopify.com/s/files/1/0754/4094/7522/files/F4DBEF66-B1EF-4CFF-9261-8809B9F60A75.jpg?v=1732735423,2,,,
nike-air-force-1-x-rose-1,Nike Air Force 1 x Rose,"Introducing our unique and eye-catching Custom Hand Painted Nike Sneakers! These Poppy Flower custom sneakers are the perfect colorway of style, art, and personalisation, making them a must-have for any sneaker-head or fashion enthusiast. Each pair of Custom Hand Painted Nike Sneakers is meticulously hand crafted by our skilled artists and sneaker designers who colorway their creativity and talent toget",Knickgasm,Nike Air force 1,"colourful, custom nike shoes india, custom nike sneakers, Dreamland, flower, Flowers, Lavender, Nike, nike air force 1, nike air force 1 white, nike shoes, pink, pink pastel, prepaid, Rose design, Roses, Stems",TRUE,155.04,206.72,https://cdn.shopify.com/s/files/1/0754/4094/7522/files/D222F0DB-6F40-472D-8D18-AF1F5A518F3D.jpg?v=1732735281,1,active,Custom Sneakers,
nike-air-force-1-x-rose-1,,,,,,,,,https://cdn.shopify.com/s/files/1/0754/4094/7522/files/447FFECB-0969-4AE1-A1C8-144FC396CBEB.jpg?v=1732735281,2,,,
nike-air-force-1-x-rose,Nike Air Force 1 x Poppy Flower,"Introducing our unique and eye-catching Custom Hand Painted Nike Sneakers! These Poppy Flower custom sneakers are the perfect colorway of style, art, and personalisation, making them a must-have for any sneaker-head or fashion enthusiast. Each pair of Custom Hand Painted Nike Sneakers is meticulously hand crafted by our skilled artists and sneaker designers who colorway their creativity and talent toget",Knickgasm,Nike Air force 1,"colourful, custom nike shoes india, custom nike sneakers, Dreamland, flower, Flowers, Lavender, Nike, nike air force 1, nike air force 1 white, nike shoes, Poppy flower, prepaid, purple, purple swoosh, Stems",TRUE,143.28,191.04,https://cdn.shopify.com/s/files/1/0754/4094/7522/files/B79EBF8B-38A3-4ABB-85EA-2D37BC7DF748.jpg?v=1732734979,1,active,Custom Sneakers,
nike-air-force-1-x-rose,,,,,,,,,https://cdn.shopify.com/s/files/1/0754/4094/7522/files/B4678CCC-7D20-4ABE-95AB-F417E9227539.jpg?v=1732734979,2,,,
nike-air-force-1-x-blue-pastel-butterfly,Nike Air Force 1 x Blue Pastel Butterfly,"Introducing our unique and eye-catching Custom Hand Painted Nike Sneakers! These Blue Swoosh Butterfly designed sneakers are the perfect colorway of style, art, and personalisation, making them a must-have for any sneaker-head or fashion enthusiast. Each pair of Custom Hand Painted Nike Sneakers is meticulously hand crafted by our skilled artists and sneaker designers who colorway their creativity and t",Knickgasm,Nike Air force 1,"Butterfly, colourful, custom nike shoes india, custom nike sneakers, Nike, nike air force 1, nike air force 1 white, nike butterfly, nike shoes, prepaid",TRUE,147.54,196.72,https://cdn.shopify.com/s/files/1/0754/4094/7522/files/Nike-Air-Force-1-x-Blue-Pastel-Butterfly-Knickgasm-2735.jpg?v=1734419017,1,active,Custom Sneakers,
nike-air-force-1-x-blue-pastel-butterfly,,,,,,,,,https://cdn.shopify.com/s/files/1/0754/4094/7522/files/Nike-Air-Force-1-x-Blue-Pastel-Butterfly-Knickgasm-5649.jpg?v=1734419019,2,,,
nike-air-force-1-x-travis-scott-1,Nike Air Force 1 x Travis Scott,"Introducing our unique and eye-catching Custom Travis Scott Hand Painted Nike Sneakers! These sneakers are the perfect colorway of style, art, and personalisation, making them a must-have for any sneaker-head or fashion enthusiast. Travis Scott Air Force 1 custom Each pair of Custom Hand Painted Nike Sneakers is meticulously hand crafted by our skilled artists and sneaker designers who colorway their cr",Knickgasm,Nike Air force 1,"Astroworld, cactus, Cactus jack, custom nike shoes india, custom nike sneakers, custom shoes india, flames, Hip hop, India shoes, Look mom i can fly, Nike, nike air force 1, nike air force 1 white, nike shoes, prepaid, rapper, scott, sneaker, travis, white shoes, Wish you were here",TRUE,177.49,236.64,https://cdn.shopify.com/s/files/1/0754/4094/7522/files/Nike-Air-Force-1-x-Travis-Scott-Knickgasm-9718.jpg?v=1734419016,1,active,Custom Sneakers,
nike-air-force-1-x-bitcoin-crypto,Nike Air Force 1 x Bitcoin Crypto,"Introducing our unique and eye-catching Custom Hand Painted Nike Sneakers! These sneakers are the perfect colorway of style, art, and personalisation, making them a must-have for any sneaker-head or fashion enthusiast. Made on 100% Original Nike sneakers , the paints which we use are highly durable and long lasting. We use high quality paints for all our designs. Enjoy the enduring elegance of Knickg",Knickgasm,Nike Air force 1,"Bitcoin, coin, cool custom, Crytocurrency, custom nike shoes india, custom nike sneakers, custom shoes india, dollar, donald duck, featured, gold, good luck, green, kids, latest, money, Nft, nike air force 1, nike shoes, note, paisa, prepaid, rich, Richie rick, rupee, scrooge mcduck custom shoes",TRUE,201.02,268.01,https://cdn.shopify.com/s/files/1/0754/4094/7522/files/Nike-Air-Force-1-x-Bitcoin-Crypto-Knickgasm-9076.jpg?v=1734419011,1,active,Custom Sneakers,
nike-air-force-1-x-bitcoin-crypto,,,,,,,,,https://cdn.shopify.com/s/files/1/0754/4094/7522/files/Nike-Air-Force-1-x-Bitcoin-Crypto-Knickgasm-3663.jpg?v=1734419013,2,,,
nike-air-force-1-x-bitcoin-crypto,,,,,,,,,https://cdn.shopify.com/s/files/1/0754/4094/7522/files/Nike-Air-Force-1-x-Bitcoin-Crypto-Knickgasm-5863.jpg?v=1734419014,3,,,
nike-air-force-1-x-cartooned-1,Nike Air Force 1 x Cartooned,"Introducing our unique and eye-catching Custom Hand Painted Nike Sneakers! These Cartooned Air Force 1 Lows sneakers are the perfect colorway of style, art, and personalisation, making them a must-have for any sneaker-head or fashion enthusiast. Each pair of Custom Hand Painted Nike Sneakers is meticulously hand crafted by our skilled artists and sneaker designers who colorway their creativity and talen",Knickgasm,Nike Air force 1,"cartoon, custom nike shoes india, custom nike sneakers, nike air force 1, nike air force 1 white, nike shoes, prepaid, white shoes, White sneakers",TRUE,136.86,182.47,https://cdn.shopify.com/s/files/1/0754/4094/7522/files/Nike-Air-Force-1-x-Cartooned-Knickgasm-2568.jpg?v=1734419004,1,active,Custom Sneakers,
nike-air-force-1-x-cartooned-1,,,,,,,,,https://cdn.shopify.com/s/files/1/0754/4094/7522/files/Nike-Air-Force-1-x-Cartooned-Knickgasm-8945.jpg?v=1734419005,2,,,
nike-air-force-1-x-cartooned-1,,,,,,,,,https://cdn.shopify.com/s/files/1/0754/4094/7522/files/Nike-Air-Force-1-x-Cartooned-Knickgasm-7079.jpg?v=1734419007,3,,,
nike-air-force-1-x-cartooned-1,,,,,,,,,https://cdn.shopify.com/s/files/1/0754/4094/7522/files/Nike-Air-Force-1-x-Cartooned-Knickgasm-4943.jpg?v=1734419008,4,,,
nike-air-force-1-x-cartooned-1,,,,,,,,,https://cdn.shopify.com/s/files/1/0754/4094/7522/files/Nike-Air-Force-1-x-Cartooned-Knickgasm-2619.jpg?v=1734419010,5,,,
nike-air-force-1-x-taylor-swift-all-eras,Nike Air Force 1 x Taylor Swift All Eras,"Introducing our unique and eye-catching Custom Hand Painted Nike Sneakers! These sneakers are the perfect colorway of style, art, and personalisation, making them a must-have for any sneaker-head or fashion enthusiast. Taylor Swift theme custom shoes Made on 100% Original Nike sneakers , our custom hand painted designs are durable and long-lasting. The shoe design featured all the Eras of Taylor Swif",Knickgasm,Nike Air force 1,"1989, album, All eras, blue, custom nike shoes india, custom nike sneakers, custom shoes india, Era, featured, light blue, Lover, music, Nike, nike air force 1, nike air force 1 white, nike blue, nike shoes, Pop singer, prepaid, Singer, sky blue, Swift, Swifty, Taylor, Taylor swift, Taylor swift custom shoes, Taylors version, Tour",TRUE,201.02,268.01,https://cdn.shopify.com/s/files/1/0754/4094/7522/files/Nike-Air-Force-1-x-Taylor-Swift-All-Eras-Knickgasm-5823.jpg?v=1734418989,1,active,Custom Sneakers,
nike-air-force-1-x-taylor-swift-all-eras,,,,,,,,,https://cdn.shopify.com/s/files/1/0754/4094/7522/files/Nike-Air-Force-1-x-Taylor-Swift-All-Eras-Knickgasm-2557.jpg?v=1734418991,2,,,
nike-air-force-1-x-taylor-swift-all-eras,,,,,,,,,https://cdn.shopify.com/s/files/1/0754/4094/7522/files/Nike-Air-Force-1-x-Taylor-Swift-All-Eras-Knickgasm-3944.jpg?v=1734418993,3,,,
nike-air-force-1-x-taylor-swift-all-eras,,,,,,,,,https://cdn.shopify.com/s/files/1/0754/4094/7522/files/Nike-Air-Force-1-x-Taylor-Swift-All-Eras-Knickgasm-894.jpg?v=1734418995,4,,,
nike-air-force-1-x-taylor-swift-all-eras,,,,,,,,,https://cdn.shopify.com/s/files/1/0754/4094/7522/files/Nike-Air-Force-1-x-Taylor-Swift-All-Eras-Knickgasm-8696.jpg?v=1734418997,5,,,
nike-air-force-1-x-taylor-swift-all-eras,,,,,,,,,https://cdn.shopify.com/s/files/1/0754/4094/7522/files/Nike-Air-Force-1-x-Taylor-Swift-All-Eras-Knickgasm-7753.jpg?v=1734418999,6,,,
nike-air-force-1-x-taylor-swift-all-eras,,,,,,,,,https://cdn.shopify.com/s/files/1/0754/4094/7522/files/Nike-Air-Force-1-x-Taylor-Swift-All-Eras-Knickgasm-2858.jpg?v=1734419000,7,,,
nike-air-force-1-x-taylor-swift-all-eras,,,,,,,,,https://cdn.shopify.com/s/files/1/0754/4094/7522/files/Nike-Air-Force-1-x-Taylor-Swift-All-Eras-Knickgasm-4468.jpg?v=1734419002,8,,,
nike-ebernon-x-cartoon,Nike Ebernon x Cartoon,"Introducing our unique and eye-catching Custom Hand Painted Nike Sneakers! These sneakers are the perfect colorway of style, art, and personalisation, making them a must-have for any sneaker-head or fashion enthusiast. Each pair of Custom Hand Painted Nike Sneakers is meticulously hand crafted by our skilled artists and sneaker designers who colorway their creativity and talent together to every sneaker",Knickgasm,Nike ebernon,"black, cartoon, cartoons, custom nike shoes india, custom nike sneakers, featured, lines, Nike, nike black, nike black shoes, nike court vision, nike court vision black, nike shoes, prepaid",TRUE,104.00,134.09,https://cdn.shopify.com/s/files/1/0754/4094/7522/files/Nike-Ebernon-x-Cartoon-Knickgasm-479.jpg?v=1734418980,1,active,Custom Sneakers,
nike-ebernon-x-cartoon,,,,,,,,,https://cdn.shopify.com/s/files/1/0754/4094/7522/files/Nike-Ebernon-x-Cartoon-Knickgasm-4561.jpg?v=1734418981,2,,,
nike-ebernon-x-cartoon,,,,,,,,,https://cdn.shopify.com/s/files/1/0754/4094/7522/files/Nike-Ebernon-x-Cartoon-Knickgasm-558.jpg?v=1734418983,3,,,
nike-ebernon-x-cartoon,,,,,,,,,https://cdn.shopify.com/s/files/1/0754/4094/7522/files/Nike-Ebernon-x-Cartoon-Knickgasm-2735.jpg?v=1734418985,4,,,
nike-ebernon-x-cartoon,,,,,,,,,https://cdn.shopify.com/s/files/1/0754/4094/7522/files/Nike-Ebernon-x-Cartoon-Knickgasm-7768.jpg?v=1734418987,5,,,
nike-air-force-1-x-skull-n-roses-halloween-🎃,Nike Air Force 1 x Skull N’ Roses Halloween 🎃,"Introducing our unique and eye-catching Custom Hand Painted Nike Sneakers! These sneakers are the perfect colorway of style, art, and personalization, making them a must-have for any sneaker-head or fashion enthusiast. Each pair of Custom Hand Painted Nike Sneakers is meticulously hand crafted by our skilled artists and sneaker designers who colorway their creativity and talent together to every sneaker",Knickgasm,Nike Air force 1,"black drip, blood, custom nike shoes india, custom nike sneakers, drip, drips, Dripy, Ghost, Halloween, Horror, Nike, nike air force 1, Nike air force 1 custom shoes, nike air force 1 white, nike shoes, prepaid, Roses, Skull N’ Roses Halloween, Skulls, Spider, Web, X",TRUE,179.62,239.49,https://cdn.shopify.com/s/files/1/0754/4094/7522/files/Nike-Air-Force-1-x-Skull-N-Roses-Halloween-Knickgasm-1381.jpg?v=1734418962,1,active,Custom Sneakers,
nike-air-force-1-x-skull-n-roses-halloween-🎃,,,,,,,,,https://cdn.shopify.com/s/files/1/0754/4094/7522/files/Nike-Air-Force-1-x-Skull-N-Roses-Halloween-Knickgasm-4674.jpg?v=1734418964,2,,,
nike-air-force-1-x-skull-n-roses-halloween-🎃,,,,,,,,,https://cdn.shopify.com/s/files/1/0754/4094/7522/files/Nike-Air-Force-1-x-Skull-N-Roses-Halloween-Knickgasm-1318.jpg?v=1734418968,3,,,
nike-air-force-1-x-skull-n-roses-halloween-🎃,,,,,,,,,https://cdn.shopify.com/s/files/1/0754/4094/7522/files/Nike-Air-Force-1-x-Skull-N-Roses-Halloween-Knickgasm-7846.jpg?v=1734418971,4,,,
nike-air-force-1-x-skull-n-roses-halloween-🎃,,,,,,,,,https://cdn.shopify.com/s/files/1/0754/4094/7522/files/Nike-Air-Force-1-x-Skull-N-Roses-Halloween-Knickgasm-2576.jpg?v=1734418972,5,,,
nike-air-force-1-x-skull-n-roses-halloween-🎃,,,,,,,,,https://cdn.shopify.com/s/files/1/0754/4094/7522/files/Nike-Air-Force-1-x-Skull-N-Roses-Halloween-Knickgasm-4480.jpg?v=1734418974,6,,,
nike-air-force-1-x-skull-n-roses-halloween-🎃,,,,,,,,,https://cdn.shopify.com/s/files/1/0754/4094/7522/files/Nike-Air-Force-1-x-Skull-N-Roses-Halloween-Knickgasm-1090.jpg?v=1734418976,7,,,
nike-air-force-1-x-skull-n-roses-halloween-🎃,,,,,,,,,https://cdn.shopify.com/s/files/1/0754/4094/7522/files/Nike-Air-Force-1-x-Skull-N-Roses-Halloween-Knickgasm-9176.jpg?v=1734418978,8,,,
nike-air-force-1-x-rick-and-morty,Nike Air Force 1 x Rick and Morty,"Introducing our unique and eye-catching Custom Hand Painted Nike Sneakers! These sneakers are the perfect colorway of style, art, and personalisation, making them a must-have for any sneaker-head or fashion enthusiast. Made on 100% Original Nike sneakers , the paints which we use are highly durable and long lasting. We use high quality paints for all our designs. Enjoy the enduring elegance of Knickg",Knickgasm,Nike Air force 1,"black nike shoes india, cartoon, custom nike shoes india, custom nike sneakers, Doctor, drip, nike air force 1, Nike air force 1 custom shoes, nike air force1 black, nike black, nike black shoes, prepaid, Rick and morty, series, Slimy",TRUE,179.62,239.49,https://cdn.shopify.com/s/files/1/0754/4094/7522/files/Nike-Air-Force-1-x-Rick-and-Morty-Knickgasm-4451.jpg?v=1734418954,1,active,Custom Sneakers,
nike-air-force-1-x-rick-and-morty,,,,,,,,,https://cdn.shopify.com/s/files/1/0754/4094/7522/files/Nike-Air-Force-1-x-Rick-and-Morty-Knickgasm-6813.jpg?v=1734418956,2,,,
nike-air-force-1-x-rick-and-morty,,,,,,,,,https://cdn.shopify.com/s/files/1/0754/4094/7522/files/Nike-Air-Force-1-x-Rick-and-Morty-Knickgasm-5173.jpg?v=1734418958,3,,,
nike-air-force-1-x-rick-and-morty,,,,,,,,,https://cdn.shopify.com/s/files/1/0754/4094/7522/files/Nike-Air-Force-1-x-Rick-and-Morty-Knickgasm-660.jpg?v=1734418960,4,,,
converse-x-the-great-wave-off-kanagawa,Converse x The Great Wave off Kanagawa,"Introducing our unique and eye-catching Custom Hand Painted Converse Sneakers! These sneakers are the perfect colorway of style, art, and personalization, making them a must-have for any sneaker-head or fashion enthusiast. Each pair of Custom Hand Painted Converse Sneakers is meticulously hand crafted by our skilled artists and sneaker designers who colorway their creativity and talent together to every",Knickgasm,Converse,"aesthetic, blue, Blue waves, Converse, converse all star, converse custom shoes, converse custom shoes India, converse delhi, converse high tops, converse mumbai, converse white, cool custom, custom converse, custom nike sneakers, custom shoes india, droplet, japanese, Mount fuji, ocean, prepaid, sea, The Great Wave off Kanagawa, water, waves, wavy",TRUE,127.03,169.37,https://cdn.shopify.com/s/files/1/0754/4094/7522/files/Converse-x-The-Great-Wave-off-Kanagawa-Knickgasm-2365.jpg?v=1734418949,1,active,Custom Sneakers,
converse-x-the-great-wave-off-kanagawa,,,,,,,,,https://cdn.shopify.com/s/files/1/0754/4094/7522/files/Converse-x-The-Great-Wave-off-Kanagawa-Knickgasm-5212.jpg?v=1734418950,2,,,
converse-x-the-great-wave-off-kanagawa,,,,,,,,,https://cdn.shopify.com/s/files/1/0754/4094/7522/files/Converse-x-The-Great-Wave-off-Kanagawa-Knickgasm-5407.jpg?v=1734418952,3,,,
nike-air-force-1-x-blue-sapphire-dragon,Blue Sapphire Dragon x Nike Air Force 1,"Introducing our unique and eye-catching Custom Hand Painted Nike Sneakers! These sneakers are the perfect colorway of style, art, and personalisation, making them a must-have for any sneaker-head or fashion enthusiast. Each pair of Custom Hand Painted Nike Sneakers is meticulously hand crafted by our skilled artists and sneaker designers who colorway their creativity and talent together to every sneaker",Knickgasm,Nike Air force 1,"blue, blue dragon, custom nike shoes india, custom nike sneakers, dragon, Nike, nike air force 1, nike air force 1 white, nike shoes, prepaid, Safire, sapphire, sapphire blue dragon, sapphire dragon, Shine, Stones",TRUE,157.83,210.99,https://cdn.shopify.com/s/files/1/0754/4094/7522/files/DEE628F9-3BDF-4C8B-B886-215A736B04AC.jpg?v=1783104950,1,active,Custom Sneakers,
nike-air-jordan-1-lows-x-cartooned,Cartoon x Nike Air Jordan 1 Lows,"Introducing our unique and eye-catching Custom Hand Painted Nike Sneakers! These sneakers are the perfect colorway of style, art, and personalisation, making them a must-have for any sneaker-head or fashion enthusiast. Each pair of Custom Hand Painted Nike Sneakers is meticulously hand crafted by our skilled artists and sneaker designers who colorway their creativity and talent together to every sneaker",Knickgasm,Nike Air Jordan,"cartoon, custom nike shoes india, custom nike sneakers, Jordan, Nike air jordan 1 lows, nike jordan, nike shoes, prepaid, white shoes, White sneakers",TRUE,174.97,216.48,https://cdn.shopify.com/s/files/1/0754/4094/7522/files/Nike-Air-Jordan-1-Lows-x-Cartooned-Knickgasm-6812.jpg?v=1734418928,1,active,Custom Sneakers,
nike-air-jordan-1-lows-x-cartooned,,,,,,,,,https://cdn.shopify.com/s/files/1/0754/4094/7522/files/Nike-Air-Jordan-1-Lows-x-Cartooned-Knickgasm-7653.jpg?v=1734418930,2,,,
nike-air-jordan-1-lows-x-cartooned,,,,,,,,,https://cdn.shopify.com/s/files/1/0754/4094/7522/files/Nike-Air-Jordan-1-Lows-x-Cartooned-Knickgasm-8029.jpg?v=1734418931,3,,,
nike-air-jordan-1-lows-x-cartooned,,,,,,,,,https://cdn.shopify.com/s/files/1/0754/4094/7522/files/Nike-Air-Jordan-1-Lows-x-Cartooned-Knickgasm-8526.jpg?v=1734418933,4,,,
nike-air-force-1-x-pet,Nike Air Force 1 x Pet,"Can be made with reference to your Pet’s real photo reference, simply order and our team will contact you for further details! 🐾 Introducing our unique and eye-catching Custom Hand Painted Nike Sneakers! These sneakers are the perfect colorway of style, art, and personalisation, making them a must-have for any sneaker-head or fashion enthusiast. Each pair of Custom Hand Painted Nike Sneakers is metic",Knickgasm,Nike Air force 1,"Bone, cool custom, Custom dog, custom nike shoes india, custom nike sneakers, custom shoes india, Dog shoes, Dogs, featured, German shepard, Loyalty, Nike, nike air force 1, nike air force 1 white, nike shoes, Paws, Pet, Poodle, prepaid, white shoes",TRUE,179.62,239.49,https://cdn.shopify.com/s/files/1/0754/4094/7522/files/Nike-Air-Force-1-x-Pet-Knickgasm-306.jpg?v=1734418923,1,active,Custom Sneakers,
nike-air-force-1-x-pet,,,,,,,,,https://cdn.shopify.com/s/files/1/0754/4094/7522/files/Nike-Air-Force-1-x-Pet-Knickgasm-3042.jpg?v=1734418925,2,,,
nike-air-force-1-x-pet,,,,,,,,,https://cdn.shopify.com/s/files/1/0754/4094/7522/files/Nike-Air-Force-1-x-Pet-Knickgasm-4191.jpg?v=1734418927,3,,,
nike-air-force-1-x-doggo-1,Nike Air Force 1 x Dog Potrait,"Can be made with reference to your dog’s real photo reference, simply order and our team will contact you for further details! 🐾 Introducing our unique and eye-catching Custom Hand Painted Nike Sneakers! These sneakers are the perfect colorway of style, art, and personalisation, making them a must-have for any sneaker-head or fashion enthusiast. Each pair of Custom Hand Painted Nike Sneakers is metic",Knickgasm,Nike Air force 1,"Bone, cool custom, Custom dog, custom nike shoes india, custom nike sneakers, custom shoes india, Dog shoes, Dogs, featured, German shepard, Loyalty, Nike, nike air force 1, nike air force 1 white, nike shoes, Paws, Pet, Poodle, prepaid, white shoes",TRUE,158.25,210.99,https://cdn.shopify.com/s/files/1/0754/4094/7522/files/Nike-Air-Force-1-x-Dog-Potrait-Knickgasm-9693.jpg?v=1734418919,1,active,Custom Sneakers,
nike-air-force-1-x-doggo-1,,,,,,,,,https://cdn.shopify.com/s/files/1/0754/4094/7522/files/Nike-Air-Force-1-x-Dog-Potrait-Knickgasm-9161.jpg?v=1734418920,2,,,
nike-air-force-1-x-doggo-1,,,,,,,,,https://cdn.shopify.com/s/files/1/0754/4094/7522/files/Nike-Air-Force-1-x-Dog-Potrait-Knickgasm-9139.jpg?v=1734418922,3,,,
nike-air-force-1-x-luffy-x-zoro-1,Luffy x Zoro x Nike Air Force 1,"Introducing our unique and eye-catching Custom Hand Painted Nike Sneakers! These sneakers are the perfect colorway of style, art, and personalisation, making them a must-have for any sneaker-head or fashion enthusiast. India’s largest collection of anime designs Made on 100% Original Nike sneakers , our custom hand painted designs are durable and long-lasting. The high-quality materials used ensure t",Knickgasm,Nike Air force 1,"anime, anime art, anime shoes india, Anime-inspired sneakers, Brook, chinese, custom anime shoes india, custom anime sneaker india, custom nike shoes india, custom nike sneakers, custom shoes india, featured, luff, Nami, Nike, nike air force 1, nike air force 1 white, one, one piece, one piece custom, pirate, prepaid, Robin, Sanji, skull, Tony Tony Chopper, Usopp, zoro",TRUE,178.40,239.49,https://cdn.shopify.com/s/files/1/0754/4094/7522/files/Nike-Air-Force-1-x-Luffy-x-Zoro-Knickgasm-1207.png?v=1734418917,1,active,Custom Sneakers,
nike-air-force-1-x-luffy-x-zoro-1,,,,,,,,,https://cdn.shopify.com/s/files/1/0754/4094/7522/files/Nike-Air-Force-1-x-Luffy-x-Zoro-Knickgasm-3532.jpg?v=1734418907,2,,,
nike-air-force-1-x-luffy-x-zoro-1,,,,,,,,,https://cdn.shopify.com/s/files/1/0754/4094/7522/files/Nike-Air-Force-1-x-Luffy-x-Zoro-Knickgasm-6635.jpg?v=1734418909,3,,,
nike-air-force-1-x-luffy-x-zoro-1,,,,,,,,,https://cdn.shopify.com/s/files/1/0754/4094/7522/files/Nike-Air-Force-1-x-Luffy-x-Zoro-Knickgasm-4138.jpg?v=1734418911,4,,,
nike-air-force-1-x-luffy-x-zoro-1,,,,,,,,,https://cdn.shopify.com/s/files/1/0754/4094/7522/files/Nike-Air-Force-1-x-Luffy-x-Zoro-Knickgasm-423.jpg?v=1734418913,5,,,
nike-air-force-1-x-luffy-x-zoro-1,,,,,,,,,https://cdn.shopify.com/s/files/1/0754/4094/7522/files/Nike-Air-Force-1-x-Luffy-x-Zoro-Knickgasm-152.jpg?v=1734418916,6,,,
nike-air-force-1-x-itachi-1,Itachi x Nike Air Force 1,"Introducing our unique and eye-catching Custom Hand Painted Nike Sneakers! These sneakers are the perfect colorway of style, art, and personalisation, making them a must-have for any sneaker-head or fashion enthusiast. Each pair of Custom Hand Painted Nike Sneakers is meticulously hand crafted by our skilled artists and sneaker designers who colorway their creativity and talent together to every sneaker",Knickgasm,Nike Air force 1,"akatsuki, Amateratsu, anime, anime art, Anime eyes, anime shoes india, Anime-inspired sneakers, custom anime shoes india, custom anime sneaker india, custom nike sneakers, Custom sneakers, itachi, itachi eyes, Itachi Uchiha, Japanese anime, nagato, naruto, Naruto cosplay shoes, Naruto custom sneakers, naruto eyes, naruto shppuden, naruto swoosh, Naruto Uzumaki, nike air force anime, nike anime, prepaid, Sakura Haruno, sharingan, Shikamaru Nara, susano, swoosh",TRUE,179.62,239.49,https://cdn.shopify.com/s/files/1/0754/4094/7522/files/Nike-Air-Force-1-x-Itachi-Knickgasm-3034.jpg?v=1734418895,1,active,Custom Sneakers,
nike-air-force-1-x-itachi-1,,,,,,,,,https://cdn.shopify.com/s/files/1/0754/4094/7522/files/Nike-Air-Force-1-x-Itachi-Knickgasm-5425.jpg?v=1734418897,2,,,
nike-air-force-1-x-itachi-1,,,,,,,,,https://cdn.shopify.com/s/files/1/0754/4094/7522/files/Nike-Air-Force-1-x-Itachi-Knickgasm-4588.jpg?v=1734418899,3,,,
nike-air-force-1-x-itachi-1,,,,,,,,,https://cdn.shopify.com/s/files/1/0754/4094/7522/files/Nike-Air-Force-1-x-Itachi-Knickgasm-7155.jpg?v=1734418901,4,,,
nike-air-force-1-x-itachi-1,,,,,,,,,https://cdn.shopify.com/s/files/1/0754/4094/7522/files/Nike-Air-Force-1-x-Itachi-Knickgasm-310.jpg?v=1734418903,5,,,
nike-air-force-1-x-itachi-1,,,,,,,,,https://cdn.shopify.com/s/files/1/0754/4094/7522/files/Nike-Air-Force-1-x-Itachi-Knickgasm-629.jpg?v=1734418906,6,,,
converse-x-autumn-embroidery,Converse x Autumn Embroidery,"Experience the perfect colorway of style and comfort with these Converse All Stars x Embroidery shoes. The custom cherry blossom design embroidered on the shoes adds a classic and stylish touch, guaranteed to take your look to the next level. Get ready to show off your new sneakers and stand out from the crowd. Made on 100% Original Converse sneakers , our custom hand Embroidery designs are durable a",Knickgasm,Converse,"Autumn, Biege, brown, cherry blossom, Converse, converse all star, converse custom shoes, converse custom shoes India, converse delhi, converse high tops, converse mumbai, converse white, custom converse, embroider, embroidery, embroidery shoes, flower, flower embroidery, hand embroidery, high, mid, Mids, prepaid, Spring, summer collection, threaded, white, white shoes",TRUE,115.26,153.67,https://cdn.shopify.com/s/files/1/0754/4094/7522/files/Converse-x-Autumn-Embroidery-Knickgasm-2887.jpg?v=1734418882,1,active,Custom Sneakers,
converse-x-autumn-embroidery,,,,,,,,,https://cdn.shopify.com/s/files/1/0754/4094/7522/files/Converse-x-Autumn-Embroidery-Knickgasm-6391.jpg?v=1734418883,2,,,
converse-x-autumn-embroidery,,,,,,,,,https://cdn.shopify.com/s/files/1/0754/4094/7522/files/Converse-x-Autumn-Embroidery-Knickgasm-5407.jpg?v=1734418885,3,,,
converse-x-autumn-embroidery,,,,,,,,,https://cdn.shopify.com/s/files/1/0754/4094/7522/files/Converse-x-Autumn-Embroidery-Knickgasm-2315.jpg?v=1734418887,4,,,
converse-x-autumn-embroidery,,,,,,,,,https://cdn.shopify.com/s/files/1/0754/4094/7522/files/Converse-x-Autumn-Embroidery-Knickgasm-4881.jpg?v=1734418888,5,,,
converse-x-autumn-embroidery,,,,,,,,,https://cdn.shopify.com/s/files/1/0754/4094/7522/files/Converse-x-Autumn-Embroidery-Knickgasm-2961.jpg?v=1734418890,6,,,
converse-x-autumn-embroidery,,,,,,,,,https://cdn.shopify.com/s/files/1/0754/4094/7522/files/Converse-x-Autumn-Embroidery-Knickgasm-5510.jpg?v=1734418892,7,,,
converse-x-autumn-embroidery,,,,,,,,,https://cdn.shopify.com/s/files/1/0754/4094/7522/files/Converse-x-Autumn-Embroidery-Knickgasm-2148.jpg?v=1734418893,8,,,
nike-air-force-1-x-liquid-golden-drip,Nike Air Force 1 x Liquid Golden Drip,"Introducing our unique and eye-catching Custom Hand Painted Nike Sneakers! These sneakers are the perfect colorway of style, art, and personalisation, making them a must-have for any sneaker-head or fashion enthusiast. Each pair of Custom Hand Painted Nike Sneakers is meticulously hand crafted by our skilled artists and sneaker designers who colorway their creativity and talent together to every sneaker",Knickgasm,Nike Air force 1,"custom nike shoes india, custom nike sneakers, drip, drips, Dripy, drop, droplet, featured, gold, golden, Golden drip, latest, Liquid, Nike, nike air force 1, nike air force 1 white, nike shoes, prepaid, Skulpture",TRUE,136.86,182.47,https://cdn.shopify.com/s/files/1/0754/4094/7522/files/Nike-Air-Force-1-x-Liquid-Golden-Drip-Knickgasm-6056.jpg?v=1734418876,1,active,Custom Sneakers,
nike-air-force-1-x-liquid-golden-drip,,,,,,,,,https://cdn.shopify.com/s/files/1/0754/4094/7522/files/Nike-Air-Force-1-x-Liquid-Golden-Drip-Knickgasm-2257.jpg?v=1734418878,2,,,
nike-air-force-1-x-liquid-golden-drip,,,,,,,,,https://cdn.shopify.com/s/files/1/0754/4094/7522/files/Nike-Air-Force-1-x-Liquid-Golden-Drip-Knickgasm-1115.jpg?v=1734418880,3,,,
nike-air-force-1-x-goku-x-vegeta,Nike Air Force 1 x Goku x Vegeta,"Introducing our unique and eye-catching Custom Hand Painted Nike Sneakers! These sneakers are the perfect colorway of style, art, and personalisation, making them a must-have for any sneaker-head or fashion enthusiast. Made on 100% Original Nike sneakers , our custom hand painted designs are durable and long-lasting. The high-quality materials used ensure that your sneakers will maintain their vibran",Knickgasm,Nike Air force 1,"anime, anime art, anime shoes india, anime swoosh, Anime-inspired sneakers, custom anime shoes india, custom anime sneaker india, custom nike shoes india, custom nike sneakers, dragon, dragon ball z, goku, Nike, nike air force 1, nike air force 1 white, nike air force anime, nike anime, nike shoes, prepaid, vegeta",TRUE,179.62,239.49,https://cdn.shopify.com/s/files/1/0754/4094/7522/files/Nike-Air-Force-1-x-Goku-x-Vegeta-Knickgasm-9049.jpg?v=1734418866,1,active,Custom Sneakers,
nike-air-force-1-x-goku-x-vegeta,,,,,,,,,https://cdn.shopify.com/s/files/1/0754/4094/7522/files/Nike-Air-Force-1-x-Goku-x-Vegeta-Knickgasm-4848.jpg?v=1734418868,2,,,
nike-air-force-1-x-goku-x-vegeta,,,,,,,,,https://cdn.shopify.com/s/files/1/0754/4094/7522/files/Nike-Air-Force-1-x-Goku-x-Vegeta-Knickgasm-9498.jpg?v=1734418870,3,,,
nike-air-force-1-x-goku-x-vegeta,,,,,,,,,https://cdn.shopify.com/s/files/1/0754/4094/7522/files/Nike-Air-Force-1-x-Goku-x-Vegeta-Knickgasm-1484.jpg?v=1734418872,4,,,
nike-air-force-1-x-goku-x-vegeta,,,,,,,,,https://cdn.shopify.com/s/files/1/0754/4094/7522/files/Nike-Air-Force-1-x-Goku-x-Vegeta-Knickgasm-5584.jpg?v=1734418874,5,,,
nike-air-force-1-x-flower,Nike Air Force 1 x Flowers,"Introducing our unique and eye-catching Custom Hand Painted Nike Sneakers! These sneakers are the perfect colorway of style, art, and personalization, making them a must-have for any sneaker-head or fashion enthusiast. Each pair of Custom Hand Painted Nike Sneakers is meticulously hand crafted by our skilled artists and sneaker designers who colorway their creativity and talent together to every sneaker",Knickgasm,Nike Air force 1,"aesthetic, asthetic, custom nike shoes india, custom nike sneakers, flower, Flowers, green, Panel, leaves, Nike, nike air force 1, Nike air force 1 custom shoes, nike air force 1 white, nike shoes, prepaid, purple, purple tree, red, tree, Wall flower",TRUE,158.25,210.99,https://cdn.shopify.com/s/files/1/0754/4094/7522/files/Nike-Air-Force-1-x-Flowers-Knickgasm-2160.jpg?v=1734418856,1,active,Custom Sneakers,
nike-air-force-1-x-flower,,,,,,,,,https://cdn.shopify.com/s/files/1/0754/4094/7522/files/Nike-Air-Force-1-x-Flowers-Knickgasm-4833.jpg?v=1734418858,2,,,
nike-air-force-1-x-flower,,,,,,,,,https://cdn.shopify.com/s/files/1/0754/4094/7522/files/Nike-Air-Force-1-x-Flowers-Knickgasm-6476.jpg?v=1734418860,3,,,
nike-air-force-1-x-flower,,,,,,,,,https://cdn.shopify.com/s/files/1/0754/4094/7522/files/Nike-Air-Force-1-x-Flowers-Knickgasm-946.jpg?v=1734418861,4,,,
nike-air-force-1-x-flower,,,,,,,,,https://cdn.shopify.com/s/files/1/0754/4094/7522/files/Nike-Air-Force-1-x-Flowers-Knickgasm-5527.jpg?v=1734418863,5,,,
nike-air-force-1-x-flower,,,,,,,,,https://cdn.shopify.com/s/files/1/0754/4094/7522/files/Nike-Air-Force-1-x-Flowers-Knickgasm-2499.jpg?v=1734418865,6,,,
converse-x-tanjiro-demon-slayer,Tanjiro Demon Slayer x Converse,"Introducing our unique and eye-catching Custom Hand Painted Converse Sneakers! These sneakers are the perfect colorway of style, art, and personalization, making them a must-have for any sneaker-head or fashion enthusiast. Each pair of Custom Hand Painted Converse Sneakers is meticulously hand crafted by our skilled artists and sneaker designers who colorway their creativity and talent together to every",Knickgasm,Converse,"anime, anime art, anime shoes india, Anime-inspired sneakers, black, Converse, converse all star, converse anime, converse black, converse custom shoes, converse custom shoes India, converse delhi, converse high tops, converse mumbai, cool custom, custom anime shoes india, custom anime sneaker india, custom converse, custom shoes india, Demon, Demon slayer, Demon Slayer: Kimetsu no Yaiba, featured, fire, Giyu Tomioka, Inosuke Hashibira, Japanese anime, Kimetsu, Kyojuro Rengoku, Nezuko Kamado, prepaid, Shinobu Kocho, slayer, Tanjiro Kamado, Yaiba, Zenitsu Agatsuma",TRUE,138.79,185.05,https://cdn.shopify.com/s/files/1/0754/4094/7522/files/Converse-x-Tanjiro-Demon-Slayer-Knickgasm-8498.jpg?v=1734418848,1,active,Custom Sneakers,
converse-x-tanjiro-demon-slayer,,,,,,,,,https://cdn.shopify.com/s/files/1/0754/4094/7522/files/Converse-x-Tanjiro-Demon-Slayer-Knickgasm-4877.jpg?v=1734418849,2,,,
converse-x-tanjiro-demon-slayer,,,,,,,,,https://cdn.shopify.com/s/files/1/0754/4094/7522/files/Converse-x-Tanjiro-Demon-Slayer-Knickgasm-6312.jpg?v=1734418851,3,,,
converse-x-tanjiro-demon-slayer,,,,,,,,,https://cdn.shopify.com/s/files/1/0754/4094/7522/files/Converse-x-Tanjiro-Demon-Slayer-Knickgasm-5247.jpg?v=1734418853,4,,,
converse-x-tanjiro-demon-slayer,,,,,,,,,https://cdn.shopify.com/s/files/1/0754/4094/7522/files/Converse-x-Tanjiro-Demon-Slayer-Knickgasm-426.jpg?v=1734418854,5,,,
nike-court-vision-x-gyarados-pokemon,Nike Court Vision x Gyarados Pokémon,"Introducing our unique and eye-catching Custom Nike Court Vision x Gyarados Pokémon with chunky rope laces! These sneakers are the colorway of style, art, and personalisation, making them a must-have for any sneaker-head or fashion enthusiast. Each pair of Custom Hand Painted Nike Sneakers is meticulously hand crafted by our skilled artists and sneaker designers who colorway their creativity and talent ",Knickgasm,Nike Court Vision,"anime, anime art, anime shoes india, Athlethic shoes, Bulbasour, Charlizard, custom nike shoes india, custom nike sneakers, Gyrarados, Mew, nike court vision, Nike court vision low, Nike court vision low white, nike shoes, Pichachu, Pokemon, Pokemon shoes, prepaid, Squirtle, Tennis shoes",TRUE,107.33,127.77,https://cdn.shopify.com/s/files/1/0754/4094/7522/files/Nike-Court-Vision-x-Gyarados-Pok-mon-Knickgasm-6754.jpg?v=1734418842,1,active,Custom Sneakers,
nike-court-vision-x-gyarados-pokemon,,,,,,,,,https://cdn.shopify.com/s/files/1/0754/4094/7522/files/Nike-Court-Vision-x-Gyarados-Pok-mon-Knickgasm-2647.jpg?v=1734418844,2,,,
nike-court-vision-x-gyarados-pokemon,,,,,,,,,https://cdn.shopify.com/s/files/1/0754/4094/7522/files/Nike-Court-Vision-x-Gyarados-Pok-mon-Knickgasm-5565.jpg?v=1734418846,3,,,
nike-air-force-1-x-m3-gtr-nfs-most-wanted,M3 GTR NFS Most Wanted x Nike Air Force 1,"Introducing our unique and eye-catching Custom Nike x Fast And Furious BRIAN O CONNER’S NISSAN GTR R34 SKYLINE. These sneakers are the perfect colorway of style, art, and personalisation, making them a must-have for any sneaker-head or fashion enthusiast. Each pair of Custom Hand Painted Nike Sneakers is meticulously hand crafted by our skilled artists and sneaker designers who colorway their creativity",Knickgasm,Nike Air force 1,"And, blue, Bmw, Car, custom nike shoes india, custom nike sneakers, Fast, Fast and furius, Furious, GTR, M3 GTR NFS Most Wanted Custom Sneakers, Movie, Need for speed, Nike, nike air force 1, nike air force 1 white, nike shoes, Nissan, prepaid, Race car, Skyline",TRUE,153.26,196.72,https://cdn.shopify.com/s/files/1/0754/4094/7522/files/Nike-Air-Force-1-x-M3-GTR-NFS-Most-Wanted-Knickgasm-2492.jpg?v=1734418838,1,active,Custom Sneakers,
nike-air-force-1-x-m3-gtr-nfs-most-wanted,,,,,,,,,https://cdn.shopify.com/s/files/1/0754/4094/7522/files/Nike-Air-Force-1-x-M3-GTR-NFS-Most-Wanted-Knickgasm-5086.jpg?v=1734418839,2,,,
nike-air-force-1-x-m3-gtr-nfs-most-wanted,,,,,,,,,https://cdn.shopify.com/s/files/1/0754/4094/7522/files/Nike-Air-Force-1-x-M3-GTR-NFS-Most-Wanted-Knickgasm-7253.jpg?v=1734418840,3,,,
nike-air-force-1-x-levi-x-mikasa-aot,Levi x Mikasa AOT x Nike Air Force 1,"Introducing our unique and eye-catching Custom Hand Painted Nike Air Force 1 x Levi x Mikasa AOT Sneakers! These sneakers are the perfect colorway of style, art, and personalisation, making them a must-have for any sneaker-head or fashion enthusiast. Made on 100% Original Nike sneakers , our custom hand painted designs are durable and long-lasting. The high-quality materials used ensure that your sne",Knickgasm,Nike Air force 1,"anime, anime art, anime shoes india, anime swoosh, Anime-inspired sneakers, Attack on titan, Black and white, Comic, custom anime shoes india, custom anime sneaker india, custom nike shoes india, custom nike sneakers, Eren yeager, featured, Levi, Levi ackerman, manga, Mikasa ackerman, Nike, nike air force 1, nike air force 1 white, nike air force anime, nike anime, nike shoes, prepaid",TRUE,179.62,239.49,https://cdn.shopify.com/s/files/1/0754/4094/7522/files/Nike-Air-Force-1-x-Levi-x-Mikasa-AOT-Knickgasm-2799.jpg?v=1734418834,1,active,Custom Sneakers,
nike-air-force-1-x-levi-x-mikasa-aot,,,,,,,,,https://cdn.shopify.com/s/files/1/0754/4094/7522/files/Nike-Air-Force-1-x-Levi-x-Mikasa-AOT-Knickgasm-9702.jpg?v=1734418836,2,,,
nike-air-force-1-x-tanjiro-x-zenitsu-demon-slayer-kimetsu-no-yaiba,Nike Air Force 1 x Tanjiro x Zenitsu Demon Slayer Kimetsu No Yaiba,"Introducing our unique and eye-catching Custom Tenjiro x Zenistu Demon Slayer Kimetsu no Yaiba Air Force 1 Nike Sneakers! These sneakers are the perfect colorway of style, art, and personalisation, making them a must-have for any sneaker-head or fashion enthusiast. Each pair of Custom Hand Painted Nike Sneakers is meticulously hand crafted by our skilled artists and sneaker designers who colorway their ",Knickgasm,Nike Air force 1,"anime, anime art, Anime eyes, anime shoes india, anime swoosh, Anime-inspired sneakers, blossom, blue, cherry blossom, custom anime shoes india, custom anime sneaker india, custom nike shoes india, custom nike sneakers, Demon, Demon slayer, Demon Slayer: Kimetsu no Yaiba, girl, Nezuko Kamado, Nike, nike air force 1, nike air force 1 white, nike air force anime, nike anime, nike shoes, pink, prepaid, slayer, sword, Tanjiro Kamado, Tenjiro, Zenitsu Agatsuma",TRUE,168.94,225.25,https://cdn.shopify.com/s/files/1/0754/4094/7522/files/Nike-Air-Force-1-x-Tanjiro-x-Zenitsu-Demon-Slayer-Kimetsu-No-Yaiba-Knickgasm-8215.png?v=1734418829,1,active,Custom Sneakers,
nike-air-force-1-x-tanjiro-x-zenitsu-demon-slayer-kimetsu-no-yaiba,,,,,,,,,https://cdn.shopify.com/s/files/1/0754/4094/7522/files/Nike-Air-Force-1-x-Tanjiro-x-Zenitsu-Demon-Slayer-Kimetsu-No-Yaiba-Knickgasm-5993.jpg?v=1734418831,2,,,
nike-air-force-1-x-tanjiro-x-zenitsu-demon-slayer-kimetsu-no-yaiba,,,,,,,,,https://cdn.shopify.com/s/files/1/0754/4094/7522/files/Nike-Air-Force-1-x-Tanjiro-x-Zenitsu-Demon-Slayer-Kimetsu-No-Yaiba-Knickgasm-1407.jpg?v=1734418832,3,,,
nike-air-force-1-x-gojo-jujutsu-kaisen,Nike Air Force 1 x Gojo Jujutsu Kaisen,"Introducing our unique and eye-catching Custom Hand Painted Nike Sneakers! These sneakers are the perfect colorway of style, art, and personalisation, making them a must-have for any sneaker-head or fashion enthusiast. Made on 100% Original Nike sneakers , our custom hand painted designs are durable and long-lasting. The high-quality materials used ensure that your sneakers will maintain their vibran",Knickgasm,Nike Air force 1,"black, Black af1 India, Gojo, Jjk, Jujutsu, kaisen, Megumi Fushiguro, nike air force 1, Nike air force 1 custom shoes, nike air force anime, nike air force1 black, nike black, nike black shoes, Nobara Kugisak, prepaid, Ryomen, Sukuna, Yuji Itadori",TRUE,201.02,268.01,https://cdn.shopify.com/s/files/1/0754/4094/7522/files/Nike-Air-Force-1-x-Gojo-Jujutsu-Kaisen-Knickgasm-1363.jpg?v=1734418821,1,active,Custom Sneakers,
nike-air-force-1-x-gojo-jujutsu-kaisen,,,,,,,,,https://cdn.shopify.com/s/files/1/0754/4094/7522/files/Nike-Air-Force-1-x-Gojo-Jujutsu-Kaisen-Knickgasm-3544.jpg?v=1734418823,2,,,
nike-air-force-1-x-gojo-jujutsu-kaisen,,,,,,,,,https://cdn.shopify.com/s/files/1/0754/4094/7522/files/Nike-Air-Force-1-x-Gojo-Jujutsu-Kaisen-Knickgasm-59.jpg?v=1734418825,3,,,
nike-air-force-1-x-gojo-jujutsu-kaisen,,,,,,,,,https://cdn.shopify.com/s/files/1/0754/4094/7522/files/Nike-Air-Force-1-x-Gojo-Jujutsu-Kaisen-Knickgasm-471.jpg?v=1734418827,4,,,
nike-air-force-1-x-levi-attack-on-titan,Nike Air Force 1 x Levi (Attack on Titan),"Introducing our unique and eye-catching Custom Hand Painted Nike Sneakers! These sneakers are the perfect colorway of style, art, and personalisation, making them a must-have for any sneaker-head or fashion enthusiast. Made on 100% Original Nike sneakers , our custom hand painted designs are durable and long-lasting. The high-quality materials used ensure that your sneakers will maintain their vibran",Knickgasm,Nike Air force 1,"anime, anime art, anime shoes india, anime swoosh, Anime-inspired sneakers, Attack on titan, Black and white, Comic, custom anime shoes india, custom anime sneaker india, custom nike shoes india, custom nike sneakers, Eren yeager, featured, Levi, Levi ackerman, manga, Mikasa ackerman, Nike, nike air force 1, nike air force 1 white, nike air force anime, nike anime, nike shoes, prepaid",TRUE,179.62,239.49,https://cdn.shopify.com/s/files/1/0754/4094/7522/files/Nike-Air-Force-1-x-Levi-Attack-on-Titan-Knickgasm-2225.png?v=1734418816,1,active,Custom Sneakers,
nike-air-force-1-x-levi-attack-on-titan,,,,,,,,,https://cdn.shopify.com/s/files/1/0754/4094/7522/files/Nike-Air-Force-1-x-Levi-Attack-on-Titan-Knickgasm-322.jpg?v=1734418818,2,,,
nike-air-force-1-x-levi-attack-on-titan,,,,,,,,,https://cdn.shopify.com/s/files/1/0754/4094/7522/files/Nike-Air-Force-1-x-Levi-Attack-on-Titan-Knickgasm-9641.jpg?v=1734418819,3,,,
nike-air-force-1-x-ryomen-sukuna-x-gojo-jujutsu-kaisen,Nike Air Force 1 x Ryomen Sukuna x Gojo Jujutsu Kaisen,"Introducing our unique and eye-catching Custom Hand Painted Nike Sneakers! These sneakers are the perfect colorway of style, art, and personalisation, making them a must-have for any sneaker-head or fashion enthusiast. Made on 100% Original Nike sneakers , our custom hand painted designs are durable and long-lasting. The high-quality materials used ensure that your sneakers will maintain their vibran",Knickgasm,Nike Air force 1,"anime, anime art, anime shoes india, anime swoosh, Anime-inspired sneakers, Gojo, Japanese anime, Jjk, Jujutsu, kaisen, Megumi Fushiguro, nike air force 1, Nike air force 1 custom shoes, nike air force 1 white, nike air force anime, nike anime, Nobara Kugisak, prepaid, Ryomen, Sukuna, white, Yuji Itadori",TRUE,201.02,268.01,https://cdn.shopify.com/s/files/1/0754/4094/7522/files/Nike-Air-Force-1-x-Ryomen-Sukuna-x-Gojo-Jujutsu-Kaisen-Knickgasm-3687.png?v=1734418814,1,active,Custom Sneakers,
nike-dunk-low-indigo-haze-x-taylor-swift,Nike Dunk Low Indigo Haze x Taylor Swift,"Introducing our unique and eye-catching Custom Hand Painted Nike Sneakers! These sneakers are the perfect colorway of style, art, and personalisation, making them a must-have for any sneaker-head or fashion enthusiast. Made on 100% Original Nike sneakers , our custom hand painted designs are durable and long-lasting. The high-quality materials used ensure that your sneakers will maintain their vibran",Knickgasm,Nike Dunks,"1989, album, Bird, Birds, blue, Bubble gum, custom nike shoes india, custom nike sneakers, custom shoes india, Era, featured, Lavender, light blue, Lover, music, Nike, nike blue, Nike dunks, nike shoes, pink, prepaid, Singer, sky blue, Swift, Swiftie, Swifty, Taylor, Taylors version, Tour",TRUE,217.81,290.40,https://cdn.shopify.com/s/files/1/0754/4094/7522/files/Nike-Dunk-Low-Indigo-Haze-x-Taylor-Swift-Knickgasm-7357.jpg?v=1734418808,1,active,Custom Sneakers,
nike-dunk-low-indigo-haze-x-taylor-swift,,,,,,,,,https://cdn.shopify.com/s/files/1/0754/4094/7522/files/Nike-Dunk-Low-Indigo-Haze-x-Taylor-Swift-Knickgasm-7873.jpg?v=1734418810,2,,,
nike-dunk-low-indigo-haze-x-taylor-swift,,,,,,,,,https://cdn.shopify.com/s/files/1/0754/4094/7522/files/Nike-Dunk-Low-Indigo-Haze-x-Taylor-Swift-Knickgasm-286.jpg?v=1734418812,3,,,
nike-air-force-1-x-fast-and-furious-brian-o-conner-s-nissan-gtr-r34-skyline,Nike Air Force 1 x Brian O Conner’s Nissan GTR R34 Skyline,"Introducing our unique and eye-catching Custom Nike x Fast And Furious BRIAN O CONNER’S NISSAN GTR R34 SKYLINE. These sneakers are the perfect colorway of style, art, and personalisation, making them a must-have for any sneaker-head or fashion enthusiast. Each pair of Custom Hand Painted Nike Sneakers is meticulously hand crafted by our skilled artists and sneaker designers who colorway their creativity",Knickgasm,Nike Air force 1,"And, blue, Car, custom nike shoes india, custom nike sneakers, Fast, Fast And Furious BRIAN O CONNER’S NISSAN GTR R34 SKYLINE, Fast and furius, Furious, GTR, Movie, Nike, nike air force 1, nike air force 1 white, nike shoes, Nissan, prepaid, Race car, Skyline",TRUE,168.94,225.25,https://cdn.shopify.com/s/files/1/0754/4094/7522/files/Nike-Air-Force-1-x-Brian-O-Conner-s-Nissan-GTR-R34-Skyline-Knickgasm-4851.jpg?v=1734418796,1,active,Custom Sneakers,
nike-air-force-1-x-fast-and-furious-brian-o-conner-s-nissan-gtr-r34-skyline,,,,,,,,,https://cdn.shopify.com/s/files/1/0754/4094/7522/files/Nike-Air-Force-1-x-Brian-O-Conner-s-Nissan-GTR-R34-Skyline-Knickgasm-2946.jpg?v=1734418798,2,,,
nike-air-force-1-x-fast-and-furious-brian-o-conner-s-nissan-gtr-r34-skyline,,,,,,,,,https://cdn.shopify.com/s/files/1/0754/4094/7522/files/Nike-Air-Force-1-x-Brian-O-Conner-s-Nissan-GTR-R34-Skyline-Knickgasm-919.jpg?v=1734418800,3,,,
nike-air-force-1-x-fast-and-furious-brian-o-conner-s-nissan-gtr-r34-skyline,,,,,,,,,https://cdn.shopify.com/s/files/1/0754/4094/7522/files/Nike-Air-Force-1-x-Brian-O-Conner-s-Nissan-GTR-R34-Skyline-Knickgasm-9974.jpg?v=1734418802,4,,,
nike-air-force-1-x-fast-and-furious-brian-o-conner-s-nissan-gtr-r34-skyline,,,,,,,,,https://cdn.shopify.com/s/files/1/0754/4094/7522/files/Nike-Air-Force-1-x-Brian-O-Conner-s-Nissan-GTR-R34-Skyline-Knickgasm-8039.jpg?v=1734418804,5,,,
nike-air-force-1-x-fast-and-furious-brian-o-conner-s-nissan-gtr-r34-skyline,,,,,,,,,https://cdn.shopify.com/s/files/1/0754/4094/7522/files/Nike-Air-Force-1-x-Brian-O-Conner-s-Nissan-GTR-R34-Skyline-Knickgasm-7138.jpg?v=1734418806,6,,,
nike-air-force-1-x-joker-x-batman,Joker x Batman x Nike Air Force 1,"Introducing our unique and eye-catching Custom Hand Painted Nike Sneakers! These sneakers are the perfect colorway of style, art, and personalisation, making them a must-have for any sneaker-head or fashion enthusiast. Each pair of Custom Hand Painted Nike Sneakers is meticulously hand crafted by our skilled artists and sneaker designers who colorway their creativity and talent together to every sneaker",Knickgasm,Nike Air force 1,"Bat, Batman, Batman India, custom nike shoes india, custom nike sneakers, Dark knight, dc, Dc India, Dc universe, Fandom, Gotham, Horror, Joker, Joker India, Laughing, marvel, marvel fan, Nike, nike air force 1, nike air force 1 white, nike shoes, prepaid, Super hero, Superman, white shoes",TRUE,192.11,248.06,https://cdn.shopify.com/s/files/1/0754/4094/7522/files/Nike-Air-Force-1-x-Joker-x-Batman-Knickgasm-4478.jpg?v=1734418778,1,active,Custom Sneakers,
nike-air-force-1-x-joker-x-batman,,,,,,,,,https://cdn.shopify.com/s/files/1/0754/4094/7522/files/Nike-Air-Force-1-x-Joker-x-Batman-Knickgasm-8150.jpg?v=1734418780,2,,,
nike-air-force-1-x-joker-x-batman,,,,,,,,,https://cdn.shopify.com/s/files/1/0754/4094/7522/files/Nike-Air-Force-1-x-Joker-x-Batman-Knickgasm-471.jpg?v=1734418782,3,,,
nike-air-force-1-x-joker-x-batman,,,,,,,,,https://cdn.shopify.com/s/files/1/0754/4094/7522/files/Nike-Air-Force-1-x-Joker-x-Batman-Knickgasm-1083.jpg?v=1734418784,4,,,
nike-air-force-1-x-joker-x-batman,,,,,,,,,https://cdn.shopify.com/s/files/1/0754/4094/7522/files/Nike-Air-Force-1-x-Joker-x-Batman-Knickgasm-2058.jpg?v=1734418786,5,,,
nike-air-force-1-x-joker-x-batman,,,,,,,,,https://cdn.shopify.com/s/files/1/0754/4094/7522/files/Nike-Air-Force-1-x-Joker-x-Batman-Knickgasm-1824.jpg?v=1734418788,6,,,
nike-air-force-1-x-joker-x-batman,,,,,,,,,https://cdn.shopify.com/s/files/1/0754/4094/7522/files/Nike-Air-Force-1-x-Joker-x-Batman-Knickgasm-1541.jpg?v=1734418790,7,,,
nike-air-force-1-x-joker-x-batman,,,,,,,,,https://cdn.shopify.com/s/files/1/0754/4094/7522/files/Nike-Air-Force-1-x-Joker-x-Batman-Knickgasm-7968.jpg?v=1734418792,8,,,
nike-air-force-1-x-joker-x-batman,,,,,,,,,https://cdn.shopify.com/s/files/1/0754/4094/7522/files/Nike-Air-Force-1-x-Joker-x-Batman-Knickgasm-9952.jpg?v=1734418794,9,,,
nike-air-force-1-x-black-glitter,Nike Air Force 1 x Black Shimmer,"*This pair is customised on original Nike Air Force 1 triple black. Introducing our unique and eye-catching Custom Hand Painted Nike Sneakers! These sneakers are the perfect colorway of style, art, and personalisation, making them a must-have for any sneaker-head or fashion enthusiast. Please note these are custom glittered and therefore wear and tear is possible over a prolonged usage Each pair of C",Knickgasm,Nike Air force 1,"AF1 Anthracite : Tiffany Blue, best seller, Black af1 glittered, Black af1 India, black nike shoes india, featured, Glitter, nike air force 1, nike air force1 black, nike black, nike black shoes, nike shoes, Nike x tiffany india, prepaid, Shimmer, Tiffany",TRUE,232.05,309.38,https://cdn.shopify.com/s/files/1/0754/4094/7522/files/Nike-Air-Force-1-x-Black-Shimmer-Knickgasm-634.jpg?v=1734418772,1,active,Custom Sneakers,
nike-air-force-1-x-black-glitter,,,,,,,,,https://cdn.shopify.com/s/files/1/0754/4094/7522/files/Nike-Air-Force-1-x-Black-Shimmer-Knickgasm-7343.jpg?v=1734418774,2,,,
nike-air-force-1-x-black-glitter,,,,,,,,,https://cdn.shopify.com/s/files/1/0754/4094/7522/files/Nike-Air-Force-1-x-Black-Shimmer-Knickgasm-8471.png?v=1734418776,3,,,
nike-air-force-1-x-demon-slayer-kimetsu-no-yaiba-kanroji-x-iguro,Kanroji × Iguro (Demon Slayer) x Nike Air Force 1,"Introducing our unique and eye-catching Custom Hand Painted Nike Sneakers! These sneakers are the perfect colorway of style, art, and personalisation, making them a must-have for any sneaker-head or fashion enthusiast. Each pair of Custom Hand Painted Nike Sneakers is meticulously hand crafted by our skilled artists and sneaker designers who colorway their creativity and talent together to every sneaker",Knickgasm,Nike Air force 1,"anime, anime art, anime shoes india, Anime-inspired sneakers, blossom, blue, cherry blossom, custom anime shoes india, custom anime sneaker india, custom nike shoes india, custom nike sneakers, Demon, girl, Nezuko Kamado, Nike, nike air force 1, nike air force 1 white, nike air force anime, nike anime, nike shoes, pink, prepaid, slayer, sword, Tanjiro Kamado",TRUE,158.25,210.99,https://cdn.shopify.com/s/files/1/0754/4094/7522/files/E63B7D2B-6B98-428B-B49C-3906E4A8BF98.jpg?v=1742913103,1,active,Custom Sneakers,
nike-air-force-1-x-demon-slayer-kimetsu-no-yaiba-kanroji-x-iguro,,,,,,,,,https://cdn.shopify.com/s/files/1/0754/4094/7522/files/EE95A36C-7FE0-4906-BE8B-B3EC796E873B.jpg?v=1742912989,2,,,
nike-air-force-1-x-demon-slayer-kimetsu-no-yaiba-kanroji-x-iguro,,,,,,,,,https://cdn.shopify.com/s/files/1/0754/4094/7522/files/BF6D2E03-EA09-4173-9BB9-6E7701B17380.jpg?v=1742912989,3,,,
nike-air-force-1-x-demon-slayer-kimetsu-no-yaiba-kanroji-x-iguro,,,,,,,,,https://cdn.shopify.com/s/files/1/0754/4094/7522/files/3EE5BC8D-3B51-4ACE-A58F-471CD286FACD.jpg?v=1742912989,4,,,
nike-air-force-1-x-demon-slayer-kimetsu-no-yaiba-kanroji-x-iguro,,,,,,,,,https://cdn.shopify.com/s/files/1/0754/4094/7522/files/B5601834-FA28-4CAB-B028-203591FAD258.jpg?v=1742912989,5,,,
nike-air-force-1-x-demon-slayer-kimetsu-no-yaiba-kanroji-x-iguro,,,,,,,,,https://cdn.shopify.com/s/files/1/0754/4094/7522/files/4F350020-E07E-4335-B429-075CDAF53324.jpg?v=1742912989,6,,,
nike-air-force-1-x-itachi,Itachi x Nike Air Force 1,"Introducing our unique and eye-catching Custom Hand Painted Nike Sneakers! These sneakers are the perfect colorway of style, art, and personalisation, making them a must-have for any sneaker-head or fashion enthusiast. Each pair of Custom Hand Painted Nike Sneakers is meticulously hand crafted by our skilled artists and sneaker designers who colorway their creativity and talent together to every sneaker",Knickgasm,Nike Air force 1,"animal, anime, anime art, Anime eyes, anime shoes india, anime swoosh, Anime-inspired sneakers, custom anime shoes india, custom anime sneaker india, itachi, itachi eyes, Itachi Uchiha, Japanese anime, nagato, naruto, Naruto cosplay shoes, Naruto custom sneakers, naruto eyes, naruto shppuden, naruto swoosh, Naruto Uzumaki, nike air force anime, nike anime, prepaid, Sakura Haruno, Shikamaru Nara, swoosh",TRUE,179.62,239.49,https://cdn.shopify.com/s/files/1/0754/4094/7522/files/FA4747E7-F755-4DE8-82AF-DD941E552D73.jpg?v=1736749637,1,active,Custom Sneakers,
nike-air-force-1-x-itachi,,,,,,,,,https://cdn.shopify.com/s/files/1/0754/4094/7522/files/D34B00D8-543D-42F5-9E0A-E277957531E7.jpg?v=1736749636,2,,,
nike-air-force-1-x-itachi,,,,,,,,,https://cdn.shopify.com/s/files/1/0754/4094/7522/files/9624B50B-3596-4B03-B175-2A00E9BAAC4F.jpg?v=1736749636,3,,,
nike-air-force-1-x-itachi,,,,,,,,,https://cdn.shopify.com/s/files/1/0754/4094/7522/files/17C46AB8-6EF5-41C0-B0BD-CF91D6ECED43.jpg?v=1736749637,4,,,
nike-air-force-1-x-itachi,,,,,,,,,https://cdn.shopify.com/s/files/1/0754/4094/7522/files/D44F7ED0-800D-4D77-BAA5-DFEA5491C4EE.jpg?v=1736749637,5,,,
nike-air-force-1-x-itachi,,,,,,,,,https://cdn.shopify.com/s/files/1/0754/4094/7522/files/69D36FD4-B4FC-43D9-B2BD-76BFEFB835BA.jpg?v=1736749636,6,,,
nike-air-force-1-x-jujutsu-kaisen-sukuna-with-eyes,Jujutsu Kaisen (Sukuna with Eyes) x Nike Air Force 1,"Introducing our unique and eye-catching Custom Hand Painted Nike Sneakers! These sneakers are the perfect colorway of style, art, and personalisation, making them a must-have for any sneaker-head or fashion enthusiast. Made on 100% Original Nike sneakers , our custom hand painted designs are durable and long-lasting. The high-quality materials used ensure that your sneakers will maintain their vibran",Knickgasm,Nike Air force 1,"Jjk, Jujutsu, kaisen, Megumi Fushiguro, Nobara Kugisak, prepaid, Yuji Itadori",TRUE,158.25,210.99,https://cdn.shopify.com/s/files/1/0754/4094/7522/files/Nike-Air-Force-1-x-Jujutsu-Kaisen-Sukuna-with-Eyes-Knickgasm-6904.jpg?v=1734418752,1,active,Custom Sneakers,
nike-air-force-1-x-jujutsu-kaisen-sukuna-with-eyes,,,,,,,,,https://cdn.shopify.com/s/files/1/0754/4094/7522/files/Nike-Air-Force-1-x-Jujutsu-Kaisen-Sukuna-with-Eyes-Knickgasm-354.jpg?v=1734418753,2,,,
nike-air-force1-x-hunter-x-hunter-killer-and-gon,Hunter x Hunter (Killer and Gon) x Nike Air Force 1,"Introducing our unique and eye-catching Custom Hand Painted Nike Air Force 1 Sneakers! These sneakers are the perfect colorway of style, art, and personalization, making them a must-have for any sneaker-head or fashion enthusiast. Each pair of Custom Hand Painted Nike Sneakers is meticulously hand crafted by our skilled artists and sneaker designers who colorway their creativity and talent together to e",Knickgasm,Nike Air force 1,"anime, anime art, anime shoes india, Anime-inspired sneakers, blue, cool custom, custom anime shoes india, custom anime sneaker india, custom nike sneakers, custom shoes india, eorio Paradinight, Gon Freecss, Hisoka, hunter, hunter x hunter, Killua Zoldyck, Kurapika, Meruem, Nike, nike air force 1, Nike air force 1 custom shoes, nike air force 1 white, nike shoes, prepaid, x, yellow",TRUE,153.91,182.15,https://cdn.shopify.com/s/files/1/0754/4094/7522/files/Nike-Air-Force1-x-Hunter-x-Hunter-Killer-and-Gon-Knickgasm-5885.jpg?v=1734418747,1,active,Custom Sneakers,
nike-air-force1-x-hunter-x-hunter-killer-and-gon,,,,,,,,,https://cdn.shopify.com/s/files/1/0754/4094/7522/files/Nike-Air-Force1-x-Hunter-x-Hunter-Killer-and-Gon-Knickgasm-4325.jpg?v=1734418749,2,,,
nike-air-force1-x-hunter-x-hunter-killer-and-gon,,,,,,,,,https://cdn.shopify.com/s/files/1/0754/4094/7522/files/Nike-Air-Force1-x-Hunter-x-Hunter-Killer-and-Gon-Knickgasm-1510.jpg?v=1734418750,3,,,
nike-air-force-1-x-jujutsu-kaisen-gojo-x-geto,Nike Air Force 1 x Jujutsu Kaisen (Gojo x Geto),"Introducing our unique and eye-catching Custom Hand Painted Nike Sneakers! These sneakers are the perfect colorway of style, art, and personalisation, making them a must-have for any sneaker-head or fashion enthusiast. Made on 100% Original Nike sneakers , our custom hand painted designs are durable and long-lasting. The high-quality materials used ensure that your sneakers will maintain their vibran",Knickgasm,Nike Air force 1,"Jjk, Jujutsu, kaisen, Megumi Fushiguro, Nobara Kugisak, prepaid, Yuji Itadori",TRUE,147.54,196.72,https://cdn.shopify.com/s/files/1/0754/4094/7522/files/Nike-Air-Force-1-x-Jujutsu-Kaisen-Gojo-x-Geto-Knickgasm-3488.jpg?v=1734418743,1,active,Custom Sneakers,
nike-air-force-1-x-jujutsu-kaisen-gojo-x-geto,,,,,,,,,https://cdn.shopify.com/s/files/1/0754/4094/7522/files/Nike-Air-Force-1-x-Jujutsu-Kaisen-Gojo-x-Geto-Knickgasm-1441.jpg?v=1734418744,2,,,
nike-air-force-1-x-jujutsu-kaisen-gojo-x-geto,,,,,,,,,https://cdn.shopify.com/s/files/1/0754/4094/7522/files/Nike-Air-Force-1-x-Jujutsu-Kaisen-Gojo-x-Geto-Knickgasm-5786.jpg?v=1734418746,3,,,
nike-air-force-1-x-dragon-ball-z-goku-x-vegeta-1,Nike Air Force 1 x Dragon ball Z (Goku x Vegeta),"Introducing our unique and eye-catching Custom Hand Painted Nike Sneakers! These sneakers are the perfect colorway of style, art, and personalisation, making them a must-have for any sneaker-head or fashion enthusiast. Each pair of Custom Hand Painted Nike Sneakers is meticulously hand crafted by our skilled artists and sneaker designers who colorway their creativity and talent together to every sneaker",Knickgasm,Nike Air force 1,"anime, anime art, anime shoes india, Anime-inspired sneakers, custom anime shoes india, custom anime sneaker india, custom nike shoes india, custom nike sneakers, dragon, dragon ball z, Frieza, goku, Nike, nike air force 1, nike air force 1 white, nike air force anime, nike anime, nike shoes, prepaid, Trunks, vegeta",TRUE,147.54,196.72,https://cdn.shopify.com/s/files/1/0754/4094/7522/files/Nike-Air-Force-1-x-Dragon-ball-Z-Goku-x-Vegeta-Knickgasm-1087.jpg?v=1734418738,1,active,Custom Sneakers,
nike-air-force-1-x-dragon-ball-z-goku-x-vegeta-1,,,,,,,,,https://cdn.shopify.com/s/files/1/0754/4094/7522/files/Nike-Air-Force-1-x-Dragon-ball-Z-Goku-x-Vegeta-Knickgasm-1492.jpg?v=1734418740,2,,,
nike-air-force-1-x-dragon-ball-z-goku-x-vegeta-1,,,,,,,,,https://cdn.shopify.com/s/files/1/0754/4094/7522/files/Nike-Air-Force-1-x-Dragon-ball-Z-Goku-x-Vegeta-Knickgasm-2162.jpg?v=1734418741,3,,,
nike-air-force-1-x-spiderman,Spiderman x Nike Air Force 1,"Introducing our unique and eye-catching Custom Hand Painted Nike Sneakers! These sneakers are the perfect colorway of style, art, and personalisation, making them a must-have for any sneaker-head or fashion enthusiast. Made on 100% Original Nike sneakers , our custom hand painted designs are durable and long-lasting. The high-quality materials used ensure that your sneakers will maintain their vibran",Knickgasm,Nike Air force 1,"colourful, custom nike shoes india, custom nike sneakers, custom shoes india, dc, India shoes, marvel, marvel fan, Multiverse, Nike, nike air force 1, nike air force 1 white, nike blue, nike pastel, nike red, nike shoes, pastel nike, prepaid, rainbow, red, Shoes for boyfriend, Shoes for girlfriend, spiderman, Splatter, Sprinkled color, white shoes",TRUE,156.25,200.45,https://cdn.shopify.com/s/files/1/0754/4094/7522/files/Nike-Air-Force-1-x-Spiderman-Knickgasm-8757.jpg?v=1734418733,1,active,Custom Sneakers,
nike-air-force-1-x-spiderman,,,,,,,,,https://cdn.shopify.com/s/files/1/0754/4094/7522/files/Nike-Air-Force-1-x-Spiderman-Knickgasm-515.jpg?v=1734418735,2,,,
nike-air-force-1-x-spiderman,,,,,,,,,https://cdn.shopify.com/s/files/1/0754/4094/7522/files/Nike-Air-Force-1-x-Spiderman-Knickgasm-3944.jpg?v=1734418737,3,,,
asics-x-stree-2-theme,Asics x Stree 2 theme,"Introducing our unique and eye-catching Custom Hand Painted Nike Sneakers! These sneakers are the perfect colorway of style, art, and personalisation, making them a must-have for any sneaker-head or fashion enthusiast. Made on 100% Original Nike sneakers , our custom hand painted designs are durable and long-lasting. The high-quality materials used ensure that your sneakers will maintain their vibran",Knickgasm,Asics,"Asics, Asics custom shoes, Asics india, Bikey plij, Custom sneakers, India custom, Movie, O stree kal aana, prepaid, Sarkate ka aatang, Shraddha kapoor, Shraddha kapoor shoes, Stree 2, Stree shoes, tv",TRUE,146.53,195.36,https://cdn.shopify.com/s/files/1/0754/4094/7522/files/Asics-x-Stree-2-theme-Knickgasm-9411.jpg?v=1734418718,1,active,Custom Sneakers,
asics-x-stree-2-theme,,,,,,,,,https://cdn.shopify.com/s/files/1/0754/4094/7522/files/Asics-x-Stree-2-theme-Knickgasm-2688.jpg?v=1734418720,2,,,
asics-x-stree-2-theme,,,,,,,,,https://cdn.shopify.com/s/files/1/0754/4094/7522/files/Asics-x-Stree-2-theme-Knickgasm-7245.jpg?v=1734418722,3,,,
asics-x-stree-2-theme,,,,,,,,,https://cdn.shopify.com/s/files/1/0754/4094/7522/files/Asics-x-Stree-2-theme-Knickgasm-5068.jpg?v=1734418724,4,,,
asics-x-stree-2-theme,,,,,,,,,https://cdn.shopify.com/s/files/1/0754/4094/7522/files/Asics-x-Stree-2-theme-Knickgasm-1744.jpg?v=1734418726,5,,,
nike-air-force-1-x-airplane-theme-pilot-custom,Nike Air Force 1 x Airplane,"Introducing our unique and eye-catching Custom Hand Painted Nike Sneakers! These sneakers are the perfect colorway of style, art, and personalisation, making them a must-have for any sneaker-head or fashion enthusiast. Made on 100% Original Nike sneakers , our custom hand painted designs are durable and long-lasting. The high-quality materials used ensure that your sneakers will maintain their vibran",Knickgasm,Nike Air force 1,"Airbus, Airplane, Boing, Could, custom nike shoes india, custom nike sneakers, custom shoes india, india, India shoes, Nike, nike air force 1, Nike air force 1 custom shoes, nike air force 1 white, nike shoes, Pilot, Plane, prepaid, Professional, sky, white, white shoes",TRUE,136.86,182.47,https://cdn.shopify.com/s/files/1/0754/4094/7522/files/Nike-Air-Force-1-x-Airplane-Knickgasm-8302.jpg?v=1734418710,1,active,Custom Sneakers,
nike-air-force-1-x-airplane-theme-pilot-custom,,,,,,,,,https://cdn.shopify.com/s/files/1/0754/4094/7522/files/Nike-Air-Force-1-x-Airplane-Knickgasm-409.jpg?v=1734418712,2,,,
nike-air-force-1-x-airplane-theme-pilot-custom,,,,,,,,,https://cdn.shopify.com/s/files/1/0754/4094/7522/files/Nike-Air-Force-1-x-Airplane-Knickgasm-236.jpg?v=1734418714,3,,,
nike-air-force-1-x-airplane-theme-pilot-custom,,,,,,,,,https://cdn.shopify.com/s/files/1/0754/4094/7522/files/Nike-Air-Force-1-x-Airplane-Knickgasm-8180.jpg?v=1734418716,4,,,
nike-air-force-1-x-spiderman-custom-1,Spiderman x Nike Air Force 1,"Introducing our unique and eye-catching Custom Hand Painted Nike Sneakers! These sneakers are the perfect colorway of style, art, and personalisation, making them a must-have for any sneaker-head or fashion enthusiast. Made on 100% Original Nike sneakers , our custom hand painted designs are durable and long-lasting. The high-quality materials used ensure that your sneakers will maintain their vibran",Knickgasm,Nike Air force 1,"Avenger, avengers, colourful, custom nike shoes india, custom nike sneakers, custom shoes india, dc, Gwen, India shoes, marvel, marvel fan, Mj, Multiverse, Nike, nike blue, Nike kids, nike pastel, nike red, nike shoes, pastel nike, peter, Peter parker, prepaid, rainbow, red, Shoes for boyfriend, Shoes for girlfriend, spiderman, Splatter, Sprinkled color, The amazing spiderman, Web, white shoes",TRUE,157.17,200.45,https://cdn.shopify.com/s/files/1/0754/4094/7522/files/Nike-Kids-x-Spiderman-Custom-Knickgasm-6616.jpg?v=1734418702,1,active,Custom Sneakers,
nike-air-force-1-x-spiderman-custom-1,,,,,,,,,https://cdn.shopify.com/s/files/1/0754/4094/7522/files/Nike-Kids-x-Spiderman-Custom-Knickgasm-3843.jpg?v=1734418704,2,,,
nike-air-force-1-x-spiderman-custom-1,,,,,,,,,https://cdn.shopify.com/s/files/1/0754/4094/7522/files/Nike-Kids-x-Spiderman-Custom-Knickgasm-8749.jpg?v=1734418706,3,,,
nike-air-force-1-x-spiderman-custom-1,,,,,,,,,https://cdn.shopify.com/s/files/1/0754/4094/7522/files/Nike-Kids-x-Spiderman-Custom-Knickgasm-5532.jpg?v=1734418708,4,,,
nike-air-force-1-x-courage-the-cowardly-dog,Nike Air Force 1 x Courage the Cowardly Dog,"Introducing our unique and eye-catching Custom Hand Painted Nike Sneakers! These sneakers are the perfect colorway of style, art, and personalisation, making them a must-have for any sneaker-head or fashion enthusiast. Made on 100% Original Nike sneakers , our custom hand painted designs are durable and long-lasting. The high-quality materials used ensure that your sneakers will maintain their vibran",Knickgasm,Nike Air force 1,"cartoon, cartoons, cool custom, Courage the Cowardly Dog, custom nike shoes india, custom nike sneakers, Eustace, kids, Nike, nike air force 1, Nike air force 1 custom shoes, nike air force 1 white, nike shoes, prepaid",TRUE,147.54,196.72,https://cdn.shopify.com/s/files/1/0754/4094/7522/files/Nike-Air-Force-1-x-Courage-the-Cowardly-Dog-Knickgasm-2626.jpg?v=1734418694,1,active,Custom Sneakers,
nike-air-force-1-x-courage-the-cowardly-dog,,,,,,,,,https://cdn.shopify.com/s/files/1/0754/4094/7522/files/Nike-Air-Force-1-x-Courage-the-Cowardly-Dog-Knickgasm-8583.jpg?v=1734418696,2,,,
nike-air-force-1-x-courage-the-cowardly-dog,,,,,,,,,https://cdn.shopify.com/s/files/1/0754/4094/7522/files/Nike-Air-Force-1-x-Courage-the-Cowardly-Dog-Knickgasm-6462.jpg?v=1734418698,3,,,
nike-air-force-1-x-courage-the-cowardly-dog,,,,,,,,,https://cdn.shopify.com/s/files/1/0754/4094/7522/files/Nike-Air-Force-1-x-Courage-the-Cowardly-Dog-Knickgasm-6444.jpg?v=1734418700,4,,,
nike-air-jordan-1-lows-x-cartooned-coffee-dip-rope-laces,Cartoon Coffee Nike Air Jordan 1 Lows,"Introducing our unique and eye-catching Custom Hand Painted Nike Sneakers! These sneakers are the perfect colorway of style, art, and personalisation, making them a must-have for any sneaker-head or fashion enthusiast. This is dipped into raw coffee therefore few raw coffee marks and punch marks might be there. Each pair of Custom Hand Painted Nike Sneakers is meticulously hand crafted by our skilled",Knickgasm,Nike Air Jordan,"big laces, brown, chirag, Chunk rope laces, coffe, coffee, custom nike shoes india, custom nike sneakers, dip, featured, Jordan, Jordan mocha, laces, Nike, Nike air jordan 1 lows, Nike aj1, nike coffee, Nike coffee dip, nike jordan, nike shoes, prepaid, rope, rope laces, thick",TRUE,186.40,229.68,https://cdn.shopify.com/s/files/1/0754/4094/7522/files/Nike-Air-Jordan-1-Lows-x-Cartooned-Coffee-Dip-Rope-Laces-Knickgasm-2242.jpg?v=1734418687,1,active,Custom Sneakers,
nike-air-jordan-1-lows-x-cartooned-coffee-dip-rope-laces,,,,,,,,,https://cdn.shopify.com/s/files/1/0754/4094/7522/files/Nike-Air-Jordan-1-Lows-x-Cartooned-Coffee-Dip-Rope-Laces-Knickgasm-8289.jpg?v=1734418689,2,,,
nike-air-jordan-1-lows-x-cartooned-coffee-dip-rope-laces,,,,,,,,,https://cdn.shopify.com/s/files/1/0754/4094/7522/files/Nike-Air-Jordan-1-Lows-x-Cartooned-Coffee-Dip-Rope-Laces-Knickgasm-9618.jpg?v=1734418690,3,,,
nike-air-jordan-1-lows-x-cartooned-coffee-dip-rope-laces,,,,,,,,,https://cdn.shopify.com/s/files/1/0754/4094/7522/files/Nike-Air-Jordan-1-Lows-x-Cartooned-Coffee-Dip-Rope-Laces-Knickgasm-4746.jpg?v=1734418692,4,,,
nike-air-force-1-x-levi-x-ackerman-attack-on-titan,Nike Air Force 1 x Levi x Ackerman Attack On Titan,"Introducing our unique and eye-catching Custom Hand Painted Nike Sneakers! These sneakers are the perfect colorway of style, art, and personalisation, making them a must-have for any sneaker-head or fashion enthusiast. Made on 100% Original Nike sneakers , our custom hand painted designs are durable and long-lasting. The high-quality materials used ensure that your sneakers will maintain their vibran",Knickgasm,Nike Air force 1,"anime, anime art, Anime eyes, anime shoes india, anime swoosh, Anime-inspired sneakers, Attack on titan, Black and white, Comic, custom anime shoes india, custom anime sneaker india, custom nike shoes india, custom nike sneakers, Eren yeager, featured, Japanese anime, Levi, Levi ackerman, manga, Mikasa ackerman, Nike, nike air force 1, nike air force 1 white, nike air force anime, nike anime, nike shoes, prepaid, white, white shoes",TRUE,158.25,210.99,https://cdn.shopify.com/s/files/1/0754/4094/7522/files/Nike-Air-Force-1-x-Levi-x-Ackerman-Attack-On-Titan-Knickgasm-2737.jpg?v=1734418677,1,active,Custom Sneakers,
nike-air-force-1-x-levi-x-ackerman-attack-on-titan,,,,,,,,,https://cdn.shopify.com/s/files/1/0754/4094/7522/files/Nike-Air-Force-1-x-Levi-x-Ackerman-Attack-On-Titan-Knickgasm-4674.jpg?v=1734418681,2,,,
nike-air-force-1-x-levi-x-ackerman-attack-on-titan,,,,,,,,,https://cdn.shopify.com/s/files/1/0754/4094/7522/files/Nike-Air-Force-1-x-Levi-x-Ackerman-Attack-On-Titan-Knickgasm-9660.jpg?v=1734418683,3,,,
nike-air-force-1-x-levi-x-ackerman-attack-on-titan,,,,,,,,,https://cdn.shopify.com/s/files/1/0754/4094/7522/files/Nike-Air-Force-1-x-Levi-x-Ackerman-Attack-On-Titan-Knickgasm-47.jpg?v=1734418684,4,,,
nike-air-force-1-x-levi-x-ackerman-attack-on-titan,,,,,,,,,https://cdn.shopify.com/s/files/1/0754/4094/7522/files/Nike-Air-Force-1-x-Levi-x-Ackerman-Attack-On-Titan-Knickgasm-9149.jpg?v=1734418679,5,,,
nike-air-force-1-x-luffy-and-zoro-swoosh-1,Luffy x Zoro x Nike Air Force 1,"Introducing our unique and eye-catching Custom Hand Painted Nike Sneakers! These sneakers are the perfect colorway of style, art, and personalisation, making them a must-have for any sneaker-head or fashion enthusiast. Each pair of Custom Hand Painted Nike Sneakers is meticulously hand crafted by our skilled artists and sneaker designers in India who colorway their creativity and talent together to ever",Knickgasm,Nike Air force 1,"ace, anime, anime art, anime shoes india, Anime-inspired sneakers, custom anime shoes india, custom anime sneaker india, featured, japanese, luffy, nike air force anime, nike anime, one, one piece, one piece custom, one piece custom sneaker, pirate, prepaid, zoro",TRUE,147.54,205.28,https://cdn.shopify.com/s/files/1/0754/4094/7522/files/Nike-Air-Force-1-x-Luffy-And-Zoro-Swoosh-Knickgasm-3545.jpg?v=1734418668,1,active,Custom Sneakers,
nike-air-force-1-x-luffy-and-zoro-swoosh-1,,,,,,,,,https://cdn.shopify.com/s/files/1/0754/4094/7522/files/Nike-Air-Force-1-x-Luffy-And-Zoro-Swoosh-Knickgasm-5066.jpg?v=1734418669,2,,,
nike-air-force-1-x-luffy-and-zoro-swoosh-1,,,,,,,,,https://cdn.shopify.com/s/files/1/0754/4094/7522/files/Nike-Air-Force-1-x-Luffy-And-Zoro-Swoosh-Knickgasm-3573.jpg?v=1734418671,3,,,
nike-air-force-1-x-luffy-and-zoro-swoosh-1,,,,,,,,,https://cdn.shopify.com/s/files/1/0754/4094/7522/files/Nike-Air-Force-1-x-Luffy-And-Zoro-Swoosh-Knickgasm-982.jpg?v=1734418673,4,,,
nike-air-force-1-x-luffy-and-zoro-swoosh-1,,,,,,,,,https://cdn.shopify.com/s/files/1/0754/4094/7522/files/Nike-Air-Force-1-x-Luffy-And-Zoro-Swoosh-Knickgasm-6444.jpg?v=1734418675,5,,,
nike-air-force-1-x-taylor-s-version,Taylor’s Version x Nike Air Force 1,"Introducing our unique and eye-catching Custom Hand Painted Nike Sneakers! These sneakers are the perfect colorway of style, art, and personalisation, making them a must-have for any sneaker-head or fashion enthusiast. Made on 100% Original Nike sneakers , our custom hand painted designs are durable and long-lasting. The high-quality materials used ensure that your sneakers will maintain their vibran",Knickgasm,Nike Air force 1,"1989, album, blue, custom nike shoes india, custom nike sneakers, custom shoes india, Era, featured, Icon, light blue, Lover, music, Nike, nike air force 1, nike air force 1 white, nike blue, nike shoes, pop, Pop singer, Pop star, prepaid, Singer, sky blue, Swift, Swifty, Taylor, Taylors version, Tour",TRUE,184.73,246.30,https://cdn.shopify.com/s/files/1/0754/4094/7522/files/Nike-Air-Force-1-x-Taylor-s-Version-Knickgasm-5750.jpg?v=1734418652,1,active,Custom Sneakers,
nike-air-force-1-x-taylor-s-version,,,,,,,,,https://cdn.shopify.com/s/files/1/0754/4094/7522/files/Nike-Air-Force-1-x-Taylor-s-Version-Knickgasm-2621.jpg?v=1734418653,2,,,
nike-air-force-1-x-taylor-s-version,,,,,,,,,https://cdn.shopify.com/s/files/1/0754/4094/7522/files/Nike-Air-Force-1-x-Taylor-s-Version-Knickgasm-2314.jpg?v=1734418655,3,,,
nike-air-force-1-x-taylor-s-version,,,,,,,,,https://cdn.shopify.com/s/files/1/0754/4094/7522/files/Nike-Air-Force-1-x-Taylor-s-Version-Knickgasm-8847.jpg?v=1734418657,4,,,
nike-air-force-1-x-taylor-s-version,,,,,,,,,https://cdn.shopify.com/s/files/1/0754/4094/7522/files/Nike-Air-Force-1-x-Taylor-s-Version-Knickgasm-2838.jpg?v=1734418659,5,,,
nike-air-force-1-x-luffy-gear-5-x-kaido,Luffy Gear 5 x Kaido x Nike Air Force 1,"Introducing our unique and eye-catching Custom Hand Painted Nike Sneakers! These sneakers are the perfect colorway of style, art, and personalisation, making them a must-have for any sneaker-head or fashion enthusiast. Nike Air Force 1 Custom One Piece Wano Arc 🏴‍☠️ ➡️ The design is one of its kind for One Piece Fans. It subtly features the Wano Arc with Luffy in gear 5 sun god nikka mode and Kaido i",Knickgasm,Nike Air force 1,"anime, anime art, anime shoes india, Anime-inspired sneakers, custom anime shoes india, custom anime sneaker india, custom nike shoes india, custom nike sneakers, gear 5, Japanese anime, Kaido, King one puece, luffy, Luffy gear 5, Nike, nike air force 1, nike air force 1 white, nike air force anime, nike anime, nike shoes, Nothing happened, one, one piece, one piece custom, one piece custom sneaker, pirate, prepaid, Ronorova zoro, Sun god, sword, uv, Wano arc, zoro",TRUE,261.95,349.27,https://cdn.shopify.com/s/files/1/0754/4094/7522/files/Nike-Air-Force-1-x-Luffy-Gear-5-x-Kaido-Knickgasm-5451.jpg?v=1734418641,1,active,Custom Sneakers,
nike-air-force-1-x-luffy-gear-5-x-kaido,,,,,,,,,https://cdn.shopify.com/s/files/1/0754/4094/7522/files/Nike-Air-Force-1-x-Luffy-Gear-5-x-Kaido-Knickgasm-6421.jpg?v=1734418643,2,,,
nike-air-force-1-x-luffy-gear-5-x-kaido,,,,,,,,,https://cdn.shopify.com/s/files/1/0754/4094/7522/files/Nike-Air-Force-1-x-Luffy-Gear-5-x-Kaido-Knickgasm-7582.jpg?v=1734418645,3,,,
nike-air-force-1-x-luffy-gear-5-x-kaido,,,,,,,,,https://cdn.shopify.com/s/files/1/0754/4094/7522/files/Nike-Air-Force-1-x-Luffy-Gear-5-x-Kaido-Knickgasm-9885.jpg?v=1734418646,4,,,
nike-air-force-1-x-luffy-gear-5-x-kaido,,,,,,,,,https://cdn.shopify.com/s/files/1/0754/4094/7522/files/Nike-Air-Force-1-x-Luffy-Gear-5-x-Kaido-Knickgasm-7795.jpg?v=1734418650,5,,,
nike-air-force-1-x-luffy-gear-5-x-kaido,,,,,,,,,https://cdn.shopify.com/s/files/1/0754/4094/7522/files/Nike-Air-Force-1-x-Luffy-Gear-5-x-Kaido-Knickgasm-3206.jpg?v=1734418648,6,,,
nike-air-force-1-x-lavender-dreamland-butterfly,Dreamland butterfly x Nike Air Force 1,"Introducing our unique and eye-catching Custom Hand Painted Nike Sneakers! These sneakers are the perfect colorway of style, art, and personalisation, making them a must-have for any sneaker-head or fashion enthusiast. Each pair of Custom Hand Painted Nike Sneakers is meticulously hand crafted by our skilled artists and sneaker designers who colorway their creativity and talent together to every sneaker",Knickgasm,Nike Air force 1,"Butterfly, colourful, custom nike shoes india, custom nike sneakers, Dreamland, flower, Flowers, Lavender, Lavender butterfly drip, Nike, nike air force 1, nike air force 1 white, nike butterfly, nike shoes, prepaid, purple, Purple butterfly, purple swoosh, Stems",TRUE,143.28,191.04,https://cdn.shopify.com/s/files/1/0754/4094/7522/files/Nike-Air-Force-1-x-lavender-dreamland-butterfly-Knickgasm-3672.jpg?v=1734418632,1,active,Custom Sneakers,
nike-air-force-1-x-lavender-dreamland-butterfly,,,,,,,,,https://cdn.shopify.com/s/files/1/0754/4094/7522/files/Nike-Air-Force-1-x-lavender-dreamland-butterfly-Knickgasm-5409.jpg?v=1734418633,2,,,
nike-air-force-1-x-lavender-dreamland-butterfly,,,,,,,,,https://cdn.shopify.com/s/files/1/0754/4094/7522/files/Nike-Air-Force-1-x-lavender-dreamland-butterfly-Knickgasm-3591.jpg?v=1734418635,3,,,
nike-air-jordan-1-lows-x-coffee-dip-rope-laces,Nike Air Jordan 1 Lows x Coffee,"Introducing our unique and eye-catching Custom Hand Painted Nike Sneakers! These sneakers are the perfect colorway of style, art, and personalisation, making them a must-have for any sneaker-head or fashion enthusiast. This is dipped into raw coffee therefore few raw coffee marks and punch marks might be there. Each pair of Custom Hand Painted Nike Sneakers is meticulously hand crafted by our skilled",Knickgasm,Nike Air Jordan,"big laces, brown, chirag, Chunk rope laces, coffe, coffee, custom nike shoes india, custom nike sneakers, dip, featured, Jordan, Jordan mocha, laces, Nike, Nike air jordan 1 lows, Nike aj1, nike coffee, Nike coffee dip, nike jordan, nike shoes, prepaid, rope, rope laces, thick",TRUE,178.40,239.19,https://cdn.shopify.com/s/files/1/0754/4094/7522/files/Nike-Air-Jordan-1-Lows-x-Coffee-Dip-Rope-Laces-Knickgasm-8942.jpg?v=1734418620,1,active,Custom Sneakers,
nike-air-jordan-1-lows-x-coffee-dip-rope-laces,,,,,,,,,https://cdn.shopify.com/s/files/1/0754/4094/7522/files/Nike-Air-Jordan-1-Lows-x-Coffee-Dip-Rope-Laces-Knickgasm-3087.jpg?v=1734418621,2,,,
nike-air-jordan-1-lows-x-coffee-dip-rope-laces,,,,,,,,,https://cdn.shopify.com/s/files/1/0754/4094/7522/files/Nike-Air-Jordan-1-Lows-x-Coffee-Dip-Rope-Laces-Knickgasm-908.jpg?v=1734418623,3,,,
nike-air-jordan-1-lows-x-coffee-dip-rope-laces,,,,,,,,,https://cdn.shopify.com/s/files/1/0754/4094/7522/files/Nike-Air-Jordan-1-Lows-x-Coffee-Dip-Rope-Laces-Knickgasm-829.jpg?v=1734418625,4,,,
nike-air-force-1-x-tanjiro-kamado-x-uzui-tengen,Tanjiro x Uzui x Nike Air Force 1,"Introducing our unique and eye-catching Custom Hand Painted Nike Sneakers! These sneakers are the perfect colorway of style, art, and personalisation, making them a must-have for any sneaker-head or fashion enthusiast. Each pair of Custom Hand Painted Nike Sneakers is meticulously hand crafted by our skilled artists and sneaker designers who colorway their creativity and talent together to every sneaker",Knickgasm,Nike Air force 1,"anime, anime art, Anime eyes, anime shoes india, anime swoosh, Anime-inspired sneakers, custom anime shoes india, custom anime sneaker india, custom nike shoes india, custom nike sneakers, Demon, Demon slayer, Demon Slayer: Kimetsu no Yaiba, eyes, Inosuke Hashibira, japanese, Japanese anime, manga, Nezuko Kamado, Nike, nike air force 1, nike air force 1 white, nike air force anime, nike anime, nike shoes, prepaid, Shinobu Kocho, slayer, sword, Tanjiro Kamado, Uzui tengen, Zenitsu Agatsuma",TRUE,147.54,196.72,https://cdn.shopify.com/s/files/1/0754/4094/7522/files/Nike-Air-Force-1-x-Tanjiro-Kamado-x-Uzui-Tengen-Knickgasm-6793.jpg?v=1734418610,1,active,Custom Sneakers,
nike-air-force-1-x-tanjiro-kamado-x-uzui-tengen,,,,,,,,,https://cdn.shopify.com/s/files/1/0754/4094/7522/files/Nike-Air-Force-1-x-Tanjiro-Kamado-x-Uzui-Tengen-Knickgasm-6818.jpg?v=1734418612,2,,,
nike-air-force-1-x-tanjiro-kamado-x-uzui-tengen,,,,,,,,,https://cdn.shopify.com/s/files/1/0754/4094/7522/files/Nike-Air-Force-1-x-Tanjiro-Kamado-x-Uzui-Tengen-Knickgasm-1663.jpg?v=1734418614,3,,,
nike-air-force-1-x-tanjiro-kamado-x-uzui-tengen,,,,,,,,,https://cdn.shopify.com/s/files/1/0754/4094/7522/files/Nike-Air-Force-1-x-Tanjiro-Kamado-x-Uzui-Tengen-Knickgasm-1035.jpg?v=1734418616,4,,,
nike-air-force-1-x-tanjiro-kamado-x-uzui-tengen,,,,,,,,,https://cdn.shopify.com/s/files/1/0754/4094/7522/files/Nike-Air-Force-1-x-Tanjiro-Kamado-x-Uzui-Tengen-Knickgasm-5244.jpg?v=1734418618,5,,,
nike-court-vision-x-lavender-butterfly-drip,Nike Court Vision x lavender butterfly drip,"Introducing our unique and eye-catching Custom Hand Painted Nike Sneakers! These sneakers are the perfect colorway of style, art, and personalisation, making them a must-have for any sneaker-head or fashion enthusiast. Each pair of Custom Hand Painted Nike Sneakers is meticulously hand crafted by our skilled artists and sneaker designers who colorway their creativity and talent together to every sneaker",Knickgasm,Nike Court Vision,"Butterfly, custom nike shoes india, custom nike sneakers, custom shoes india, Cute, drip, featured, Lavender, Lavender butterfly drip, Nike, nike blue butterfly, nike butterfly, nike court vision, nike court vision blue, Nike court vision butterfly, Nike court vision low, Nike court vision low white, nike shoes, pastel nike, Pink butterfly, prepaid, purple, Purple butterfly, purple swoosh, sneaker, tarini shoes",TRUE,114.65,136.48,https://cdn.shopify.com/s/files/1/0754/4094/7522/files/Nike-Court-Vision-x-lavender-butterfly-drip-Knickgasm-3047.jpg?v=1734418603,1,active,Custom Sneakers,
nike-court-vision-x-lavender-butterfly-drip,,,,,,,,,https://cdn.shopify.com/s/files/1/0754/4094/7522/files/Nike-Court-Vision-x-lavender-butterfly-drip-Knickgasm-5929.jpg?v=1734418605,2,,,
nike-court-vision-x-lavender-butterfly-drip,,,,,,,,,https://cdn.shopify.com/s/files/1/0754/4094/7522/files/Nike-Court-Vision-x-lavender-butterfly-drip-Knickgasm-2471.jpg?v=1734418607,3,,,
nike-court-vision-x-lavender-butterfly-drip,,,,,,,,,https://cdn.shopify.com/s/files/1/0754/4094/7522/files/Nike-Court-Vision-x-lavender-butterfly-drip-Knickgasm-2434.jpg?v=1734418609,4,,,
nike-court-vision-x-coffee-with-chunky-rope-laces-1,Coffee (Rope Laces) x Nike Court Vision,"Introducing our unique and eye-catching Custom Nike Court Vision x Coffee Dipped with chunky rope laces! These sneakers are the colorway of style, art, and personalisation, making them a must-have for any sneaker-head or fashion enthusiast. Each pair of Custom Hand Painted Nike Sneakers is meticulously hand crafted by our skilled artists and sneaker designers who colorway their creativity and talent tog",Knickgasm,Nike Court Vision,"Best, Best shoes under 10, Chunk rope laces, Chunky, coffee, cool, cool custom, custom nike shoes india, custom nike sneakers, featured, mocha, Nike, Nike Air Force 1 coffee, nike coffee, Nike coffee dip, nike court vision, Nike court vision low, Nike court vision low white, prepaid, rope, rope laces, Smelling",TRUE,112.00,130.74,https://cdn.shopify.com/s/files/1/0754/4094/7522/files/Nike-Court-Vision-x-Coffee-Rope-Laces-Knickgasm-8151.jpg?v=1734418597,1,active,Custom Sneakers,
nike-court-vision-x-coffee-with-chunky-rope-laces-1,,,,,,,,,https://cdn.shopify.com/s/files/1/0754/4094/7522/files/Nike-Court-Vision-x-Coffee-Rope-Laces-Knickgasm-6018.jpg?v=1734418599,2,,,
nike-court-vision-x-coffee-with-chunky-rope-laces-1,,,,,,,,,https://cdn.shopify.com/s/files/1/0754/4094/7522/files/Nike-Court-Vision-x-Coffee-Rope-Laces-Knickgasm-37.jpg?v=1734418601,3,,,
nike-air-force-1-x-lightning-thunder,Lightning Thunder x Nike Air Force 1 Black,"Introducing our unique and eye-catching Custom Hand Painted Nike Sneakers! Each pair of Custom Hand Painted Nike Sneakers is meticulously hand crafted by our skilled artists and sneaker designers who colorway their creativity and talent together to every sneaker. These sneakers are made to order, allowing you to choose from a wide range of designs, colors, and themes to suit your individual taste and",Knickgasm,Nike Air force 1,"agasthya shoes, black, black nike shoes india, black swoosh, Black tick, cool custom, custom nike shoes india, custom nike sneakers, custom shoes india, featured, glow, Glow in the dark, light blue, Light saber, Lightning, lights, Nike, nike air force 1, nike air force1 black, nike black, nike black shoes, nike shoes, prepaid, thunder",TRUE,158.25,210.99,https://cdn.shopify.com/s/files/1/0754/4094/7522/files/Nike-Air-Force-1-x-Lightning-Thunder-Knickgasm-6127.jpg?v=1761926098,1,active,Custom Sneakers,
nike-air-force-1-x-travis-scott,Nike Air Force 1 x Travis Scott,"Custom Travis Scott Nike Air Force 1 – Hand-Painted Limited Edition Step into the world of Astroworld with our Custom Travis Scott Nike Air Force 1 Sneakers, meticulously hand-painted by expert artists in India. Inspired by La Flame’s iconic visuals, including motifs from ASTROWORLD, Look Mom I Can Fly, and his signature Cactus Jack aesthetic, these sneakers are more than just ordinary pairs of tr",Knickgasm,Nike Air force 1,"Astroworld, cactus, Cactus jack, custom nike shoes india, custom nike sneakers, custom shoes india, flames, Hip hop, India shoes, Look mom i can fly, Nike, nike air force 1, nike air force 1 white, nike shoes, prepaid, rapper, scott, sneaker, travis, white shoes, Wish you were here",TRUE,175.36,233.81,https://cdn.shopify.com/s/files/1/0754/4094/7522/files/Nike-Air-Force-1-x-Travis-Scott-Knickgasm-7375.jpg?v=1734418580,1,active,Custom Sneakers,
nike-air-force-1-x-travis-scott,,,,,,,,,https://cdn.shopify.com/s/files/1/0754/4094/7522/files/753D2A1F-1DF0-4012-9008-F61F6DAE1CF4.jpg?v=1745654788,2,,,
nike-air-force-1-x-travis-scott,,,,,,,,,https://cdn.shopify.com/s/files/1/0754/4094/7522/files/FD504B19-2AE0-491D-B4EB-8203CEAB42EB.jpg?v=1745654788,3,,,
nike-air-force-1-x-travis-scott,,,,,,,,,https://cdn.shopify.com/s/files/1/0754/4094/7522/files/Nike-Air-Force-1-x-Travis-Scott-Knickgasm-41.jpg?v=1745654788,4,,,
nike-air-force-1-x-travis-scott,,,,,,,,,https://cdn.shopify.com/s/files/1/0754/4094/7522/files/Nike-Air-Force-1-x-Travis-Scott-Knickgasm-7284.jpg?v=1745654788,5,,,
nike-air-force-1-x-changeable-embroidered-swooshes,Changeable Embroidered Swooshes x Nike Air Force 1,"New Day, New Design with Custom AIR FORCE 1 with velcro embroidered swooshes. You can change the designs as per your outfit and liking. The hook and loop velcro is very strong, you will never have to worry about falling off On the 2nd product picture you see all the swooshes with numbers, please put in the order notes (when you checkout) 3 numbers you would like with your order . And we will inclu",Knickgasm,Nike Air force 1,"ab, attachable, blood, blue swoosh, cactus, changeable, custom nike shoes india, custom nike sneakers, custom shoes india, embroidered swooshes, featured, green swoosh, joint, Nike, nike air force 1, nike air force 1 white, nike shoes, Pink swoosh, prepaid, raw, smoke, swoosh, sword, Velcro, velcro swooshes, waves",TRUE,122.77,163.68,https://cdn.shopify.com/s/files/1/0754/4094/7522/files/8FAC9AFB-C2F1-4259-9758-56F9DFFA2621.jpg?v=1774086305,1,active,Custom Sneakers,
nike-air-force-1-x-changeable-embroidered-swooshes,,,,,,,,,https://cdn.shopify.com/s/files/1/0754/4094/7522/files/Nike-Air-Force-1-x-Changeable-Embroidered-Swooshes-Knickgasm-8183.png?v=1774086305,2,,,
nike-air-force-1-x-changeable-embroidered-swooshes,,,,,,,,,https://cdn.shopify.com/s/files/1/0754/4094/7522/files/Nike-Air-Force-1-x-Changeable-Embroidered-Swooshes-Knickgasm-5433.jpg?v=1774086552,3,,,
nike-air-force-1-x-changeable-embroidered-swooshes,,,,,,,,,https://cdn.shopify.com/s/files/1/0754/4094/7522/files/Nike-Air-Force-1-x-Changeable-Embroidered-Swooshes-Knickgasm-2183.jpg?v=1774086552,4,,,
nike-air-force-1-x-changeable-embroidered-swooshes,,,,,,,,,https://cdn.shopify.com/s/files/1/0754/4094/7522/files/Nike-Air-Force-1-x-Changeable-Embroidered-Swooshes-Knickgasm-792.jpg?v=1774086552,5,,,
nike-air-force-1-x-changeable-embroidered-swooshes,,,,,,,,,https://cdn.shopify.com/s/files/1/0754/4094/7522/files/Nike-Air-Force-1-x-Changeable-Embroidered-Swooshes-Knickgasm-8168.jpg?v=1774086552,6,,,
nike-air-force-1-x-changeable-embroidered-swooshes,,,,,,,,,https://cdn.shopify.com/s/files/1/0754/4094/7522/files/Nike-Air-Force-1-x-Changeable-Embroidered-Swooshes-Knickgasm-3551.jpg?v=1774086552,7,,,
nike-air-force-1-x-changeable-embroidered-swooshes,,,,,,,,,https://cdn.shopify.com/s/files/1/0754/4094/7522/files/Nike-Air-Force-1-x-Changeable-Embroidered-Swooshes-Knickgasm-5811.jpg?v=1774086552,8,,,
nike-air-force-1-x-changeable-embroidered-swooshes,,,,,,,,,https://cdn.shopify.com/s/files/1/0754/4094/7522/files/Nike-Air-Force-1-x-Changeable-Embroidered-Swooshes-Knickgasm-33.jpg?v=1774086552,9,,,
nike-air-force-1-x-changeable-embroidered-swooshes,,,,,,,,,https://cdn.shopify.com/s/files/1/0754/4094/7522/files/Nike-Air-Force-1-x-Changeable-Embroidered-Swooshes-Knickgasm-209.jpg?v=1774086552,10,,,
nike-air-force-1-x-changeable-embroidered-swooshes,,,,,,,,,https://cdn.shopify.com/s/files/1/0754/4094/7522/files/Nike-Air-Force-1-x-Changeable-Embroidered-Swooshes-Knickgasm-8912.jpg?v=1774086552,11,,,
nike-air-force-1-x-hulk-custom,Nike Air Force 1 x Hulk Custom,"Introducing our unique and eye-catching Custom Hand Painted Nike Sneakers! These sneakers are the perfect colorway of style, art, and personalisation, making them a must-have for any sneaker-head or fashion enthusiast. Made on 100% Original Nike sneakers , our custom hand painted designs are durable and long-lasting. The high-quality materials used ensure that your sneakers will maintain their vibran",Knickgasm,Nike Air force 1,"Broken swoosh, colourful, custom nike shoes india, custom nike sneakers, custom shoes india, dc, green, hulk, India shoes, marvel, marvel fan, Mighty, Multiverse, Nike, nike air force 1, nike air force 1 white, nike blue, nike pastel, nike red, nike shoes, pastel nike, Power, prepaid, rainbow, red, Rock, Shoes for boyfriend, Shoes for girlfriend, Splatter, Sprinkled color, Strong, thunder, white shoes",TRUE,201.02,268.01,https://cdn.shopify.com/s/files/1/0754/4094/7522/files/Nike-Air-Force-1-x-Hulk-Custom-Knickgasm-6849.jpg?v=1734418539,1,active,Custom Sneakers,
nike-air-force-1-x-hulk-custom,,,,,,,,,https://cdn.shopify.com/s/files/1/0754/4094/7522/files/Nike-Air-Force-1-x-Hulk-Custom-Knickgasm-9739.jpg?v=1734418541,2,,,
nike-air-force-1-x-hulk-custom,,,,,,,,,https://cdn.shopify.com/s/files/1/0754/4094/7522/files/Nike-Air-Force-1-x-Hulk-Custom-Knickgasm-9858.jpg?v=1734418543,3,,,
nike-air-force-1-x-hulk-custom,,,,,,,,,https://cdn.shopify.com/s/files/1/0754/4094/7522/files/Nike-Air-Force-1-x-Hulk-Custom-Knickgasm-5078.jpg?v=1734418545,4,,,
nike-air-force-1-x-hulk-custom,,,,,,,,,https://cdn.shopify.com/s/files/1/0754/4094/7522/files/Nike-Air-Force-1-x-Hulk-Custom-Knickgasm-4756.jpg?v=1734418547,5,,,
nike-air-force-1-x-zoro,Zoro x Nike Air Force 1,"Introducing our unique and eye-catching Custom Hand Painted Nike Sneakers! These sneakers are the perfect colorway of style, art, and personalisation, making them a must-have for any sneaker-head or fashion enthusiast. Made on 100% Original Nike sneakers , our custom hand painted designs are durable and long-lasting. The high-quality materials used ensure that your sneakers will maintain their vibran",Knickgasm,Nike Air force 1,"anime, anime art, anime shoes india, Anime-inspired sneakers, Brook, chinese, custom anime shoes india, custom anime sneaker india, custom nike shoes india, custom nike sneakers, custom shoes india, featured, Katana, Loyalty, luff, Nakama, Nami, Nike, nike air force 1, nike air force 1 white, one, one piece, one piece custom, pirate, prepaid, Robin, Sanji, skull, sword, Tony Tony Chopper, Usopp, zoro",TRUE,147.54,196.72,https://cdn.shopify.com/s/files/1/0754/4094/7522/files/Nike-Air-Force-1-x-Zoro-Knickgasm-1434.jpg?v=1734418534,1,active,Custom Sneakers,
nike-air-force-1-x-zoro,,,,,,,,,https://cdn.shopify.com/s/files/1/0754/4094/7522/files/Nike-Air-Force-1-x-Zoro-Knickgasm-1489.jpg?v=1734418536,2,,,
nike-air-force-1-x-zoro,,,,,,,,,https://cdn.shopify.com/s/files/1/0754/4094/7522/files/Nike-Air-Force-1-x-Zoro-Knickgasm-1566.jpg?v=1734418537,3,,,
nike-air-force-1-x-spiderman-custom,Spiderman x Nike Air Force 1,"Introducing our unique and eye-catching Custom Hand Painted Nike Sneakers! These sneakers are the perfect colorway of style, art, and personalisation, making them a must-have for any sneaker-head or fashion enthusiast. Made on 100% Original Nike sneakers , our custom hand painted designs are durable and long-lasting. The high-quality materials used ensure that your sneakers will maintain their vibran",Knickgasm,Nike Air force 1,"colourful, custom nike shoes india, custom nike sneakers, custom shoes india, dc, India shoes, marvel, marvel fan, Multiverse, Nike, nike air force 1, nike air force 1 white, nike blue, nike pastel, nike red, nike shoes, pastel nike, prepaid, rainbow, red, Shoes for boyfriend, Shoes for girlfriend, spiderman, Splatter, Sprinkled color, white shoes",TRUE,156.48,213.63,https://cdn.shopify.com/s/files/1/0754/4094/7522/files/Nike-Air-Force-1-x-Spiderman-Custom-Knickgasm-9332.jpg?v=1734418526,1,active,Custom Sneakers,
nike-air-force-1-x-splatter,Splatter x Nike Air Force 1,"Introducing our unique and eye-catching Custom Hand Painted Nike Sneakers! These sneakers are the perfect colorway of style, art, and personalisation, making them a must-have for any sneaker-head or fashion enthusiast. Made on 100% Original Nike sneakers , our custom hand painted designs are durable and long-lasting. The high-quality materials used ensure that your sneakers will maintain their vibran",Knickgasm,Nike Air force 1,"colourful, custom nike shoes india, custom nike sneakers, custom shoes india, India shoes, Nike, nike air force 1, nike air force 1 white, nike blue, nike pastel, nike red, nike shoes, pastel nike, prepaid, rainbow, red, Shoes for boyfriend, Shoes for girlfriend, Splatter, Sprinkled color, white shoes",TRUE,136.86,182.47,https://cdn.shopify.com/s/files/1/0754/4094/7522/files/Nike-Air-Force-1-x-Splatter-Knickgasm-1800.jpg?v=1734418518,1,active,Custom Sneakers,
nike-air-force-1-x-splatter,,,,,,,,,https://cdn.shopify.com/s/files/1/0754/4094/7522/files/Nike-Air-Force-1-x-Splatter-Knickgasm-352.jpg?v=1734418512,2,,,
nike-air-force-1-x-splatter,,,,,,,,,https://cdn.shopify.com/s/files/1/0754/4094/7522/files/Nike-Air-Force-1-x-Splatter-Knickgasm-5602.jpg?v=1734418520,3,,,
nike-air-force-1-x-splatter,,,,,,,,,https://cdn.shopify.com/s/files/1/0754/4094/7522/files/Nike-Air-Force-1-x-Splatter-Knickgasm-9855.jpg?v=1734418514,4,,,
nike-air-force-1-x-splatter,,,,,,,,,https://cdn.shopify.com/s/files/1/0754/4094/7522/files/Nike-Air-Force-1-x-Splatter-Knickgasm-9698.jpg?v=1734418516,5,,,
adidas-sambas-x-indian-cricket-theme-custom,Indian Cricket Custom x Adidas Sambas,"Introducing our unique and eye-catching Custom Hand Painted Adidas Sneakers! With Indian Cricket Theme Custom These sneakers are the perfect colorway of style, art, and personalisation, making them a must-have for any sneaker-head or fashion enthusiast. Made on 100% Original Adidas sneakers , our custom hand painted designs are durable and long-lasting. The high-quality materials used ensure that you",Knickgasm,Adidas,"45, Adidas, Adidas sneakers india, Autograph, blue, cricket, Custom adidas sneakers, Custom cricket, Custom samba, custom shoes india, India shoes, indian cricket team, Indian jersey, kohli, Mahi, Ms dhoni, Mumbai indians, orange, Originals, player, prepaid, Rohit sharma shoes, Sambas, Shoes for boyfriend, Sign, sneaker, sports, Sportsman, Superstar, World pair",TRUE,198.86,255.28,https://cdn.shopify.com/s/files/1/0754/4094/7522/files/Adidas-Sambas-x-Indian-Cricket-Theme-Custom-Knickgasm-5287.jpg?v=1734418507,1,active,Custom Sneakers,
adidas-sambas-x-indian-cricket-theme-custom,,,,,,,,,https://cdn.shopify.com/s/files/1/0754/4094/7522/files/Adidas-Sambas-x-Indian-Cricket-Theme-Custom-Knickgasm-9478.jpg?v=1734418508,2,,,
adidas-sambas-x-indian-cricket-theme-custom,,,,,,,,,https://cdn.shopify.com/s/files/1/0754/4094/7522/files/Adidas-Sambas-x-Indian-Cricket-Theme-Custom-Knickgasm-4769.jpg?v=1734418510,3,,,
nike-air-force-1-x-naruto-x-sasuke,Naruto : Sasuke x Nike Air Force 1,"Introducing our unique and eye-catching Custom Hand Painted Nike Sneakers! These sneakers are the perfect colorway of style, art, and personalisation, making them a must-have for any sneaker-head or fashion enthusiast. Each pair of Custom Hand Painted Nike Sneakers is meticulously hand crafted by our skilled artists and sneaker designers who colorway their creativity and talent together to every sneaker",Knickgasm,Nike Air force 1,"anime, anime art, anime shoes india, Anime-inspired sneakers, custom anime shoes india, custom anime sneaker india, custom nike shoes india, custom nike sneakers, eyes, fire, flames, naruto, Naruto cosplay shoes, Naruto custom sneakers, naruto eyes, naruto shppuden, naruto swoosh, Naruto Uzumaki, Nike, nike air force 1, nike air force 1 white, nike air force anime, nike anime, nike shoes, prepaid, sasuke, sasuke eyes, Sasuke Uchiha, thunder",TRUE,179.62,239.49,https://cdn.shopify.com/s/files/1/0754/4094/7522/files/Nike-Air-Force-1-x-Naruto-x-Sasuke-Knickgasm-8244.jpg?v=1734418499,1,active,Custom Sneakers,
nike-air-force-1-x-naruto-x-sasuke,,,,,,,,,https://cdn.shopify.com/s/files/1/0754/4094/7522/files/Nike-Air-Force-1-x-Naruto-x-Sasuke-Knickgasm-2481.jpg?v=1734418500,2,,,
nike-air-force-1-x-naruto-x-sasuke,,,,,,,,,https://cdn.shopify.com/s/files/1/0754/4094/7522/files/Nike-Air-Force-1-x-Naruto-x-Sasuke-Knickgasm-341.jpg?v=1734418502,3,,,
nike-air-force-1-x-naruto-x-sasuke,,,,,,,,,https://cdn.shopify.com/s/files/1/0754/4094/7522/files/Nike-Air-Force-1-x-Naruto-x-Sasuke-Knickgasm-9344.jpg?v=1734418504,4,,,
nike-air-force-1-x-naruto-x-sasuke,,,,,,,,,https://cdn.shopify.com/s/files/1/0754/4094/7522/files/Nike-Air-Force-1-x-Naruto-x-Sasuke-Knickgasm-9856.jpg?v=1734418505,5,,,
nike-air-force-1-x-musical-custom,Nike Air Force 1 x The Creation of Adam Inspired,"Introducing our unique and eye-catching Custom Hand Painted Nike Sneakers! These sneakers are the perfect colorway of style, art, and personalisation, making them a must-have for any sneaker-head or fashion enthusiast. Made on 100% Original Nike sneakers , our custom hand painted designs are durable and long-lasting. The high-quality materials used ensure that your sneakers will maintain their vibran",Knickgasm,Nike Air force 1,"artist, Artwork, cool custom, custom nike shoes india, custom nike sneakers, custom shoes india, Grammy, Hat, Italian, Modern art, Moustache, music, Nike, nike air force 1, nike shoes, prepaid, Renaissance, The Creation of Adam",TRUE,201.02,268.01,https://cdn.shopify.com/s/files/1/0754/4094/7522/files/Nike-Air-Force-1-x-The-Creation-of-Adam-Inspired-Knickgasm-2507.jpg?v=1734418486,1,active,Custom Sneakers,
nike-air-force-1-x-musical-custom,,,,,,,,,https://cdn.shopify.com/s/files/1/0754/4094/7522/files/Nike-Air-Force-1-x-The-Creation-of-Adam-Inspired-Knickgasm-5886.jpg?v=1734418488,2,,,
nike-air-force-1-x-musical-custom,,,,,,,,,https://cdn.shopify.com/s/files/1/0754/4094/7522/files/Nike-Air-Force-1-x-The-Creation-of-Adam-Inspired-Knickgasm-7106.jpg?v=1734418490,3,,,
nike-air-force-1-x-musical-custom,,,,,,,,,https://cdn.shopify.com/s/files/1/0754/4094/7522/files/Nike-Air-Force-1-x-The-Creation-of-Adam-Inspired-Knickgasm-5999.jpg?v=1734418492,4,,,
nike-air-force-1-x-musical-custom,,,,,,,,,https://cdn.shopify.com/s/files/1/0754/4094/7522/files/Nike-Air-Force-1-x-The-Creation-of-Adam-Inspired-Knickgasm-253.jpg?v=1734418493,5,,,
nike-air-force-1-x-musical-custom,,,,,,,,,https://cdn.shopify.com/s/files/1/0754/4094/7522/files/Nike-Air-Force-1-x-The-Creation-of-Adam-Inspired-Knickgasm-5077.jpg?v=1734418495,6,,,
nike-air-force-1-x-musical-custom,,,,,,,,,https://cdn.shopify.com/s/files/1/0754/4094/7522/files/Nike-Air-Force-1-x-The-Creation-of-Adam-Inspired-Knickgasm-4643.jpg?v=1734418497,7,,,
nike-air-force-1-x-demon-slayer-eyes,Demon Slayer x Nike Air Force 1,"Introducing our unique and eye-catching Custom Hand Painted Nike Sneakers! These sneakers are the perfect colorway of style, art, and personalisation, making them a must-have for any sneaker-head or fashion enthusiast. Each pair of Custom Hand Painted Nike Sneakers is meticulously hand crafted by our skilled artists and sneaker designers who colorway their creativity and talent together to every sneaker",Knickgasm,Nike Air force 1,"anime, anime art, anime shoes india, Anime-inspired sneakers, blossom, blue, cherry blossom, custom anime shoes india, custom anime sneaker india, custom nike shoes india, custom nike sneakers, Demon, girl, Nezuko Kamado, Nike, nike air force 1, nike air force 1 white, nike air force anime, nike anime, nike shoes, pink, prepaid, slayer, sword, Tanjiro Kamado",TRUE,144.13,192.16,https://cdn.shopify.com/s/files/1/0754/4094/7522/files/Nike-Air-Force-1-x-Demon-Slayer-Eyes-Knickgasm-673.jpg?v=1734418480,1,active,Custom Sneakers,
nike-air-force-1-x-demon-slayer-eyes,,,,,,,,,https://cdn.shopify.com/s/files/1/0754/4094/7522/files/Nike-Air-Force-1-x-Demon-Slayer-Eyes-Knickgasm-8358.jpg?v=1734418482,2,,,
nike-air-force-1-x-demon-slayer-eyes,,,,,,,,,https://cdn.shopify.com/s/files/1/0754/4094/7522/files/Nike-Air-Force-1-x-Demon-Slayer-Eyes-Knickgasm-5589.jpg?v=1734418484,3,,,
nike-air-force-1-mid-x-pastels-bling-swoosh,Nike Air Force 1 Mid x Pastels Bling Swoosh,"These are customisable with personalised color that matches your wedding outfit and initials/name that you want. Simply mention the customisation at the checkout (there’ll be an option to add special instruction at the checkout) Introducing our unique and eye-catching Custom Hand Painted Nike Sneakers! These sneakers are the perfect colorway of style, art, and personalisation, making them a must-have",Knickgasm,Nike Air force 1,"Black bling, black swoosh, Black tick, Bling, caramel pastel, Champagne color, cool custom, custom nike shoes india, custom nike sneakers, custom shoes india, Groom, Nike, nike air force 1, nike air force 1 white, nike pastel, nike shoes, pastel, pastel nike, pastels, pink pastel, prepaid, Shaadi shoes, Wedding, Wedding India, Wedding shoes",TRUE,235.23,313.63,https://cdn.shopify.com/s/files/1/0754/4094/7522/files/Nike-Air-Force-1-Mid-x-Pastels-Bling-Swoosh-Knickgasm-7545.jpg?v=1734418475,1,active,Custom Sneakers,
nike-air-force-1-mid-x-pastels-bling-swoosh,,,,,,,,,https://cdn.shopify.com/s/files/1/0754/4094/7522/files/Nike-Air-Force-1-Mid-x-Pastels-Bling-Swoosh-Knickgasm-9552.jpg?v=1734418477,2,,,
nike-air-force-1-mid-x-pastels-bling-swoosh,,,,,,,,,https://cdn.shopify.com/s/files/1/0754/4094/7522/files/Nike-Air-Force-1-Mid-x-Pastels-Bling-Swoosh-Knickgasm-5448.jpg?v=1734418478,3,,,
nike-air-force-1-x-money-themed,Nike Air Force 1 x Money Themed,"Introducing our unique and eye-catching Custom Hand Painted Nike Sneakers! These sneakers are the perfect colorway of style, art, and personalisation, making them a must-have for any sneaker-head or fashion enthusiast. Made on 100% Original Nike sneakers , the paints which we use are highly durable and long lasting. We use high quality paints for all our designs. Enjoy the enduring elegance of Knickg",Knickgasm,Nike Air force 1,"cartoon, coin, cool custom, custom nike shoes india, custom nike sneakers, custom shoes india, dollar, donald duck, featured, gold, good luck, green, kids, latest, money, nike air force 1, nike shoes, note, paisa, prepaid, rich, Richie rick, rupee, scrooge mcduck custom shoes",TRUE,230.19,306.91,https://cdn.shopify.com/s/files/1/0754/4094/7522/files/Nike-Air-Force-1-x-Money-Themed-Knickgasm-6982.jpg?v=1734418462,1,active,Custom Sneakers,
nike-air-force-1-x-money-themed,,,,,,,,,https://cdn.shopify.com/s/files/1/0754/4094/7522/files/Nike-Air-Force-1-x-Money-Themed-Knickgasm-4309.jpg?v=1734418464,2,,,
nike-air-force-1-x-money-themed,,,,,,,,,https://cdn.shopify.com/s/files/1/0754/4094/7522/files/Nike-Air-Force-1-x-Money-Themed-Knickgasm-2975.jpg?v=1734418466,3,,,
converse-x-harry-potter,Harry Potter x Converse,"Introducing our unique and eye-catching Custom Hand Painted Converse Sneakers! These sneakers are the perfect colorway of style, art, and personalization, making them a must-have for any sneaker-head or fashion enthusiast. Each pair of Custom Hand Painted Converse Sneakers is meticulously hand crafted by our skilled artists and sneaker designers who colorway their creativity and talent together to every",Knickgasm,Converse,"Art piece, Artwork, Book, Converse, converse all star, converse black, converse custom shoes, converse custom shoes India, converse delhi, converse high tops, converse mumbai, converse white, custom converse, Fantasy world, Fictional, Goblin, harry, harry potter, hp, magic, Movie, potter, potter head, Potterhead sneakers, prepaid, shows, tv",TRUE,138.79,185.05,https://cdn.shopify.com/s/files/1/0754/4094/7522/files/Converse-x-Harry-Potter-Knickgasm-3000.jpg?v=1734418458,1,active,Custom Sneakers,
converse-x-harry-potter,,,,,,,,,https://cdn.shopify.com/s/files/1/0754/4094/7522/files/Converse-x-Harry-Potter-Knickgasm-4536.jpg?v=1734418460,2,,,
nike-air-force-1-x-zenitsu,Zenitsu x Demon Slayer x Nike Air Force 1,"Introducing our unique and eye-catching Custom Hand Painted Nike Sneakers! These sneakers are the perfect colorway of style, art, and personalisation, making them a must-have for any sneaker-head or fashion enthusiast. Each pair of Custom Hand Painted Nike Sneakers is meticulously hand crafted by our skilled artists and sneaker designers who colorway their creativity and talent together to every sneaker",Knickgasm,Nike Air force 1,"anime, anime art, anime shoes india, anime swoosh, Anime-inspired sneakers, custom anime shoes india, custom anime sneaker india, custom nike shoes india, custom nike sneakers, Demon, Nike, nike air force 1, nike air force anime, nike anime, nike shoes, prepaid, slayer, Tanjiro Kamado",TRUE,147.54,196.72,https://cdn.shopify.com/s/files/1/0754/4094/7522/files/Nike-Air-Force-1-x-Demon-Slayer-Knickgasm-6320.jpg?v=1734418452,1,active,Custom Sneakers,
nike-air-force-1-x-zenitsu,,,,,,,,,https://cdn.shopify.com/s/files/1/0754/4094/7522/files/Nike-Air-Force-1-x-Demon-Slayer-Knickgasm-4852.jpg?v=1734418454,2,,,
nike-air-force-1-x-zenitsu,,,,,,,,,https://cdn.shopify.com/s/files/1/0754/4094/7522/files/Nike-Air-Force-1-x-Demon-Slayer-Knickgasm-341.jpg?v=1734418456,3,,,
converse-x-ed-sheeran-custom,Converse x Ed Sheeran Custom,"Stand out from the crowd with these unique, custom Converse shoes. Hand-embroidered with beautiful flower designs, these shoes are sure to make a statement! Crafted to order with your vision in mind, you'll love the creative and stylish way to express yourself Made on 100% Original Converse sneakers , our custom hand Embroidery designs are durable and long-lasting. The high-quality materials used ",Knickgasm,Converse,"asthetic, blossom, celebrity, concert, Converse, converse all star, converse custom shoes, converse custom shoes India, converse delhi, converse high tops, converse mumbai, custom converse, ed sheeran, embroider, embroidery, embroidery shoes, flower, flower embroidery, green, hand embroidery, lily, music, musician, Pop singer, prepaid, Singer",TRUE,135.13,180.17,https://cdn.shopify.com/s/files/1/0754/4094/7522/files/Converse-x-Ed-Sheeran-Custom-Knickgasm-177.jpg?v=1734418446,1,active,Custom Sneakers,
converse-x-ed-sheeran-custom,,,,,,,,,https://cdn.shopify.com/s/files/1/0754/4094/7522/files/Converse-x-Ed-Sheeran-Custom-Knickgasm-3687.jpg?v=1734418448,2,,,
converse-x-ed-sheeran-custom,,,,,,,,,https://cdn.shopify.com/s/files/1/0754/4094/7522/files/Converse-x-Ed-Sheeran-Custom-Knickgasm-7381.jpg?v=1734418449,3,,,
converse-x-ed-sheeran-custom,,,,,,,,,https://cdn.shopify.com/s/files/1/0754/4094/7522/files/Converse-x-Ed-Sheeran-Custom-Knickgasm-5910.jpg?v=1734418451,4,,,
nike-air-force-1-x-levi-x-titan-attack-on-titan,Nike Air Force 1 x Levi x Titan ( attack on titan ),"Introducing our unique and eye-catching Custom Hand Painted Nike Sneakers! These sneakers are the perfect colorway of style, art, and personalisation, making them a must-have for any sneaker-head or fashion enthusiast. Made on 100% Original Nike sneakers , our custom hand painted designs are durable and long-lasting. The high-quality materials used ensure that your sneakers will maintain their vibran",Knickgasm,Nike Air force 1,"anime, anime art, anime shoes india, anime swoosh, Anime-inspired sneakers, Attack on titan, Black and white, Comic, custom anime shoes india, custom anime sneaker india, custom nike shoes india, custom nike sneakers, Eren yeager, featured, Levi, manga, Mikasa ackerman, Nike, nike air force 1, nike air force 1 white, nike air force anime, nike anime, nike shoes, prepaid",TRUE,201.02,268.01,https://cdn.shopify.com/s/files/1/0754/4094/7522/files/Nike-Air-Force-1-x-Levi-x-Titan-attack-on-titan-Knickgasm-1111.jpg?v=1734418436,1,active,Custom Sneakers,
nike-air-force-1-x-levi-x-titan-attack-on-titan,,,,,,,,,https://cdn.shopify.com/s/files/1/0754/4094/7522/files/Nike-Air-Force-1-x-Levi-x-Titan-attack-on-titan-Knickgasm-2744.jpg?v=1734418438,2,,,
nike-air-force-1-x-levi-x-titan-attack-on-titan,,,,,,,,,https://cdn.shopify.com/s/files/1/0754/4094/7522/files/Nike-Air-Force-1-x-Levi-x-Titan-attack-on-titan-Knickgasm-8615.jpg?v=1734418440,3,,,
nike-air-force-1-x-levi-x-titan-attack-on-titan,,,,,,,,,https://cdn.shopify.com/s/files/1/0754/4094/7522/files/Nike-Air-Force-1-x-Levi-x-Titan-attack-on-titan-Knickgasm-839.jpg?v=1734418441,4,,,
nike-air-force-1-x-levi-x-titan-attack-on-titan,,,,,,,,,https://cdn.shopify.com/s/files/1/0754/4094/7522/files/Nike-Air-Force-1-x-Levi-x-Titan-attack-on-titan-Knickgasm-3847.jpg?v=1734418443,5,,,
nike-air-force-1-x-levi-x-titan-attack-on-titan,,,,,,,,,https://cdn.shopify.com/s/files/1/0754/4094/7522/files/Nike-Air-Force-1-x-Levi-x-Titan-attack-on-titan-Knickgasm-1727.jpg?v=1734418445,6,,,
nike-air-force-1-x-coffee-x-black-swoosh,Coffee Black Studded Swoosh x Nike Air Force 1,"Introducing our unique and eye-catching Custom Hand Painted Nike Sneakers! These sneakers are the perfect colorway of style, art, and personalisation, making them a must-have for any sneaker-head or fashion enthusiast. This is dipped into raw coffee therefore few raw coffee marks and punch marks might be there. Each pair of Custom Hand Painted Nike Sneakers is meticulously hand crafted by our skilled",Knickgasm,Nike Air force 1,"big laces, black swoosh, Bling, brown, chirag, coffe, coffee, custom nike shoes india, custom nike sneakers, dip, featured, laces, Nike, nike air force 1, nike air force 1 white, nike coffee, nike shoes, prepaid, rope, thick",TRUE,164.65,219.53,https://cdn.shopify.com/s/files/1/0754/4094/7522/files/Nike-Air-Force-1-x-Coffee-x-Black-Studded-Swoosh-Knickgasm-9432.png?v=1734418434,1,active,Custom Sneakers,
nike-air-force-1-x-coffee-x-black-swoosh,,,,,,,,,https://cdn.shopify.com/s/files/1/0754/4094/7522/files/Nike-Air-Force-1-x-Coffee-x-Black-Studded-Swoosh-Knickgasm-6808.jpg?v=1734418430,2,,,
nike-air-force-1-x-coffee-x-black-swoosh,,,,,,,,,https://cdn.shopify.com/s/files/1/0754/4094/7522/files/Nike-Air-Force-1-x-Coffee-x-Black-Studded-Swoosh-Knickgasm-2387.jpg?v=1734418433,3,,,
nike-air-force-1-x-van-gogh-custom,Nike Air Force 1 x Van Gogh Custom,"Introducing our unique and eye-catching Custom Hand Painted Nike Sneakers! These sneakers are the perfect colorway of style, art, and personalisation, making them a must-have for any sneaker-head or fashion enthusiast. Made on 100% Original Nike sneakers , our custom hand painted designs are durable and long-lasting. The high-quality materials used ensure that your sneakers will maintain their vibran",Knickgasm,Nike Air force 1,"air, Artwork, Beatifull, Beautifull, black nike shoes india, blue, custom nike shoes india, custom nike sneakers, Masterpiece, New, Nike, nike air force 1, nike air force 1 white, nike shoes, prepaid, Tall trees, Unique, Van gogh",TRUE,214.81,238.16,https://cdn.shopify.com/s/files/1/0754/4094/7522/files/Nike-Air-Force-1-x-Van-Gogh-Custom-Knickgasm-3099.jpg?v=1734418424,1,active,Custom Sneakers,
nike-air-force-1-x-van-gogh-custom,,,,,,,,,https://cdn.shopify.com/s/files/1/0754/4094/7522/files/Nike-Air-Force-1-x-Van-Gogh-Custom-Knickgasm-2954.jpg?v=1734418426,2,,,
nike-air-force-1-x-van-gogh-custom,,,,,,,,,https://cdn.shopify.com/s/files/1/0754/4094/7522/files/Nike-Air-Force-1-x-Van-Gogh-Custom-Knickgasm-6861.jpg?v=1734418428,3,,,
nike-air-force1-x-itachi-x-akatsuki,Nike Air Force1 x Itachi x Akatsuki,"Introducing our unique and eye-catching Custom Hand Painted Nike Sneakers! These sneakers are the perfect colorway of style, art, and personalisation, making them a must-have for any sneaker-head or fashion enthusiast. Each pair of Custom Hand Painted Nike Sneakers is meticulously hand crafted by our skilled artists and sneaker designers who colorway their creativity and talent together to every sneaker",Knickgasm,Nike Air force 1,"anime, anime shoes india, Anime-inspired sneakers, custom anime shoes india, custom anime sneaker india, custom nike shoes india, custom nike sneakers, custom shoes india, eyes, featured, itachi, kakashi, luffy, madara, manga, Mangekyo, Naruto cosplay shoes, Naruto custom sneakers, naruto eyes, Nike, nike air force 1, nike shoes, orange, pain, prepaid, purple, red, Sage mode naruto, sasuke, sasuke eyes, sharingan, sneaker, susano, uchiha",TRUE,146.53,195.36,https://cdn.shopify.com/s/files/1/0754/4094/7522/files/FullSizeRender_e399be3b-6d48-454f-a5de-f20caa5b59f3.jpg?v=1782416716,1,active,Custom Sneakers,
nike-air-force-1-x-doggo,Nike Air Force 1 x Doggo,"Introducing our unique and eye-catching Custom Hand Painted Nike Sneakers! These sneakers are the perfect colorway of style, art, and personalisation, making them a must-have for any sneaker-head or fashion enthusiast. Each pair of Custom Hand Painted Nike Sneakers is meticulously hand crafted by our skilled artists and sneaker designers who colorway their creativity and talent together to every sneaker",Knickgasm,Nike Air force 1,"Bone, cool custom, Custom dog, custom nike shoes india, custom nike sneakers, custom shoes india, Dog shoes, Dogs, featured, German shepard, Loyalty, Nike, nike air force 1, nike air force 1 white, nike shoes, Paws, Poodle, prepaid, white shoes",TRUE,158.25,210.99,https://cdn.shopify.com/s/files/1/0754/4094/7522/files/Nike-Air-Force-1-x-Doggo-Knickgasm-6971.jpg?v=1734418398,1,active,Custom Sneakers,
nike-air-force-1-x-doggo,,,,,,,,,https://cdn.shopify.com/s/files/1/0754/4094/7522/files/Nike-Air-Force-1-x-Doggo-Knickgasm-2441.jpg?v=1734418399,2,,,
nike-air-force-1-x-doggo,,,,,,,,,https://cdn.shopify.com/s/files/1/0754/4094/7522/files/Nike-Air-Force-1-x-Doggo-Knickgasm-1091.jpg?v=1734418401,3,,,
nike-air-force-1-x-doggo,,,,,,,,,https://cdn.shopify.com/s/files/1/0754/4094/7522/files/Nike-Air-Force-1-x-Doggo-Knickgasm-3227.jpg?v=1734418403,4,,,
nike-air-force-1-x-nissan-gt-r-35,Nissan GT-R 35 x Nike Air Force 1,"Introducing our unique and eye-catching Custom Hand Painted Nike Sneakers! These sneakers are the perfect colorway of style, art, and personalisation, making them a must-have for any sneaker-head or fashion enthusiast. Nissan GTR 35 car theme custom exclusively by Knickgasm Each pair of Custom Hand Painted Nike Sneakers is meticulously hand crafted by our skilled artists and sneaker designers who ble",Knickgasm,Nike Air force 1,"Bentley, Bmw, Car, custom nike shoes india, custom nike sneakers, custom shoes india, F1, Fast, Ferrari, Formula one, GTR, Gtr 35, india, Lamborgini, Maserati, Nike, nike air force 1, nike air force 1 white, nike shoes, Nike tick, Nissan, Nissan godzilla, orange, Porsche, prepaid, Race car",TRUE,156.49,196.72,https://cdn.shopify.com/s/files/1/0754/4094/7522/files/1B6A6090-F8C4-4411-85DD-5C60345AAA32.jpg?v=1741698114,1,active,Custom Sneakers,
nike-air-force-1-x-nissan-gt-r-35,,,,,,,,,https://cdn.shopify.com/s/files/1/0754/4094/7522/files/7B5A6EE2-E4C0-4C49-9DA7-D953864AC452.jpg?v=1741698114,2,,,
nike-air-force-1-x-nissan-gt-r-35,,,,,,,,,https://cdn.shopify.com/s/files/1/0754/4094/7522/files/D870BF02-EDD8-4748-980D-5893C4807887.jpg?v=1741698114,3,,,
nike-air-force-1-x-nissan-gt-r-35,,,,,,,,,https://cdn.shopify.com/s/files/1/0754/4094/7522/files/Nike-Air-Force-1-x-Nissan-GT-R-35-Knickgasm-1787.jpg?v=1741698114,4,,,
nike-air-force-1-x-nissan-gt-r-35,,,,,,,,,https://cdn.shopify.com/s/files/1/0754/4094/7522/files/Nike-Air-Force-1-x-Nissan-GT-R-35-Knickgasm-4969.jpg?v=1741698114,5,,,
nike-air-force-1-x-roses,Nike Air Force 1 x Roses,"Introducing our unique and eye-catching Custom Hand Painted Nike Sneakers! These sneakers are the perfect colorway of style, art, and personalisation, making them a must-have for any sneaker-head or fashion enthusiast. Each pair of Custom Hand Painted Nike Sneakers is meticulously hand crafted by our skilled artists and sneaker designers who colorway their creativity and talent together to every sneaker",Knickgasm,Nike Air force 1,"custom nike shoes india, custom nike sneakers, featured, Gift, Minimal, Nike, nike air force 1, nike air force 1 white, nike shoes, Nike tick, prepaid, red swoosh, Rose design, Roses, Shoes for boyfriend, Shoes for girlfriend, swoosh, Valentine, Valentine Day gift, Valentines",TRUE,136.86,182.47,https://cdn.shopify.com/s/files/1/0754/4094/7522/files/Nike-Air-Force-1-x-Roses-Knickgasm-2780.jpg?v=1734418377,1,active,Custom Sneakers,
nike-air-force-1-x-roses,,,,,,,,,https://cdn.shopify.com/s/files/1/0754/4094/7522/files/Nike-Air-Force-1-x-Roses-Knickgasm-5224.jpg?v=1734418379,2,,,
nike-air-force-1-x-roses,,,,,,,,,https://cdn.shopify.com/s/files/1/0754/4094/7522/files/Nike-Air-Force-1-x-Roses-Knickgasm-7759.jpg?v=1734418381,3,,,
nike-air-force-1-x-roses,,,,,,,,,https://cdn.shopify.com/s/files/1/0754/4094/7522/files/Nike-Air-Force-1-x-Roses-Knickgasm-935.jpg?v=1734418383,4,,,
nike-court-vision-x-luffy-gear-5-x-law,Luffy Gear 5 x Law x Nike court vision,"Introducing our unique and eye-catching Custom Hand Painted Nike Sneakers! These sneakers are the perfect colorway of style, art, and personalisation, making them a must-have for any sneaker-head or fashion enthusiast. Each pair of Custom Hand Painted Nike Sneakers is meticulously hand crafted by our skilled artists and sneaker designers who colorway their creativity and talent together to every sneaker",Knickgasm,Nike Court Vision,"ace, anime, anime art, anime shoes india, anime swoosh, Anime-inspired sneakers, custom anime shoes india, custom anime sneaker india, custom nike shoes india, custom nike sneakers, custom shoes india, featured, gear 5, Gomu gomu, luffy, Nike, nike anime, nike court vision, nike shoes, Nikka, one, one piece, one piece custom, one piece custom sneaker, prepaid, Sun god, Trafalgar law, zoro",TRUE,131.74,156.82,https://cdn.shopify.com/s/files/1/0754/4094/7522/files/Nike-Court-Vision-x-Luffy-Gear-5-x-Law-Knickgasm-2537.jpg?v=1734418371,1,active,Custom Sneakers,
nike-court-vision-x-luffy-gear-5-x-law,,,,,,,,,https://cdn.shopify.com/s/files/1/0754/4094/7522/files/Nike-Court-Vision-x-Luffy-Gear-5-x-Law-Knickgasm-9385.jpg?v=1734418373,2,,,
nike-court-vision-x-luffy-gear-5-x-law,,,,,,,,,https://cdn.shopify.com/s/files/1/0754/4094/7522/files/Nike-Court-Vision-x-Luffy-Gear-5-x-Law-Knickgasm-7964.jpg?v=1734418375,3,,,
nike-air-force-1-x-max-verstappen-x-red-bull-f1,Nike Air Force 1 x Max Verstappen x Red Bull F1,"Introducing our unique and eye-catching Custom Hand Painted Nike Sneakers! These sneakers are the perfect colorway of style, art, and personalisation, making them a must-have for any sneaker-head or fashion enthusiast. Made on 100% Original Nike sneakers , the paints which we use are highly durable and long lasting. We use high quality paints for all our designs. Enjoy the enduring elegance of Knickg",Knickgasm,Nike Air force 1,"Bull, Car, custom nike shoes india, custom nike sneakers, Daniel, F1, Mercedes, Nike, nike air force 1, nike air force 1 white, prepaid, Racing, red, Ricciardo, Shoey",TRUE,211.70,282.26,https://cdn.shopify.com/s/files/1/0754/4094/7522/files/Nike-Air-Force-1-x-Max-Verstappen-x-Red-Bull-F1-Knickgasm-6905.jpg?v=1734418365,1,active,Custom Sneakers,
nike-air-force-1-x-max-verstappen-x-red-bull-f1,,,,,,,,,https://cdn.shopify.com/s/files/1/0754/4094/7522/files/Nike-Air-Force-1-x-Max-Verstappen-x-Red-Bull-F1-Knickgasm-2261.jpg?v=1734418367,2,,,
nike-air-force-1-x-max-verstappen-x-red-bull-f1,,,,,,,,,https://cdn.shopify.com/s/files/1/0754/4094/7522/files/Nike-Air-Force-1-x-Max-Verstappen-x-Red-Bull-F1-Knickgasm-2506.jpg?v=1734418369,3,,,
nike-air-force-1-x-mismatched,Nike Air Force 1 x Mismatched,"Introducing our unique and eye-catching Custom Hand Painted Nike Sneakers! These sneakers are the perfect colorway of style, art, and personalisation, making them a must-have for any sneaker-head or fashion enthusiast. Made on 100% Original Nike sneakers , our custom hand painted designs are durable and long-lasting. The high-quality materials used ensure that your sneakers will maintain their vibran",Knickgasm,Nike Air force 1,"custom nike shoes india, custom nike sneakers, featured, mismatched, Nike, nike air force 1, nike air force 1 white, nike blue, nike pastel, nike shoes, prepaid, purple, purple swoosh",TRUE,153.97,205.28,https://cdn.shopify.com/s/files/1/0754/4094/7522/files/Nike-Air-Force-1-x-Mismatched-Knickgasm-3659.jpg?v=1734418357,1,active,Custom Sneakers,
nike-air-force-1-x-mismatched,,,,,,,,,https://cdn.shopify.com/s/files/1/0754/4094/7522/files/Nike-Air-Force-1-x-Mismatched-Knickgasm-4749.jpg?v=1734418359,2,,,
nike-air-force-1-x-mismatched,,,,,,,,,https://cdn.shopify.com/s/files/1/0754/4094/7522/files/Nike-Air-Force-1-x-Mismatched-Knickgasm-5265.jpg?v=1734418361,3,,,
nike-air-force-1-x-mismatched,,,,,,,,,https://cdn.shopify.com/s/files/1/0754/4094/7522/files/Nike-Air-Force-1-x-Mismatched-Knickgasm-9305.jpg?v=1734418363,4,,,
nike-air-jordan-lows-x-bleach,Nike Air Jordan Lows 1 x Bleach,"Introducing our unique and eye-catching Custom Hand Painted Nike Sneakers! These sneakers are the perfect colorway of style, art, and personalisation, making them a must-have for any sneaker-head or fashion enthusiast. Made on 100% Original Nike sneakers , our custom hand painted designs are durable and long-lasting. The high-quality materials used ensure that your sneakers will maintain their vibran",Knickgasm,Nike Air Jordan,"Aizen, Aizen Sousuke, anime art, anime shoes india, anime swoosh, Anime-inspired sneakers, Bankai, Bleach, featured, Jordan, nike air force anime, nike anime, nike black, nike black shoes, nike jordan, nike red, prepaid, red, Shunsui Kyōraku",TRUE,204.69,248.16,https://cdn.shopify.com/s/files/1/0754/4094/7522/files/Nike-Air-Jordan-Lows-x-Bleach-Knickgasm-7511.jpg?v=1734418347,1,active,Custom Sneakers,
nike-air-jordan-lows-x-bleach,,,,,,,,,https://cdn.shopify.com/s/files/1/0754/4094/7522/files/Nike-Air-Jordan-Lows-x-Bleach-Knickgasm-4844.jpg?v=1734418349,2,,,
nike-air-jordan-lows-x-bleach,,,,,,,,,https://cdn.shopify.com/s/files/1/0754/4094/7522/files/Nike-Air-Jordan-Lows-x-Bleach-Knickgasm-245.jpg?v=1734418351,3,,,
nike-air-jordan-lows-x-bleach,,,,,,,,,https://cdn.shopify.com/s/files/1/0754/4094/7522/files/Nike-Air-Jordan-Lows-x-Bleach-Knickgasm-6038.jpg?v=1734418353,4,,,
nike-air-jordan-lows-x-bleach,,,,,,,,,https://cdn.shopify.com/s/files/1/0754/4094/7522/files/Nike-Air-Jordan-Lows-x-Bleach-Knickgasm-194.jpg?v=1734418355,5,,,
nike-air-force-1-x-attack-on-titan,Nike Air Force 1 x Attack On Titan,"Introducing our unique and eye-catching Custom Hand Painted Nike Sneakers! These sneakers are the perfect colorway of style, art, and personalisation, making them a must-have for any sneaker-head or fashion enthusiast. Made on 100% Original Nike sneakers , our custom hand painted designs are durable and long-lasting. The high-quality materials used ensure that your sneakers will maintain their vibran",Knickgasm,Nike Air force 1,"anime, anime art, anime shoes india, anime swoosh, Anime-inspired sneakers, Attack on titan, Black and white, Comic, custom anime shoes india, custom anime sneaker india, custom nike shoes india, custom nike sneakers, Eren yeager, featured, Levi, manga, Mikasa ackerman, Nike, nike air force 1, nike air force 1 white, nike air force anime, nike anime, nike shoes, prepaid",TRUE,158.25,210.99,https://cdn.shopify.com/s/files/1/0754/4094/7522/files/Nike-Air-Force-1-x-Attack-On-Titan-Knickgasm-8986.jpg?v=1734418343,1,active,Custom Sneakers,
nike-air-force-1-x-attack-on-titan,,,,,,,,,https://cdn.shopify.com/s/files/1/0754/4094/7522/files/Nike-Air-Force-1-x-Attack-On-Titan-Knickgasm-4805.jpg?v=1734418339,2,,,
nike-air-force-1-x-attack-on-titan,,,,,,,,,https://cdn.shopify.com/s/files/1/0754/4094/7522/files/Nike-Air-Force-1-x-Attack-On-Titan-Knickgasm-2841.jpg?v=1734418337,3,,,
nike-air-force-1-x-attack-on-titan,,,,,,,,,https://cdn.shopify.com/s/files/1/0754/4094/7522/files/Nike-Air-Force-1-x-Attack-On-Titan-Knickgasm-6472.jpg?v=1734418341,4,,,
nike-air-force-1-x-attack-on-titan,,,,,,,,,https://cdn.shopify.com/s/files/1/0754/4094/7522/files/Nike-Air-Force-1-x-Attack-On-Titan-Knickgasm-6602.jpg?v=1734418345,5,,,
nike-air-force-1-x-yoda-x-darth-vader,Yoda x Darth Vader x Nike Air Force 1,"Introducing our unique and eye-catching Custom Hand Painted Nike Sneakers! These sneakers are the perfect colorway of style, art, and personalisation, making them a must-have for any sneaker-head or fashion enthusiast. Made on 100% Original Nike sneakers , the paints which we use are highly durable and long lasting. We use high quality paints for all our designs. Enjoy the enduring elegance of Knickg",Knickgasm,Nike Air force 1,"Baby yoda, black nike shoes india, custom nike shoes india, custom nike sneakers, Darth vader, featured, glow, Glow in the dark, Light saber, May the force, May the fourth, Nike, nike air force 1, nike air force1 black, nike black, nike black shoes, prepaid, Star wars, Yoda",TRUE,211.70,282.26,https://cdn.shopify.com/s/files/1/0754/4094/7522/files/Nike-Air-Force-1-x-Yoda-x-Darth-Vader-Knickgasm-7675.jpg?v=1734418323,1,active,Custom Sneakers,
nike-air-force-1-x-yoda-x-darth-vader,,,,,,,,,https://cdn.shopify.com/s/files/1/0754/4094/7522/files/Nike-Air-Force-1-x-Yoda-x-Darth-Vader-Knickgasm-4972.jpg?v=1734418326,2,,,
nike-air-force-1-x-yoda-x-darth-vader,,,,,,,,,https://cdn.shopify.com/s/files/1/0754/4094/7522/files/Nike-Air-Force-1-x-Yoda-x-Darth-Vader-Knickgasm-2813.jpg?v=1734418327,3,,,
nike-air-force-1-x-yoda-x-darth-vader,,,,,,,,,https://cdn.shopify.com/s/files/1/0754/4094/7522/files/Nike-Air-Force-1-x-Yoda-x-Darth-Vader-Knickgasm-6823.jpg?v=1734418329,4,,,
nike-air-force-1-x-yoda-x-darth-vader,,,,,,,,,https://cdn.shopify.com/s/files/1/0754/4094/7522/files/Nike-Air-Force-1-x-Yoda-x-Darth-Vader-Knickgasm-3454.jpg?v=1734418332,5,,,
nike-air-force-1-x-yoda-x-darth-vader,,,,,,,,,https://cdn.shopify.com/s/files/1/0754/4094/7522/files/Nike-Air-Force-1-x-Yoda-x-Darth-Vader-Knickgasm-1778.jpg?v=1734418333,6,,,
nike-air-force-1-x-yoda-x-darth-vader,,,,,,,,,https://cdn.shopify.com/s/files/1/0754/4094/7522/files/Nike-Air-Force-1-x-Yoda-x-Darth-Vader-Knickgasm-6858.jpg?v=1734418335,7,,,
copy-of-nike-air-force-1-x-cartooned,Cartooned Sketch x Nike Air Force 1,"Experience the iconic Nike Air Force 1 reimagined with a playful cartoon-inspired design. These custom sneakers colorway classic silhouette and bold, artistic flair, offering both timeless style and unique personality. Crafted for comfort and durability, they are perfect for collectors and sneaker enthusiasts seeking a standout addition to their wardrobe. Each pair of Custom Hand Painted Nike Sneaker",Knickgasm,Nike Air force 1,"blue, candy, candy paints, caramel pastel, cartoon, colourful, custom nike sneakers, featured, green, green pastel, green swoosh, line, mixed, nike air force 1, nike pastel, nike shoes, orange, pastel, pastel nike, pastels, Peacock, pink pastel, prepaid, purple, red, voilet",TRUE,144.34,192.46,https://cdn.shopify.com/s/files/1/0754/4094/7522/files/Nike-Air-Force-1-x-Cartooned-Knickgasm-7932.jpg?v=1751278701,1,active,Custom Sneakers,
copy-of-nike-air-force-1-x-cartooned,,,,,,,,,https://cdn.shopify.com/s/files/1/0754/4094/7522/files/Nike-Air-Force-1-x-Cartooned-Knickgasm-5750.jpg?v=1734418320,2,,,
copy-of-nike-air-force-1-x-cartooned,,,,,,,,,https://cdn.shopify.com/s/files/1/0754/4094/7522/files/Nike-Air-Force-1-x-Cartooned-Knickgasm-6186.jpg?v=1734418322,3,,,
nike-air-force-1-x-acid-x-reveal,Acid x Nike Air Force 1,"Dive into a bold fusion of streetwear and psychedelic art with the Nike Air Force 1 x Smiley Acid Custom by Knickgasm. Handcrafted on 100% original Nike Air Force 1 sneakers , this design features vibrant acid-inspired graphics, smiley face artwork, abstract patterns, and premium rope laces that make every step stand out. The cream-toned base paired with neon blue and yellow detailing creates a un",Knickgasm,Nike Air force 1,"Acid, Best, Chunk rope laces, Chunky, coffe, coffee, custom nike shoes india, custom nike sneakers, custom shoes india, Drew, drip, edm, featured, Hardwell, Nike, nike air force 1, nike air force 1 white, nike coffee, nike shoes, prepaid, Reveal, rope, rope laces, Smiley, white shoes",TRUE,168.94,225.25,https://cdn.shopify.com/s/files/1/0754/4094/7522/files/E2936813-A5D5-4517-9A3E-717519F8AC67.jpg?v=1781897006,1,active,Custom Sneakers,
nike-air-force-1-x-acid-x-reveal,,,,,,,,,https://cdn.shopify.com/s/files/1/0754/4094/7522/files/C5FA92BC-890F-441B-B713-72B08F18E702.jpg?v=1781897388,2,,,
nike-air-force-1-x-acid-x-reveal,,,,,,,,,https://cdn.shopify.com/s/files/1/0754/4094/7522/files/19030D38-22F8-43B4-87B7-BE8807A227C4.jpg?v=1781897387,3,,,
nike-air-force-1-x-acid-x-reveal,,,,,,,,,https://cdn.shopify.com/s/files/1/0754/4094/7522/files/C5CA5C8F-38E6-4A1C-93F6-DDD210240140.jpg?v=1781897387,4,,,
nike-air-force-1-x-acid-x-reveal,,,,,,,,,https://cdn.shopify.com/s/files/1/0754/4094/7522/files/6BAA0DF0-321E-41C6-9488-E7C798906347.jpg?v=1781897387,5,,,
nike-air-force-1-x-dragon-ball-z-3,Nike Air Force 1 x Dragon Ball Z,"Introducing our unique and eye-catching Custom Hand Painted Nike Sneakers! These sneakers are the perfect colorway of style, art, and personalisation, making them a must-have for any sneaker-head or fashion enthusiast. Each pair of Custom Hand Painted Nike Sneakers is meticulously hand crafted by our skilled artists and sneaker designers who colorway their creativity and talent together to every sneaker",Knickgasm,Nike Air force 1,"anime, anime art, anime shoes india, anime swoosh, Anime-inspired sneakers, custom anime shoes india, custom anime sneaker india, custom nike shoes india, custom nike sneakers, dragon, dragon ball z, goku, Nike, nike air force 1, nike air force 1 white, nike air force anime, nike anime, nike shoes, prepaid, vegeta",TRUE,201.02,268.01,https://cdn.shopify.com/s/files/1/0754/4094/7522/files/Nike-Air-Force-1-x-Dragon-Ball-Z-Knickgasm-2714.jpg?v=1734418298,1,active,Custom Sneakers,
nike-air-force-1-x-dragon-ball-z-3,,,,,,,,,https://cdn.shopify.com/s/files/1/0754/4094/7522/files/Nike-Air-Force-1-x-Dragon-Ball-Z-Knickgasm-9563.jpg?v=1734418300,2,,,
nike-air-force-1-x-dragon-ball-z-3,,,,,,,,,https://cdn.shopify.com/s/files/1/0754/4094/7522/files/Nike-Air-Force-1-x-Dragon-Ball-Z-Knickgasm-7219.jpg?v=1734418302,3,,,
nike-air-force-1-x-dragon-ball-z-3,,,,,,,,,https://cdn.shopify.com/s/files/1/0754/4094/7522/files/Nike-Air-Force-1-x-Dragon-Ball-Z-Knickgasm-2830.jpg?v=1734418304,4,,,
nike-air-force-1-x-custom-tiffany,Custom Tiffany x Nike Air Force 1,"*This pair is customised on original Nike Air Force 1 triple black. Introducing our unique and eye-catching Custom Hand Painted Nike Sneakers! These sneakers are the perfect colorway of style, art, and personalisation, making them a must-have for any sneaker-head or fashion enthusiast. Each pair of Custom Hand Painted Nike Sneakers is meticulously hand crafted by our skilled artists and sneaker desig",Knickgasm,Nike Air force 1,"black nike shoes india, featured, nike air force 1, nike air force1 black, nike black, nike black shoes, nike shoes, Nike x tiffany india, prepaid, Tiffany",TRUE,147.54,196.72,https://cdn.shopify.com/s/files/1/0754/4094/7522/files/Nike-Air-Force-1-x-Custom-Tiffany-Knickgasm-8784.jpg?v=1734418275,1,active,Custom Sneakers,
nike-air-force-1-x-custom-tiffany,,,,,,,,,https://cdn.shopify.com/s/files/1/0754/4094/7522/files/Nike-Air-Force-1-x-Custom-Tiffany-Knickgasm-2478.jpg?v=1734418276,2,,,
nike-air-force-1-x-custom-tiffany,,,,,,,,,https://cdn.shopify.com/s/files/1/0754/4094/7522/files/Nike-Air-Force-1-x-Custom-Tiffany-Knickgasm-6518.jpg?v=1734418278,3,,,
nike-air-force-1-x-grand-theft-auto,Nike Air Force 1 x Grand Theft Auto GTA,"Introducing our unique and eye-catching Custom Hand Painted Nike Sneakers! These sneakers are the perfect colorway of style, art, and personalisation, making them a must-have for any sneaker-head or fashion enthusiast. Each pair of Custom Hand Painted Nike Sneakers is meticulously hand crafted by our skilled artists and sneaker designers who colorway their creativity and talent together to every sneaker",Knickgasm,Nike Air force 1,"blue, custom nike shoes india, custom nike sneakers, custom shoes india, Era, featured, Gaming, Grand Theft auto, Gta, Gta v, light blue, Lover, Miami, music, Nike, nike air force 1, nike air force 1 white, nike blue, nike shoes, prepaid, Ps5, Singer, sky blue, Tour, Wasted",TRUE,213.84,285.11,https://cdn.shopify.com/s/files/1/0754/4094/7522/files/Nike-Air-Force-1-x-Grand-Theft-Auto-GTA-Knickgasm-9060.jpg?v=1734418270,1,active,Custom Sneakers,
nike-air-force-1-x-grand-theft-auto,,,,,,,,,https://cdn.shopify.com/s/files/1/0754/4094/7522/files/Nike-Air-Force-1-x-Grand-Theft-Auto-GTA-Knickgasm-340.jpg?v=1734418272,2,,,
nike-air-force-1-x-grand-theft-auto,,,,,,,,,https://cdn.shopify.com/s/files/1/0754/4094/7522/files/Nike-Air-Force-1-x-Grand-Theft-Auto-GTA-Knickgasm-694.jpg?v=1734418274,3,,,
copy-chunky-rope-laces-biege8-mm,Chunky Rope Laces For Sneakers,Rope Shoelaces 8 mm Thickness | kinckgasm's Natural Cotton Color | Twisted Chunky Laces. Hand-crafted rope laces accentuate your sneaker look by giving it a fat aesthetic. Rope laces for Nike Air Force 1 and other streetwear sneakers,Knickgasm,Laces,"accessories, beige, big laces, black, Chunky, laces, prepaid, rope, rope laces, thick",TRUE,7.91,10.55,https://cdn.shopify.com/s/files/1/0754/4094/7522/files/Chunky-Rope-Laces-For-Sneakers-Knickgasm-8872.jpg?v=1734418264,1,active,Custom Sneakers,
copy-chunky-rope-laces-biege8-mm,,,,,,,,,https://cdn.shopify.com/s/files/1/0754/4094/7522/files/Chunky-Rope-Laces-For-Sneakers-Knickgasm-1804.jpg?v=1734418261,2,,,
copy-chunky-rope-laces-biege8-mm,,,,,,,,,https://cdn.shopify.com/s/files/1/0754/4094/7522/files/Chunky-Rope-Laces-For-Sneakers-Knickgasm-6942.jpg?v=1734418262,3,,,
nike-air-force-1-x-sponge-bob-pastels,Nike Air Force 1 x Sponge Bob,"Introducing our unique and eye-catching Custom Hand Painted Nike Sneakers! These sneakers are the perfect colorway of style, art, and personalisation, making them a must-have for any sneaker-head or fashion enthusiast. Made on 100% Original Nike sneakers , our custom hand painted designs are durable and long-lasting. The high-quality materials used ensure that your sneakers will maintain their vibran",Knickgasm,Nike Air force 1,"candy, caramel pastel, Cartoon, custom nike shoes india, custom nike sneakers, lemon yellow, light blue, Nike, nike air force 1, nike air force 1 white, nike pastel, nike shoes, pastel, pastel nike, pastels, pink pastel, prepaid, Sponge bob, yellow",TRUE,148.57,198.09,https://cdn.shopify.com/s/files/1/0754/4094/7522/files/Nike-Air-Force-1-x-Sponge-Bob-Pastels-Knickgasm-2380.jpg?v=1734418256,1,active,Custom Sneakers,
nike-air-force-1-x-sponge-bob-pastels,,,,,,,,,https://cdn.shopify.com/s/files/1/0754/4094/7522/files/Nike-Air-Force-1-x-Sponge-Bob-Pastels-Knickgasm-4735.jpg?v=1734418258,2,,,
nike-air-force-1-x-sponge-bob-pastels,,,,,,,,,https://cdn.shopify.com/s/files/1/0754/4094/7522/files/Nike-Air-Force-1-x-Sponge-Bob-Pastels-Knickgasm-7329.jpg?v=1734418259,3,,,
nike-air-force-1-x-bling-swoosh,Bling x Nike Air Force 1,"Introducing the Nike Air Force 1 x Rhinestone Custom , a perfect colorway of elegance, bling, and shimmer . Featuring a sparkling rhinestone swoosh available in Silver , this design adds a luxurious shine to the iconic silhouette. Crafted on 100% original Nike Nike Air Force 1 sneakers , each pair is handcrafted with precision , ensuring a premium finish and standout look. Designed to catch the light",Knickgasm,Nike Air force 1,"Bling, Crystal, custom nike shoes india, custom nike sneakers, Elegant, Glitter, Minimal, minimalist, Nike, nike air force 1, nike air force 1 white, nike shoes, prepaid, Safire, Shine, Silver, Stones, Sworoski, Wedding, Wedding shoes",TRUE,147.54,196.72,https://cdn.shopify.com/s/files/1/0754/4094/7522/files/FFA1FAB8-4D1F-479C-AF66-13702CFDFF4A.jpg?v=1775423969,1,active,Custom Sneakers,
nike-air-force-1-x-bling-swoosh,,,,,,,,,https://cdn.shopify.com/s/files/1/0754/4094/7522/files/Nike-Air-Force-1-x-Bling-Swoosh-Knickgasm-6498.jpg?v=1775423969,2,,,
nike-air-force-1-x-bling-swoosh,,,,,,,,,https://cdn.shopify.com/s/files/1/0754/4094/7522/files/Nike-Air-Force-1-x-Bling-Swoosh-Knickgasm-3049.jpg?v=1775423969,3,,,
nike-court-vision-x-dragon-waves,Dragon x Waves x Nike Court Vision,"Introducing our unique and eye-catching Custom Hand Painted Nike Sneakers! These sneakers are the perfect colorway of style, art, and personalisation, making them a must-have for any sneaker-head or fashion enthusiast. Each pair of Custom Hand Painted Nike Sneakers is meticulously hand crafted by our skilled artists and sneaker designers who colorway their creativity and talent together to every sneaker",Knickgasm,Nike Court Vision,"agasthya shoes, custom nike shoes india, dragon, Nike, nike court vision, nike dragon waves, prepaid, red dragon, sapphire dragon, water, waves",TRUE,123.90,147.50,https://cdn.shopify.com/s/files/1/0754/4094/7522/files/Nike-court-vision-x-Dragon-waves-Knickgasm-3806.jpg?v=1734418242,1,active,Custom Sneakers,
nike-court-vision-x-dragon-waves,,,,,,,,,https://cdn.shopify.com/s/files/1/0754/4094/7522/files/Nike-court-vision-x-Dragon-waves-Knickgasm-327.jpg?v=1734418241,2,,,
nike-court-vision-x-dragon-waves,,,,,,,,,https://cdn.shopify.com/s/files/1/0754/4094/7522/files/0BF63F65-C612-41D6-B876-25E504CB4702.jpg?v=1735305097,3,,,
nike-court-vision-x-dragon-waves,,,,,,,,,https://cdn.shopify.com/s/files/1/0754/4094/7522/files/F92093D6-B795-4D89-AE70-CB30C4D59052.jpg?v=1735305097,4,,,
nike-court-vision-x-dragon-waves,,,,,,,,,https://cdn.shopify.com/s/files/1/0754/4094/7522/files/840F8ADD-161C-4C8A-A5A8-E86855DC7F3A.jpg?v=1735305097,5,,,
nike-air-force-1-x-taylor-swift-1989-eras-tour,Taylor Swift Eras Tour x Nike Air Force 1,"Introducing our unique and eye-catching Custom Hand Painted Nike Sneakers! These sneakers are the perfect colorway of style, art, and personalisation, making them a must-have for any sneaker-head or fashion enthusiast. Made on 100% Original Nike sneakers , our custom hand painted designs are durable and long-lasting. The high-quality materials used ensure that your sneakers will maintain their vibran",Knickgasm,Nike Air force 1,"1989, album, blue, custom nike shoes india, custom nike sneakers, custom shoes india, Era, featured, light blue, Lover, music, Nike, nike air force 1, nike air force 1 white, nike blue, nike shoes, prepaid, Singer, sky blue, Swift, Swifty, Taylor, Tour",TRUE,157.83,196.72,https://cdn.shopify.com/s/files/1/0754/4094/7522/files/8FFFA37C-B4E3-4769-AC60-2443F2978396.jpg?v=1763195914,1,active,Custom Sneakers,
nike-air-force-1-x-daniel-ricciardo-shoey,Nike Air Force 1 x Daniel Ricciardo Shoey,"Introducing our unique and eye-catching Custom Hand Painted Nike Sneakers! These sneakers are the perfect colorway of style, art, and personalisation, making them a must-have for any sneaker-head or fashion enthusiast. Each pair of Custom Hand Painted Nike Sneakers is meticulously hand crafted by our skilled artists and sneaker designers who colorway their creativity and talent together to every sneaker",Knickgasm,Nike Air force 1,"Bull, Car, custom nike shoes india, custom nike sneakers, Daniel, F1, Mercedes, Nike, nike air force 1, nike air force 1 white, prepaid, Racing, Ricciardo, Shoey",TRUE,233.09,310.78,https://cdn.shopify.com/s/files/1/0754/4094/7522/files/Nike-Air-Force-1-x-Daniel-Ricciardo-Shoey-Knickgasm-6798.jpg?v=1734418226,1,active,Custom Sneakers,
nike-air-force-1-x-daniel-ricciardo-shoey,,,,,,,,,https://cdn.shopify.com/s/files/1/0754/4094/7522/files/Nike-Air-Force-1-x-Daniel-Ricciardo-Shoey-Knickgasm-1327.jpg?v=1734418228,2,,,
nike-air-force-1-x-daniel-ricciardo-shoey,,,,,,,,,https://cdn.shopify.com/s/files/1/0754/4094/7522/files/Nike-Air-Force-1-x-Daniel-Ricciardo-Shoey-Knickgasm-3925.jpg?v=1734418229,3,,,
nike-air-force-1-x-daniel-ricciardo-shoey,,,,,,,,,https://cdn.shopify.com/s/files/1/0754/4094/7522/files/Nike-Air-Force-1-x-Daniel-Ricciardo-Shoey-Knickgasm-790.jpg?v=1734418230,4,,,
nike-air-force-1-x-daniel-ricciardo-shoey,,,,,,,,,https://cdn.shopify.com/s/files/1/0754/4094/7522/files/Nike-Air-Force-1-x-Daniel-Ricciardo-Shoey-Knickgasm-96.jpg?v=1734418232,5,,,
nike-air-force-1-x-daniel-ricciardo-shoey,,,,,,,,,https://cdn.shopify.com/s/files/1/0754/4094/7522/files/Nike-Air-Force-1-x-Daniel-Ricciardo-Shoey-Knickgasm-5491.jpg?v=1734418233,6,,,
nike-air-force-1-x-pastel-block,Nike Air Force 1 x Sweet Candy,"Introducing our unique and eye-catching Custom Hand Painted Nike Sneakers! These sneakers are the perfect colorway of style, art, and personalisation, making them a must-have for any sneaker-head or fashion enthusiast. Each pair of Custom Hand Painted Nike Sneakers is meticulously hand crafted by our skilled artists and sneaker designers who colorway their creativity and talent together to every sneaker",Knickgasm,Nike Air force 1,"blue, candy, colourful, cool custom, custom nike shoes india, custom nike sneakers, custom shoes india, featured, green, mix, neon, Nike, nike air force 1, nike shoes, pastel, pastel nike, pink, prepaid",TRUE,148.57,198.09,https://cdn.shopify.com/s/files/1/0754/4094/7522/files/Nike-Air-Force-1-x-Pastel-Block-Knickgasm-5151.jpg?v=1734418219,1,active,Custom Sneakers,
nike-air-force-1-x-pastel-block,,,,,,,,,https://cdn.shopify.com/s/files/1/0754/4094/7522/files/Nike-Air-Force-1-x-Pastel-Block-Knickgasm-6965.jpg?v=1734418222,2,,,
nike-air-force-1-x-pastel-block,,,,,,,,,https://cdn.shopify.com/s/files/1/0754/4094/7522/files/Nike-Air-Force-1-x-Pastel-Block-Knickgasm-9849.jpg?v=1734418221,3,,,
nike-air-force-1-x-pastel-block,,,,,,,,,https://cdn.shopify.com/s/files/1/0754/4094/7522/files/Nike-Air-Force-1-x-Pastel-Block-Knickgasm-5953.jpg?v=1734418224,4,,,
nike-air-force-1-cartooned-x-coffee-dip-rope-laces,Cartooned Coffee Dip x Nike Air Force 1,"Introducing our unique and eye-catching Custom Hand Painted Nike Sneakers! These sneakers are the perfect colorway of style, art, and personalisation, making them a must-have for any sneaker-head or fashion enthusiast. This is dipped into raw coffee therefore few raw coffee marks and punch marks might be there. Each pair of Custom Hand Painted Nike Sneakers is meticulously hand crafted by our skilled",Knickgasm,Nike Air force 1,"big laces, brown, coffee, custom nike shoes india, custom nike sneakers, dip, featured, laces, Nike, nike air force 1, nike air force 1 white, nike coffee, nike shoes, prepaid, rope, thick",TRUE,147.54,196.72,https://cdn.shopify.com/s/files/1/0754/4094/7522/files/Nike-Air-Force-1-Cartooned-x-Coffee-Dip-Rope-Laces-Knickgasm-6546.jpg?v=1761395937,1,active,Custom Sneakers,
nike-air-force-1-cartooned-x-coffee-dip-rope-laces,,,,,,,,,https://cdn.shopify.com/s/files/1/0754/4094/7522/files/Nike-Air-Force-1-Cartooned-x-Coffee-Dip-Rope-Laces-Knickgasm-9333.jpg?v=1774092169,2,,,
nike-air-force-1-cartooned-x-coffee-dip-rope-laces,,,,,,,,,https://cdn.shopify.com/s/files/1/0754/4094/7522/files/85EF3512-D44F-499C-AAC9-F4A196D5287A.jpg?v=1774092169,3,,,
nike-air-force-1-x-dior-1,Dior Custom x Nike Air Force 1,"Introducing our unique and eye-catching Custom Hand Painted Nike Sneakers! These sneakers are the perfect colorway of style, art, and personalisation, making them a must-have for any sneaker-head or fashion enthusiast. Each pair of Custom Hand Painted Nike Sneakers is meticulously hand crafted by our skilled artists and sneaker designers who colorway their creativity and talent together to every sneaker",Knickgasm,Nike Air force 1,"Brand, Britain, cool custom, custom nike shoes india, custom nike sneakers, custom shoes india, Dior, doir, Europe, France, French, Louis vitton, Luxury, Nike, nike air force 1, Nike air force 1 custom shoes, nike air force 1 white, nike shoes, prepaid, Usa",TRUE,147.54,196.72,https://cdn.shopify.com/s/files/1/0754/4094/7522/files/Nike-Air-force-1-x-Dior-Custom-Knickgasm-6605.jpg?v=1734418208,1,active,Custom Sneakers,
nike-air-force-1-x-dior-1,,,,,,,,,https://cdn.shopify.com/s/files/1/0754/4094/7522/files/Nike-Air-force-1-x-Dior-Custom-Knickgasm-3893.jpg?v=1734418209,2,,,
nike-air-force-1-x-dior-1,,,,,,,,,https://cdn.shopify.com/s/files/1/0754/4094/7522/files/Nike-Air-force-1-x-Dior-Custom-Knickgasm-5014.jpg?v=1734418211,3,,,
nike-air-force-1-x-dior-1,,,,,,,,,https://cdn.shopify.com/s/files/1/0754/4094/7522/files/Nike-Air-force-1-x-Dior-Custom-Knickgasm-3159.jpg?v=1734418212,4,,,
nike-air-force-1-x-dior-1,,,,,,,,,https://cdn.shopify.com/s/files/1/0754/4094/7522/files/Nike-Air-force-1-x-Dior-Custom-Knickgasm-6863.jpg?v=1734418214,5,,,
nike-air-force-1-mids-x-butterfly-drip,Butterfly Drip x Nike Air Force 1 Mids,"Introducing our unique and eye-catching Custom Hand Painted Nike Sneakers! These sneakers are the perfect colorway of style, art, and personalisation, making them a must-have for any sneaker-head or fashion enthusiast. Each pair of Custom Hand Painted Nike Sneakers is meticulously hand crafted by our skilled artists and sneaker designers who colorway their creativity and talent together to every sneaker",Knickgasm,Nike Air force 1,"blue butterfly, blue drip, Butterfly, custom nike shoes india, custom nike sneakers, drip, drips, Mids, Nike, nike air force 1, nike air force 1 white, nike blue butterfly, nike butterfly, nike shoes, prepaid",TRUE,155.04,206.72,https://cdn.shopify.com/s/files/1/0754/4094/7522/files/Nike-Air-Force-1-Mids-x-Butterfly-Drip-Knickgasm-3875.jpg?v=1734418205,1,active,Custom Sneakers,
nike-air-force-1-mids-x-butterfly-drip,,,,,,,,,https://cdn.shopify.com/s/files/1/0754/4094/7522/files/Nike-Air-Force-1-Mids-x-Butterfly-Drip-Knickgasm-5901.jpg?v=1734418206,2,,,
nike-air-force-1-with-chunky-rope-laces-8mm,Nike Air Force 1 x Rope Laces - Biege,"Introducing our unique and eye-catching Custom Nike Air Force1 With Biege Rope Laces (Includes pair of laces for both shoes) These sneakers are the perfect colorway of style, art, and personalisation, making them a must-have for any sneaker-head or fashion enthusiast. 10 mm width Each pair of Custom Hand Painted Nike Sneakers is meticulously hand crafted by our skilled artists and sneaker designers w",Knickgasm,Nike Air force 1,"big laces, Chunk rope laces, custom nike shoes india, custom nike sneakers, dip, laces, Nike, nike air force 1, nike air force 1 white, nike shoes, prepaid, rope, rope laces, thick",TRUE,115.47,153.97,https://cdn.shopify.com/s/files/1/0754/4094/7522/files/Nike-Air-Force-1-With-Chunky-Rope-Laces-8-mm-Knickgasm-5434.jpg?v=1734418200,1,active,Custom Sneakers,
nike-air-force-1-with-chunky-rope-laces-8mm,,,,,,,,,https://cdn.shopify.com/s/files/1/0754/4094/7522/files/Nike-Air-Force-1-With-Chunky-Rope-Laces-8-mm-Knickgasm-4884.jpg?v=1734418199,2,,,
nike-air-force-1-with-chunky-rope-laces-8mm,,,,,,,,,https://cdn.shopify.com/s/files/1/0754/4094/7522/files/Nike-Air-Force-1-With-Chunky-Rope-Laces-8-mm-Knickgasm-5114.jpg?v=1734418202,3,,,
nike-air-force-1-with-chunky-rope-laces-8mm,,,,,,,,,https://cdn.shopify.com/s/files/1/0754/4094/7522/files/Nike-Air-Force-1-With-Chunky-Rope-Laces-8-mm-Knickgasm-3416.jpg?v=1734418203,4,,,
nike-air-force-1-x-zoro-and-luffy-eyes,Luffy x Zoro x Nike Air Force 1,"Introducing our unique and eye-catching Custom Hand Painted Nike Sneakers! These sneakers are the perfect colorway of style, art, and personalisation, making them a must-have for any sneaker-head or fashion enthusiast. Each pair of Custom Hand Painted Nike Sneakers is meticulously hand crafted by our skilled artists and sneaker designers in India who colorway their creativity and talent together to ever",Knickgasm,Nike Air force 1,"ace, anime, anime art, anime shoes india, Anime-inspired sneakers, custom anime shoes india, custom anime sneaker india, featured, japanese, luffy, nike air force anime, nike anime, one, one piece, one piece custom, one piece custom sneaker, pirate, prepaid, zoro",TRUE,147.54,202.15,https://cdn.shopify.com/s/files/1/0754/4094/7522/files/Nike-Air-Force-1-x-Zoro-And-Luffy-Swoosh-Knickgasm-5882.jpg?v=1734418193,1,active,Custom Sneakers,
nike-air-force-1-x-zoro-and-luffy-eyes,,,,,,,,,https://cdn.shopify.com/s/files/1/0754/4094/7522/files/Nike-Air-Force-1-x-Zoro-And-Luffy-Swoosh-Knickgasm-4316.jpg?v=1734418195,2,,,
nike-air-force-1-x-zoro-and-luffy-eyes,,,,,,,,,https://cdn.shopify.com/s/files/1/0754/4094/7522/files/Nike-Air-Force-1-x-Zoro-And-Luffy-Swoosh-Knickgasm-7904.jpg?v=1734418197,3,,,
rope-laces,Chunky Rope Laces For Sneakers,Rope Shoelaces 10 mm Thickness | kinckgasm's Natural Cotton Color | Twisted Chunky Laces. Hand-crafted rope laces accentuate your sneaker look by giving it a fat aesthetic. Rope laces for Nike Air Force 1 and other streetwear sneakers,Knickgasm,Laces,"accessories, beige, big laces, Chunky, laces, prepaid, rope, rope laces, thick",TRUE,7.91,10.55,https://cdn.shopify.com/s/files/1/0754/4094/7522/files/Chunky-Rope-Laces-For-Sneakers-Knickgasm-8829.jpg?v=1734418191,1,active,Custom Sneakers,
rope-laces,,,,,,,,,https://cdn.shopify.com/s/files/1/0754/4094/7522/files/Chunky-Rope-Laces-For-Sneakers-Knickgasm-7082.jpg?v=1734418190,2,,,
rope-laces,,,,,,,,,https://cdn.shopify.com/s/files/1/0754/4094/7522/files/Chunky-Rope-Laces-For-Sneakers-Knickgasm-1389.jpg?v=1734418188,3,,,
nike-air-force-1-x-dragon-ball-z-manga,Nike Air force 1 x Dragon Ball z Manga,"Introducing our unique and eye-catching Custom Hand Painted Nike Sneakers! These sneakers are the perfect colorway of style, art, and personalisation, making them a must-have for any sneaker-head or fashion enthusiast. Each pair of Custom Hand Painted Nike Sneakers is meticulously hand crafted by our skilled artists and sneaker designers who colorway their creativity and talent together to every sneaker",Knickgasm,Nike Air force 1,"anime, anime art, anime shoes india, Anime-inspired sneakers, custom anime shoes india, custom anime sneaker india, custom nike shoes india, custom nike sneakers, dragon, dragon ball z, goku, manga, Nike, nike air force 1, nike air force 1 white, nike air force anime, nike anime, nike shoes, prepaid, vegeta",TRUE,179.62,239.49,https://cdn.shopify.com/s/files/1/0754/4094/7522/files/Nike-Air-force-1-x-Dragon-Ball-z-Manga-Knickgasm-4743.jpg?v=1734418184,1,active,Custom Sneakers,
nike-air-force-1-x-dragon-ball-z-manga,,,,,,,,,https://cdn.shopify.com/s/files/1/0754/4094/7522/files/Nike-Air-force-1-x-Dragon-Ball-z-Manga-Knickgasm-6043.jpg?v=1734418183,2,,,
nike-air-force-1-x-dragon-ball-z-manga,,,,,,,,,https://cdn.shopify.com/s/files/1/0754/4094/7522/files/Nike-Air-force-1-x-Dragon-Ball-z-Manga-Knickgasm-4083.jpg?v=1734418185,3,,,
nike-air-force-1-x-dragon-ball-z-manga,,,,,,,,,https://cdn.shopify.com/s/files/1/0754/4094/7522/files/Nike-Air-force-1-x-Dragon-Ball-z-Manga-Knickgasm-2429.jpg?v=1734418187,4,,,
nike-air-force-1-x-dragon-ball-z-2,Dragon Ball Z x Nike Air Force 1,"Introducing our unique and eye-catching Custom Hand Painted Nike Sneakers! These sneakers are the perfect colorway of style, art, and personalisation, making them a must-have for any sneaker-head or fashion enthusiast. Made on 100% Original Nike sneakers , our custom hand painted designs are durable and long-lasting. The high-quality materials used ensure that your sneakers will maintain their vibran",Knickgasm,Nike Air force 1,"anime, anime art, anime shoes india, anime swoosh, Anime-inspired sneakers, custom anime shoes india, custom anime sneaker india, custom nike shoes india, custom nike sneakers, dragon, dragon ball z, goku, Nike, nike air force 1, nike air force 1 white, nike air force anime, nike anime, nike shoes, prepaid, vegeta",TRUE,164.65,219.53,https://cdn.shopify.com/s/files/1/0754/4094/7522/files/Nike-Air-Force-1-x-Dragon-Ball-Z-Knickgasm-4818.jpg?v=1734418178,1,active,Custom Sneakers,
nike-air-force-1-x-dragon-ball-z-2,,,,,,,,,https://cdn.shopify.com/s/files/1/0754/4094/7522/files/Nike-Air-Force-1-x-Dragon-Ball-Z-Knickgasm-4483.jpg?v=1734418176,2,,,
nike-air-force-1-x-dragon-ball-z-2,,,,,,,,,https://cdn.shopify.com/s/files/1/0754/4094/7522/files/Nike-Air-Force-1-x-Dragon-Ball-Z-Knickgasm-599.jpg?v=1734418179,3,,,
nike-air-force-1-x-dragon-ball-z-2,,,,,,,,,https://cdn.shopify.com/s/files/1/0754/4094/7522/files/Nike-Air-Force-1-x-Dragon-Ball-Z-Knickgasm-5650.jpg?v=1734418181,4,,,
nike-air-jordan-lows-x-one-piece,One Piece x Nike Air Jordan 1 Lows,"Introducing our unique and eye-catching Custom Hand Painted Nike Sneakers! These sneakers are the perfect colorway of style, art, and personalisation, making them a must-have for any sneaker-head or fashion enthusiast. Made on 100% Original Nike sneakers , our custom hand painted designs are durable and long-lasting. The high-quality materials used ensure that your sneakers will maintain their vibran",Knickgasm,Nike Air Jordan,"anime, anime art, anime shoes india, Anime-inspired sneakers, chopper, custom anime shoes india, custom anime sneaker india, custom nike shoes india, custom nike sneakers, featured, gear 5, luffy, Nami, Nike, nike anime, nike jordan, nike shoes, one, one piece, one piece custom, one piece custom sneaker, prepaid, Robin, Sanji, sword, zoro",TRUE,226.29,301.70,https://cdn.shopify.com/s/files/1/0754/4094/7522/files/Nike-Air-Jordan-Lows-x-One-Piece-Knickgasm-931.jpg?v=1734418168,1,active,Custom Sneakers,
nike-air-jordan-lows-x-one-piece,,,,,,,,,https://cdn.shopify.com/s/files/1/0754/4094/7522/files/Nike-Air-Jordan-Lows-x-One-Piece-Knickgasm-4319.jpg?v=1734418169,2,,,
nike-air-jordan-lows-x-one-piece,,,,,,,,,https://cdn.shopify.com/s/files/1/0754/4094/7522/files/Nike-Air-Jordan-Lows-x-One-Piece-Knickgasm-4731.jpg?v=1734418171,3,,,
nike-air-force-1-coffee-dip-rope-laces,Coffee Dip x Nike Air Force 1,"The Nike Air Force 1 x Coffee Dip offers a unique colorway of classic design and coffee-inspired aesthetics. Crafted with premium materials, this custom edition features rich brown tones and subtle detailing that evoke the warmth and depth of coffee. Its durable construction ensures lasting comfort and style, making it an ideal choice for sneaker enthusiasts seeking a distinctive yet timeless look. P",Knickgasm,Nike Air force 1,"big laces, brown, coffee, custom nike shoes india, custom nike sneakers, dip, featured, laces, Nike, nike air force 1, nike air force 1 white, nike coffee, nike shoes, prepaid, rope, thick",TRUE,136.11,182.47,https://cdn.shopify.com/s/files/1/0754/4094/7522/files/Nike-Air-Force-1-Coffee-Dip-Rope-Laces-Knickgasm-7241.jpg?v=1734418167,1,active,Custom Sneakers,
nike-air-force-1-coffee-dip-rope-laces,,,,,,,,,https://cdn.shopify.com/s/files/1/0754/4094/7522/files/Nike-Air-Force-1-Coffee-Dip-Rope-Laces-Knickgasm-6637.jpg?v=1761657372,2,,,
nike-air-force-1-coffee-dip-rope-laces,,,,,,,,,https://cdn.shopify.com/s/files/1/0754/4094/7522/files/Nike-Air-Force-1-Coffee-Dip-Rope-Laces-Knickgasm-694.jpg?v=1761657372,3,,,
nike-air-force-1-x-nissan-skyline-r34-gt-r,Nike Air Force 1 x Nissan Skyline R34 GT-R,"Introducing our unique and eye-catching Custom Hand Painted Nike Sneakers! These sneakers are the perfect colorway of style, art, and personalisation, making them a must-have for any sneaker-head or fashion enthusiast. Each pair of Custom Hand Painted Nike Sneakers is meticulously hand crafted by our skilled artists and sneaker designers who colorway their creativity and talent together to every sneaker",Knickgasm,Nike Air force 1,"And, blue, Car, custom nike shoes india, custom nike sneakers, Fast, Furious, GTR, Nike, nike air force 1, nike air force 1 white, nike shoes, Nissan, prepaid, Skyline",TRUE,153.97,205.28,https://cdn.shopify.com/s/files/1/0754/4094/7522/files/Nike-Air-Force-1-x-Nissan-Skyline-R34-GT-R-Knickgasm-9073.jpg?v=1734418158,1,active,Custom Sneakers,
nike-air-force-1-x-nissan-skyline-r34-gt-r,,,,,,,,,https://cdn.shopify.com/s/files/1/0754/4094/7522/files/Nike-Air-Force-1-x-Nissan-Skyline-R34-GT-R-Knickgasm-9936.jpg?v=1734418156,2,,,
nike-air-force-1-x-nissan-skyline-r34-gt-r,,,,,,,,,https://cdn.shopify.com/s/files/1/0754/4094/7522/files/Nike-Air-Force-1-x-Nissan-Skyline-R34-GT-R-Knickgasm-9940.jpg?v=1734418161,3,,,
nike-air-force-1-x-nissan-skyline-r34-gt-r,,,,,,,,,https://cdn.shopify.com/s/files/1/0754/4094/7522/files/Nike-Air-Force-1-x-Nissan-Skyline-R34-GT-R-Knickgasm-7235.jpg?v=1734418160,4,,,
nike-air-force-1-x-jiraya,Nike Air Force 1 x Jiraya,"Introducing our unique and eye-catching Custom Hand Painted Nike Sneakers! These sneakers are the perfect colorway of style, art, and personalisation, making them a must-have for any sneaker-head or fashion enthusiast. Each pair of Custom Hand Painted Nike Sneakers is meticulously hand crafted by our skilled artists and sneaker designers who colorway their creativity and talent together to every sneaker",Knickgasm,Nike Air force 1,"anime, anime art, anime shoes india, Anime-inspired sneakers, custom anime shoes india, custom anime sneaker india, custom nike shoes india, custom nike sneakers, jiraya, naruto, Naruto cosplay shoes, Naruto custom sneakers, naruto shppuden, Naruto Uzumaki, Nike, nike air force 1, nike air force 1 white, nike air force anime, nike anime, nike shoes, prepaid",TRUE,158.25,210.99,https://cdn.shopify.com/s/files/1/0754/4094/7522/files/Nike-Air-Force-1-x-Jiraya-Knickgasm-8279.jpg?v=1734418152,1,active,Custom Sneakers,
nike-air-force-1-x-jiraya,,,,,,,,,https://cdn.shopify.com/s/files/1/0754/4094/7522/files/Nike-Air-Force-1-x-Jiraya-Knickgasm-435.jpg?v=1734418153,2,,,
nike-air-force-1-x-jiraya,,,,,,,,,https://cdn.shopify.com/s/files/1/0754/4094/7522/files/Nike-Air-Force-1-x-Jiraya-Knickgasm-1697.jpg?v=1734418155,3,,,
nike-air-force-1-x-beer-cafe,Nike Air Force 1 x Beer Cafe,"Introducing our unique and eye-catching Custom Hand Painted Nike Sneakers! These sneakers are the perfect colorway of style, art, and personalisation, making them a must-have for any sneaker-head or fashion enthusiast. Each pair of Custom Hand Painted Nike Sneakers is meticulously hand crafted by our skilled artists and sneaker designers who colorway their creativity and talent together to every sneaker",Knickgasm,Nike Air force 1,"Beer, brunchie, cafe, custom nike shoes india, custom nike sneakers, drink, Nike, nike air force 1, nike air force 1 white, nike shoes, orange, prepaid, sasta, save, water, yellow",TRUE,147.54,196.72,https://cdn.shopify.com/s/files/1/0754/4094/7522/files/Nike-Air-Force-1-x-Beer-Cafe-Knickgasm-6935.jpg?v=1734418147,1,active,Custom Sneakers,
nike-air-force-1-x-beer-cafe,,,,,,,,,https://cdn.shopify.com/s/files/1/0754/4094/7522/files/Nike-Air-Force-1-x-Beer-Cafe-Knickgasm-2167.jpg?v=1734418149,2,,,
nike-air-force-1-x-beer-cafe,,,,,,,,,https://cdn.shopify.com/s/files/1/0754/4094/7522/files/Nike-Air-Force-1-x-Beer-Cafe-Knickgasm-8672.jpg?v=1734418150,3,,,
nike-air-force-1-raw,RAW x Nike Air Force 1,"The Nike Air Force 1 x RAW offers a fresh take on the classic silhouette with premium materials and a refined design. Engineered for durability and comfort, this custom edition features a raw, unpolished aesthetic that highlights the shoe’s craftsmanship. Ideal for those seeking a distinctive yet timeless sneaker, it combines iconic style with expert-level quality for everyday wear. Made on 100% O",Knickgasm,Nike Air force 1,"420, best seller, cigar, ciggerate, cool, custom nike shoes india, custom nike sneakers, featured, joint, leaves, Nike, nike air force 1, nike air force 1 white, nike shoes, prepaid, raw, smoke, swoosh, thug, weed, 🔥 Limited Stock",TRUE,147.54,196.72,https://cdn.shopify.com/s/files/1/0754/4094/7522/files/D6CF755B-A887-405D-8D45-F7289D9DCC8A.jpg?v=1763931392,1,active,Custom Sneakers,
nike-air-force-1-raw,,,,,,,,,https://cdn.shopify.com/s/files/1/0754/4094/7522/files/Nike-Air-Force-1-RAW-Knickgasm-120.jpg?v=1763931392,2,,,
nike-air-force-1-raw,,,,,,,,,https://cdn.shopify.com/s/files/1/0754/4094/7522/files/Nike-Air-Force-1-RAW-Knickgasm-5063.jpg?v=1763931392,3,,,
nike-air-force-1-raw,,,,,,,,,https://cdn.shopify.com/s/files/1/0754/4094/7522/files/Nike-Air-Force-1-RAW-Knickgasm-8880.jpg?v=1763931392,4,,,
nike-air-force-1-raw,,,,,,,,,https://cdn.shopify.com/s/files/1/0754/4094/7522/files/Nike-Air-Force-1-RAW-Knickgasm-437.jpg?v=1763931392,5,,,
nike-air-force-1-raw,,,,,,,,,https://cdn.shopify.com/s/files/1/0754/4094/7522/files/Nike-Air-Force-1-RAW-Knickgasm-8613.jpg?v=1763931392,6,,,
nike-air-force-1-x-demon-slayer-2,Demon Slayer x Nike Air Force 1,"Introducing our unique and eye-catching Custom Hand Painted Nike Sneakers! These sneakers are the perfect colorway of style, art, and personalisation, making them a must-have for any sneaker-head or fashion enthusiast. Each pair of Custom Hand Painted Nike Sneakers is meticulously hand crafted by our skilled artists and sneaker designers who colorway their creativity and talent together to every sneaker",Knickgasm,Nike Air force 1,"anime, anime art, anime shoes india, Anime-inspired sneakers, blossom, blue, cherry blossom, custom anime shoes india, custom anime sneaker india, custom nike shoes india, custom nike sneakers, Demon, girl, Nezuko Kamado, Nike, nike air force 1, nike air force 1 white, nike air force anime, nike anime, nike shoes, pink, prepaid, slayer, sword, Tanjiro Kamado",TRUE,158.25,210.99,https://cdn.shopify.com/s/files/1/0754/4094/7522/files/Nike-Air-Force-1-x-Demon-Slayer-Knickgasm-5387.jpg?v=1734418118,1,active,Custom Sneakers,
nike-air-force-1-x-demon-slayer-2,,,,,,,,,https://cdn.shopify.com/s/files/1/0754/4094/7522/files/Nike-Air-Force-1-x-Demon-Slayer-Knickgasm-2167.jpg?v=1734418120,2,,,
nike-air-force-1-x-demon-slayer-2,,,,,,,,,https://cdn.shopify.com/s/files/1/0754/4094/7522/files/Nike-Air-Force-1-x-Demon-Slayer-Knickgasm-4641.jpg?v=1734418121,3,,,
nike-air-force-1-x-demon-slayer-2,,,,,,,,,https://cdn.shopify.com/s/files/1/0754/4094/7522/files/Nike-Air-Force-1-x-Demon-Slayer-Knickgasm-9005.jpg?v=1734418123,4,,,
nike-air-force-1-x-demon-slayer-2,,,,,,,,,https://cdn.shopify.com/s/files/1/0754/4094/7522/files/Nike-Air-Force-1-x-Demon-Slayer-Knickgasm-4760.jpg?v=1734418124,5,,,
nike-air-force-1-x-demon-slayer-1,Zenitsu x Demon Slayer x Nike Air Force 1,"Introducing our unique and eye-catching Custom Hand Painted Nike Sneakers! These sneakers are the perfect colorway of style, art, and personalisation, making them a must-have for any sneaker-head or fashion enthusiast. Each pair of Custom Hand Painted Nike Sneakers is meticulously hand crafted by our skilled artists and sneaker designers who colorway their creativity and talent together to every sneaker",Knickgasm,Nike Air force 1,"anime, anime art, anime shoes india, anime swoosh, Anime-inspired sneakers, custom anime shoes india, custom anime sneaker india, custom nike shoes india, custom nike sneakers, Demon, Nike, nike air force 1, nike air force anime, nike anime, nike shoes, prepaid, slayer, Tanjiro Kamado",TRUE,147.54,196.72,https://cdn.shopify.com/s/files/1/0754/4094/7522/files/Nike-Air-Force-1-x-Demon-Slayer-Knickgasm-5414.jpg?v=1734418112,1,active,Custom Sneakers,
nike-air-force-1-x-demon-slayer-1,,,,,,,,,https://cdn.shopify.com/s/files/1/0754/4094/7522/files/Nike-Air-Force-1-x-Demon-Slayer-Knickgasm-9306.jpg?v=1734418114,2,,,
nike-air-force-1-x-demon-slayer-1,,,,,,,,,https://cdn.shopify.com/s/files/1/0754/4094/7522/files/Nike-Air-Force-1-x-Demon-Slayer-Knickgasm-2852.jpg?v=1734418116,3,,,
nike-air-force-1-x-demon-slayer-1,,,,,,,,,https://cdn.shopify.com/s/files/1/0754/4094/7522/files/Nike-Air-Force-1-x-Demon-Slayer-Knickgasm-7384.jpg?v=1734418117,4,,,
nike-air-force-1-x-naruto-and-sasuke,Naruto x Sasuke x Nike Air Force 1,"Introducing our unique and eye-catching Custom Hand Painted Nike Sneakers! These sneakers are the perfect colorway of style, art, and personalisation, making them a must-have for any sneaker-head or fashion enthusiast. Each pair of Custom Hand Painted Nike Sneakers is meticulously hand crafted by our skilled artists and sneaker designers who colorway their creativity and talent together to every sneaker",Knickgasm,Nike Air force 1,"anime, anime art, anime shoes india, Anime-inspired sneakers, custom anime shoes india, custom anime sneaker india, custom nike shoes india, custom nike sneakers, eyes, fire, flames, naruto, Naruto cosplay shoes, Naruto custom sneakers, naruto eyes, naruto shppuden, naruto swoosh, Naruto Uzumaki, Nike, nike air force 1, nike air force 1 white, nike air force anime, nike anime, nike shoes, prepaid, sasuke, sasuke eyes, Sasuke Uchiha, thunder",TRUE,187.11,249.47,https://cdn.shopify.com/s/files/1/0754/4094/7522/files/Nike-Air-Force-1-x-Naruto-and-Sasuke-Knickgasm-4510.jpg?v=1734418102,1,active,Custom Sneakers,
nike-air-force-1-x-naruto-and-sasuke,,,,,,,,,https://cdn.shopify.com/s/files/1/0754/4094/7522/files/Nike-Air-Force-1-x-Naruto-and-Sasuke-Knickgasm-1615.jpg?v=1734418099,2,,,
nike-air-force-1-x-naruto-and-sasuke,,,,,,,,,https://cdn.shopify.com/s/files/1/0754/4094/7522/files/Nike-Air-Force-1-x-Naruto-and-Sasuke-Knickgasm-2702.jpg?v=1734418098,3,,,
nike-air-force-1-x-naruto-and-sasuke,,,,,,,,,https://cdn.shopify.com/s/files/1/0754/4094/7522/files/Nike-Air-Force-1-x-Naruto-and-Sasuke-Knickgasm-158.jpg?v=1734418101,4,,,
nike-air-force-1-x-virat-kohli,Nike Air Force 1 x Virat Kohli,"Introducing our unique and eye-catching Custom Hand Painted Nike Sneakers! These sneakers are the perfect colorway of style, art, and personalisation, making them a must-have for any sneaker-head or fashion enthusiast. Each pair of Custom Hand Painted Nike Sneakers is meticulously hand crafted by our skilled artists and sneaker designers who colorway their creativity and talent together to every sneaker",Knickgasm,Nike Air force 1,"18, captain, cool custom, cricket, Custom cricket, custom nike shoes india, custom nike sneakers, custom shoes india, goat, india, indian cricket team, king, kohli, Nike, nike air force 1, nike air force 1 white, nike shoes, prepaid, sports, Sportsman, Virat",TRUE,179.62,239.49,https://cdn.shopify.com/s/files/1/0754/4094/7522/files/Nike-Air-Force-1-x-Virat-Kohli-Knickgasm-8916.jpg?v=1734418092,1,active,Custom Sneakers,
nike-air-force-1-x-virat-kohli,,,,,,,,,https://cdn.shopify.com/s/files/1/0754/4094/7522/files/Nike-Air-Force-1-x-Virat-Kohli-Knickgasm-9874.jpg?v=1734418093,2,,,
nike-air-force-1-x-virat-kohli,,,,,,,,,https://cdn.shopify.com/s/files/1/0754/4094/7522/files/Nike-Air-Force-1-x-Virat-Kohli-Knickgasm-3734.jpg?v=1734418095,3,,,
nike-air-force-1-x-virat-kohli,,,,,,,,,https://cdn.shopify.com/s/files/1/0754/4094/7522/files/Nike-Air-Force-1-x-Virat-Kohli-Knickgasm-1833.jpg?v=1734418096,4,,,
nike-air-force-1-x-bling-safire-dragon,Crystal Sapphire Dragon x Nike Air Force 1,"Introducing our unique and eye-catching Custom Hand Painted Nike Sneakers! These sneakers are the perfect colorway of style, art, and personalisation, making them a must-have for any sneaker-head or fashion enthusiast. Each pair of Custom Hand Painted Nike Sneakers is meticulously hand crafted by our skilled artists and sneaker designers who colorway their creativity and talent together to every sneaker",Knickgasm,Nike Air force 1,"Bling, bling dragon, blue dragon, custom nike shoes india, custom nike sneakers, dragon, Nike, nike air force 1, nike air force 1 white, nike shoes, prepaid, Safire, sapphire blue dragon, sapphire dragon, Shine, Stones",TRUE,191.81,255.74,https://cdn.shopify.com/s/files/1/0754/4094/7522/files/Nike-Air-Force-1-x-Bling-Sapphire-Dragon-Knickgasm-2736.jpg?v=1734418087,1,active,Custom Sneakers,
nike-air-force-1-x-bling-safire-dragon,,,,,,,,,https://cdn.shopify.com/s/files/1/0754/4094/7522/files/Nike-Air-Force-1-x-Bling-Sapphire-Dragon-Knickgasm-5501.jpg?v=1734418089,2,,,
nike-air-force-1-x-bling-safire-dragon,,,,,,,,,https://cdn.shopify.com/s/files/1/0754/4094/7522/files/Nike-Air-Force-1-x-Bling-Sapphire-Dragon-Knickgasm-3755.jpg?v=1734418090,3,,,
juice-wrld-denim-jacket,Denim Jacket - Juice WRLD,"Introducing our unisex hand-painted denim jacket, a wearable work of art that effortlessly merges style and individuality. Crafted with care and attention to detail, each jacket in this collection is hand-painted by skilled artisans, making it a truly unique and expressive piece. The intricate and captivating artwork adorning the jacket showcases a colorway of bold colors, mesmerizing patterns, and c",Knickgasm,Denim Jackets,"black, Clothing, concert, custom jackets, denim, Denim jackets, jacket, juice, juice world, legend, music, pop, Pop singer, prepaid, rapper, Singer, wrld",TRUE,64.35,85.81,https://cdn.shopify.com/s/files/1/0754/4094/7522/files/Denim-Jacket-Juice-WRLD-Knickgasm-6700.jpg?v=1734418082,1,active,Custom Sneakers,
juice-wrld-denim-jacket,,,,,,,,,https://cdn.shopify.com/s/files/1/0754/4094/7522/files/Denim-Jacket-Juice-WRLD-Knickgasm-940.jpg?v=1734418084,2,,,
juice-wrld-denim-jacket,,,,,,,,,https://cdn.shopify.com/s/files/1/0754/4094/7522/files/Denim-Jacket-Juice-WRLD-Knickgasm-5231.jpg?v=1734418085,3,,,
pop-smoke-denim-jacket,Pop Smoke Denim Jacket,"Introducing our unisex hand-painted denim jacket, a wearable work of art that effortlessly merges style and individuality. Crafted with care and attention to detail, each jacket in this collection is hand-painted by skilled artisans, making it a truly unique and expressive piece. The intricate and captivating artwork adorning the jacket showcases a colorway of bold colors, mesmerizing patterns, and c",Knickgasm,Denim Jackets,"aim, black, Clothing, Custom jacket, custom jackets, denim, Denim jackets, moon, music, pop, prepaid, shoot, smoke",TRUE,64.35,85.81,https://cdn.shopify.com/s/files/1/0754/4094/7522/files/Pop-Smoke-Denim-Jacket-Knickgasm-2790.jpg?v=1734418078,1,active,Custom Sneakers,
pop-smoke-denim-jacket,,,,,,,,,https://cdn.shopify.com/s/files/1/0754/4094/7522/files/Pop-Smoke-Denim-Jacket-Knickgasm-6249.jpg?v=1734418079,2,,,
pop-smoke-denim-jacket,,,,,,,,,https://cdn.shopify.com/s/files/1/0754/4094/7522/files/Pop-Smoke-Denim-Jacket-Knickgasm-7286.jpg?v=1734418081,3,,,
travis-scott-denim-jacket,Travis Scott Denim Jacket,"Introducing our unisex hand-painted Travis Scott denim jacket, a wearable work of art that effortlessly merges style and individuality. Crafted with care and attention to detail, each jacket in this collection is hand-painted by skilled artisans, making it a truly unique and expressive piece. The intricate and captivating artwork adorning the jacket showcases a colorway of bold colors, mesmerizing pa",Knickgasm,Denim Jackets,"black, can, Clothing, custom jackets, denim, Denim jackets, fly, here, I, jacket, look, music, prepaid, scott, travis, wish, you",TRUE,64.35,85.81,https://cdn.shopify.com/s/files/1/0754/4094/7522/files/Travis-Scott-Denim-Jacket-Knickgasm-1941.jpg?v=1734418073,1,active,Custom Sneakers,
travis-scott-denim-jacket,,,,,,,,,https://cdn.shopify.com/s/files/1/0754/4094/7522/files/Travis-Scott-Denim-Jacket-Knickgasm-5997.jpg?v=1734418074,2,,,
travis-scott-denim-jacket,,,,,,,,,https://cdn.shopify.com/s/files/1/0754/4094/7522/files/Travis-Scott-Denim-Jacket-Knickgasm-236.jpg?v=1734418076,3,,,
nike-air-force-1-x-astro-drip,Astro Drip x Nike Air Force 1,"The Nike Air Force 1 x Astro Drip combines iconic design with a fresh, custom aesthetic. Crafted for durability and comfort, this collaboration features unique detailing that elevates the classic silhouette. Ideal for collectors and enthusiasts seeking a standout sneaker that merges style with performance. Made on 100% Original Nike sneakers , our custom hand painted designs are durable and long-l",Knickgasm,Nike Air force 1,"astro, astronaut, best seller, black drip, black swoosh, custom nike shoes india, custom nike sneakers, drip, drips, neon, Nike, nike air force 1, nike air force 1 white, nike black, nike shoes, prepaid, space, thunder",TRUE,147.54,196.72,https://cdn.shopify.com/s/files/1/0754/4094/7522/files/Nike-Air-Force-1-x-Astro-Drip-Knickgasm-2129.jpg?v=1751278385,1,active,Custom Sneakers,
nike-air-force-1-x-astro-drip,,,,,,,,,https://cdn.shopify.com/s/files/1/0754/4094/7522/files/Nike-Air-Force-1-x-Astro-Drip-Knickgasm-6985.jpg?v=1734418066,2,,,
nike-air-force-1-x-astro-drip,,,,,,,,,https://cdn.shopify.com/s/files/1/0754/4094/7522/files/Nike-Air-Force-1-x-Astro-Drip-Knickgasm-5363.jpg?v=1734418068,3,,,
nike-air-force-1-x-astro-drip,,,,,,,,,https://cdn.shopify.com/s/files/1/0754/4094/7522/files/Nike-Air-Force-1-x-Astro-Drip-Knickgasm-9276.jpg?v=1734418069,4,,,
nike-air-force-1-x-jujutsu-kaisen-1,Jujutsu Kaisen x Nike Air Force 1,"Introducing our unique and eye-catching Custom Hand Painted Nike Sneakers! These sneakers are the perfect colorway of style, art, and personalisation, making them a must-have for any sneaker-head or fashion enthusiast. Made on 100% Original Nike sneakers , the paints which we use are highly durable and long lasting. We use high quality paints for all our designs. Enjoy the enduring elegance of Knickg",Knickgasm,Nike Air force 1,"anime, anime art, anime shoes india, Anime-inspired sneakers, Black af1 India, custom anime shoes india, custom anime sneaker india, Gojo, Jjk, Jujutsu, kaisen, Megumi Fushiguro, Nike, nike air force 1, Nike Air Force 1 black, nike air force anime, nike air force1 black, nike anime, nike black, nike black shoes, nike shoes, Nobara Kugisak, prepaid, satoro, Yuji Itadori",TRUE,179.62,239.49,https://cdn.shopify.com/s/files/1/0754/4094/7522/files/Nike-Air-Force-1-x-jujutsu-Kaisen-Knickgasm-580.jpg?v=1734418060,1,active,Custom Sneakers,
nike-air-force-1-x-jujutsu-kaisen-1,,,,,,,,,https://cdn.shopify.com/s/files/1/0754/4094/7522/files/Nike-Air-Force-1-x-jujutsu-Kaisen-Knickgasm-2849.jpg?v=1734418061,2,,,
nike-air-force-1-x-jujutsu-kaisen-1,,,,,,,,,https://cdn.shopify.com/s/files/1/0754/4094/7522/files/Nike-Air-Force-1-x-jujutsu-Kaisen-Knickgasm-5557.jpg?v=1734418063,3,,,
nike-air-force-1-x-jujutsu-kaisen-1,,,,,,,,,https://cdn.shopify.com/s/files/1/0754/4094/7522/files/Nike-Air-Force-1-x-jujutsu-Kaisen-Knickgasm-857.jpg?v=1734418065,4,,,
nike-air-force-1-x-cyber-dragon,Nike Air Force 1 x Cyber Dragon,"Introducing our unique and eye-catching Custom Hand Painted Nike Sneakers! These sneakers are the perfect colorway of style, art, and personalisation, making them a must-have for any sneaker-head or fashion enthusiast. Each pair of Custom Hand Painted Nike Sneakers is meticulously hand crafted by our skilled artists and sneaker designers who colorway their creativity and talent together to every sneaker",Knickgasm,Nike Air force 1,"black, black dragon, black swoosh, chinese, cyber, dragon, japanese, prepaid, sapphire dragon, swoosh",TRUE,147.54,196.72,https://cdn.shopify.com/s/files/1/0754/4094/7522/files/Nike-Air-Force-1-x-Cyber-Dragon-Knickgasm-2482.jpg?v=1734418054,1,active,Custom Sneakers,
nike-air-force-1-x-cyber-dragon,,,,,,,,,https://cdn.shopify.com/s/files/1/0754/4094/7522/files/Nike-Air-Force-1-x-Cyber-Dragon-Knickgasm-7181.jpg?v=1734418055,2,,,
nike-air-force-1-x-cyber-dragon,,,,,,,,,https://cdn.shopify.com/s/files/1/0754/4094/7522/files/Nike-Air-Force-1-x-Cyber-Dragon-Knickgasm-7390.jpg?v=1734418057,3,,,
nike-air-force-1-x-cyber-dragon,,,,,,,,,https://cdn.shopify.com/s/files/1/0754/4094/7522/files/Nike-Air-Force-1-x-Cyber-Dragon-Knickgasm-6428.jpg?v=1734418058,4,,,
nike-air-force-1-black-x-michael-jordan,Nike Air Force 1 x Michael Jordan,"Introducing our unique and eye-catching Custom Hand Painted Nike Sneakers! These sneakers are the perfect colorway of style, art, and personalisation, making them a must-have for any sneaker-head or fashion enthusiast. Each pair of Custom Hand Painted Nike Sneakers is meticulously hand crafted by our skilled artists and sneaker designers who colorway their creativity and talent together to every sneaker",Knickgasm,Nike Air force 1,"23, basketball, custom nike shoes india, custom nike sneakers, Jordan, Michael, NBA, Nike, nike air force 1, nike air force1 black, nike black, nike black shoes, nike shoes, prepaid, sports",TRUE,211.70,282.26,https://cdn.shopify.com/s/files/1/0754/4094/7522/files/Nike-Air-Force-1-x-Michael-Jordan-Knickgasm-8786.jpg?v=1734418050,1,active,Custom Sneakers,
nike-air-force-1-black-x-michael-jordan,,,,,,,,,https://cdn.shopify.com/s/files/1/0754/4094/7522/files/Nike-Air-Force-1-x-Michael-Jordan-Knickgasm-4971.jpg?v=1734418052,2,,,
nike-air-force-1-x-fire-and-water,Fire x Water x Nike Air Force 1,"The Nike Air Force 1 x Fire and Water custom edition colorways iconic design with bold, elemental inspiration. Featuring premium materials and a unique colorway that symbolises the dynamic contrast of fire and water, this sneaker offers both style and durability. Expertly crafted for comfort and performance, it stands out as a statement piece for collectors and enthusiasts alike. Perfect for those se",Knickgasm,Nike Air force 1,"custom nike shoes india, custom nike sneakers, featured, fire, Nike, nike air force 1, nike air force 1 white, nike shoes, prepaid, swoosh, water",TRUE,136.86,182.47,https://cdn.shopify.com/s/files/1/0754/4094/7522/files/Nike-Air-Force-1-x-Fire-and-Water-Knickgasm-1804.jpg?v=1734418048,1,active,Custom Sneakers,
nike-air-force-1-x-fire-and-water,,,,,,,,,https://cdn.shopify.com/s/files/1/0754/4094/7522/files/Nike-Air-Force-1-x-Fire-and-Water-Knickgasm-1355.jpg?v=1734418047,2,,,
nike-air-force-1-x-glitch,Glitch x Nike Air Force 1,"Introducing our unique and eye-catching Custom Hand Painted Nike Sneakers! These sneakers are the perfect colorway of style, art, and personalisation, making them a must-have for any sneaker-head or fashion enthusiast. Each pair of Custom Hand Painted Nike Sneakers is meticulously hand crafted by our skilled artists and sneaker designers who colorway their creativity and talent together to every sneaker",Knickgasm,Nike Air force 1,"black, Black & White, black swoosh, custom nike shoes india, custom nike sneakers, Glitch, illusion, matrix, Nike, nike air force 1, nike air force 1 white, nike air force1 black, nike black, nike black shoes, nike shoes, prepaid, swoosh",TRUE,143.28,191.04,https://cdn.shopify.com/s/files/1/0754/4094/7522/files/Nike-Air-Force-1-x-Glitch-Knickgasm-1183.jpg?v=1734418039,1,active,Custom Sneakers,
nike-air-force-1-x-glitch,,,,,,,,,https://cdn.shopify.com/s/files/1/0754/4094/7522/files/Nike-Air-Force-1-x-Glitch-Knickgasm-1905.jpg?v=1734418040,2,,,
nike-air-force-1-x-glitch,,,,,,,,,https://cdn.shopify.com/s/files/1/0754/4094/7522/files/Nike-Air-Force-1-x-Glitch-Knickgasm-5219.jpg?v=1734418042,3,,,
nike-air-force-1-x-glitch,,,,,,,,,https://cdn.shopify.com/s/files/1/0754/4094/7522/files/Nike-Air-Force-1-x-Glitch-Knickgasm-7521.jpg?v=1734418044,4,,,
nike-air-force-1-x-glitch,,,,,,,,,https://cdn.shopify.com/s/files/1/0754/4094/7522/files/Nike-Air-Force-1-x-Glitch-Knickgasm-2857.jpg?v=1734418046,5,,,
nike-air-force-1-x-caramel-pastel,Nike Air Force 1 x Caramel Pastel,"Introducing our unique and eye-catching Custom Hand Painted Nike Sneakers! These sneakers are the perfect colorway of style, art, and personalisation, making them a must-have for any sneaker-head or fashion enthusiast. Each pair of Custom Hand Painted Nike Sneakers is meticulously hand crafted by our skilled artists and sneaker designers who colorway their creativity and talent together to every sneaker",Knickgasm,Nike Air force 1,"beige, brown, caramel, caramel pastel, custom nike shoes india, custom nike sneakers, Nike, nike air force 1, nike air force 1 white, nike pastel, nike shoes, pastel, pastel nike, pastels, prepaid",TRUE,141.14,188.18,https://cdn.shopify.com/s/files/1/0754/4094/7522/files/Nike-Air-Force-1-x-Caramel-Pastel-Knickgasm-7118.jpg?v=1734418027,1,active,Custom Sneakers,
nike-air-force-1-x-caramel-pastel,,,,,,,,,https://cdn.shopify.com/s/files/1/0754/4094/7522/files/Nike-Air-Force-1-x-Caramel-Pastel-Knickgasm-1179.jpg?v=1734418029,2,,,
nike-air-force-1-x-caramel-pastel,,,,,,,,,https://cdn.shopify.com/s/files/1/0754/4094/7522/files/Nike-Air-Force-1-x-Caramel-Pastel-Knickgasm-6355.jpg?v=1734418030,3,,,
nike-air-force-1-x-caramel-pastel,,,,,,,,,https://cdn.shopify.com/s/files/1/0754/4094/7522/files/Nike-Air-Force-1-x-Caramel-Pastel-Knickgasm-5052.jpg?v=1734418032,4,,,
nike-air-force-1-x-caramel-pastel,,,,,,,,,https://cdn.shopify.com/s/files/1/0754/4094/7522/files/Nike-Air-Force-1-x-Caramel-Pastel-Knickgasm-6958.jpg?v=1734418033,5,,,
nike-air-force-1-x-one-piece-3,Luffy x Shanks x Ace x Law x One Piece x Nike Air Force 1,"Introducing our unique and eye-catching Custom Hand Painted Nike Sneakers! These sneakers are the perfect colorway of style, art, and personalisation, making them a must-have for any sneaker-head or fashion enthusiast. Each pair of Custom Hand Painted Nike Sneakers is meticulously hand crafted by our skilled artists and sneaker designers in India who colorway their creativity and talent together to ever",Knickgasm,Nike Air force 1,"ace, anime, anime art, anime shoes india, Anime-inspired sneakers, custom anime shoes india, custom anime sneaker india, japanese, luffy, nike air force anime, nike anime, one, one piece, one piece custom, one piece custom sneaker, pirate, prepaid, zoro",TRUE,179.62,239.49,https://cdn.shopify.com/s/files/1/0754/4094/7522/files/Nike-Air-Force-1-x-One-Piece-Knickgasm-8519.jpg?v=1734418021,1,active,Custom Sneakers,
nike-air-force-1-x-one-piece-3,,,,,,,,,https://cdn.shopify.com/s/files/1/0754/4094/7522/files/Nike-Air-Force-1-x-One-Piece-Knickgasm-4245.jpg?v=1734418023,2,,,
nike-air-force-1-x-one-piece-3,,,,,,,,,https://cdn.shopify.com/s/files/1/0754/4094/7522/files/Nike-Air-Force-1-x-One-Piece-Knickgasm-260.jpg?v=1734418024,3,,,
nike-air-force-1-x-one-piece-3,,,,,,,,,https://cdn.shopify.com/s/files/1/0754/4094/7522/files/Nike-Air-Force-1-x-One-Piece-Knickgasm-6834.jpg?v=1734418026,4,,,
nike-air-force-1-x-dragon-ball-z-1,Nike Air Force 1 x Goku Uktra Instinct Dragon Ball Z,"Introducing our unique and eye-catching Custom Hand Painted Nike Sneakers! These sneakers are the perfect colorway of style, art, and personalisation, making them a must-have for any sneaker-head or fashion enthusiast. Each pair of Custom Hand Painted Nike Sneakers is meticulously hand crafted by our skilled artists and sneaker designers who colorway their creativity and talent together to every sneaker",Knickgasm,Nike Air force 1,"anime, anime art, anime shoes india, Anime-inspired sneakers, ball z, custom anime shoes india, custom anime sneaker india, custom nike shoes india, custom nike sneakers, dragon, dragon ball z, goku, Mui goku, Nike, nike air force 1, nike air force 1 white, nike air force anime, nike anime, nike shoes, prepaid, super, super instict, Ultra instinct, vegeta",TRUE,147.54,196.72,https://cdn.shopify.com/s/files/1/0754/4094/7522/files/Nike-Air-Force-1-x-Goku-Uktra-Instinct-Dragon-Ball-Z-Knickgasm-4318.jpg?v=1734418017,1,active,Custom Sneakers,
nike-air-force-1-x-dragon-ball-z-1,,,,,,,,,https://cdn.shopify.com/s/files/1/0754/4094/7522/files/Nike-Air-Force-1-x-Goku-Uktra-Instinct-Dragon-Ball-Z-Knickgasm-6791.jpg?v=1734418018,2,,,
nike-air-force-1-x-dragon-ball-z-1,,,,,,,,,https://cdn.shopify.com/s/files/1/0754/4094/7522/files/Nike-Air-Force-1-x-Goku-Uktra-Instinct-Dragon-Ball-Z-Knickgasm-24.jpg?v=1734418020,3,,,
nike-air-force-1-x-cinema,Nike Air Force 1 x Cinema,"Introducing our unique and eye-catching Custom Hand Painted Nike Sneakers! These sneakers are the perfect colorway of style, art, and personalisation, making them a must-have for any sneaker-head or fashion enthusiast. Each pair of Custom Hand Painted Nike Sneakers is meticulously hand crafted by our skilled artists and sneaker designers who colorway their creativity and talent together to every sneaker",Knickgasm,Nike Air force 1,"black, Black & White, Cinema, custom nike shoes india, custom nike sneakers, doodle, doodles, media, Movie, Nike, nike air force 1, nike air force 1 white, nike shoes, popcorn, prepaid, telvision, theatre, tv",TRUE,204.59,272.79,https://cdn.shopify.com/s/files/1/0754/4094/7522/files/Nike-Air-Force-1-x-Cinema-Knickgasm-4938.jpg?v=1734418011,1,active,Custom Sneakers,
nike-air-force-1-x-cinema,,,,,,,,,https://cdn.shopify.com/s/files/1/0754/4094/7522/files/Nike-Air-Force-1-x-Cinema-Knickgasm-4236.jpg?v=1734418012,2,,,
nike-air-force-1-x-cinema,,,,,,,,,https://cdn.shopify.com/s/files/1/0754/4094/7522/files/Nike-Air-Force-1-x-Cinema-Knickgasm-3798.jpg?v=1734418014,3,,,
nike-air-force-1-x-cinema,,,,,,,,,https://cdn.shopify.com/s/files/1/0754/4094/7522/files/Nike-Air-Force-1-x-Cinema-Knickgasm-6209.jpg?v=1734418015,4,,,
nike-air-force-1-x-dragon-ball-z,Dragon ball Z x Nike Air Force 1,"Introducing our unique and eye-catching Custom Hand Painted Nike Sneakers! These sneakers are the perfect colorway of style, art, and personalisation, making them a must-have for any sneaker-head or fashion enthusiast. Each pair of Custom Hand Painted Nike Sneakers is meticulously hand crafted by our skilled artists and sneaker designers who colorway their creativity and talent together to every sneaker",Knickgasm,Nike Air force 1,"anime, anime art, anime shoes india, Anime-inspired sneakers, custom anime shoes india, custom anime sneaker india, custom nike shoes india, custom nike sneakers, dragon, dragon ball z, Frieza, goku, Nike, nike air force 1, nike air force 1 white, nike air force anime, nike anime, nike shoes, prepaid, Trunks, vegeta",TRUE,147.54,196.72,https://cdn.shopify.com/s/files/1/0754/4094/7522/files/Nike-Air-Force-1-x-Dragon-ball-Z-Knickgasm-4411.jpg?v=1734417997,1,active,Custom Sneakers,
nike-air-force-1-x-dragon-ball-z,,,,,,,,,https://cdn.shopify.com/s/files/1/0754/4094/7522/files/Nike-Air-Force-1-x-Dragon-ball-Z-Knickgasm-5759.jpg?v=1734417999,2,,,
nike-air-force-1-x-dragon-ball-z,,,,,,,,,https://cdn.shopify.com/s/files/1/0754/4094/7522/files/Nike-Air-Force-1-x-Dragon-ball-Z-Knickgasm-5621.jpg?v=1734418000,3,,,
nike-air-force-1-x-dragon-ball-z,,,,,,,,,https://cdn.shopify.com/s/files/1/0754/4094/7522/files/Nike-Air-Force-1-x-Dragon-ball-Z-Knickgasm-4656.jpg?v=1734418002,4,,,
nike-air-force-1-x-jujutsu-kaisen,Nike Air Force 1 x Jujutsu Kaisen,"Introducing our unique and eye-catching Custom Hand Painted Nike Sneakers! These sneakers are the perfect colorway of style, art, and personalisation, making them a must-have for any sneaker-head or fashion enthusiast. Made on 100% Original Nike sneakers , our custom hand painted designs are durable and long-lasting. The high-quality materials used ensure that your sneakers will maintain their vibran",Knickgasm,Nike Air force 1,"Jjk, Jujutsu, kaisen, Megumi Fushiguro, Nobara Kugisak, prepaid, Yuji Itadori",TRUE,147.54,196.72,https://cdn.shopify.com/s/files/1/0754/4094/7522/files/Nike-Air-Force-1-x-Jujutsu-Kaisen-Knickgasm-9124.jpg?v=1734417989,1,active,Custom Sneakers,
nike-air-force-1-x-jujutsu-kaisen,,,,,,,,,https://cdn.shopify.com/s/files/1/0754/4094/7522/files/Nike-Air-Force-1-x-Jujutsu-Kaisen-Knickgasm-5747.jpg?v=1734417991,2,,,
nike-air-force-1-x-jujutsu-kaisen,,,,,,,,,https://cdn.shopify.com/s/files/1/0754/4094/7522/files/Nike-Air-Force-1-x-Jujutsu-Kaisen-Knickgasm-6215.jpg?v=1734417993,3,,,
nike-air-force-1-x-jujutsu-kaisen,,,,,,,,,https://cdn.shopify.com/s/files/1/0754/4094/7522/files/Nike-Air-Force-1-x-Jujutsu-Kaisen-Knickgasm-3911.jpg?v=1734417994,4,,,
nike-air-force-1-x-jujutsu-kaisen,,,,,,,,,https://cdn.shopify.com/s/files/1/0754/4094/7522/files/Nike-Air-Force-1-x-Jujutsu-Kaisen-Knickgasm-6275.jpg?v=1734417996,5,,,
nike-air-force-1-x-sidhu-moose-wala,Nike Air Force 1 x Sidhu Moose wala,"Introducing our unique and eye-catching Custom Hand Painted Nike Sneakers! These sneakers are the perfect colorway of style, art, and personalisation, making them a must-have for any sneaker-head or fashion enthusiast. Each pair of Custom Hand Painted Nike Sneakers is meticulously hand crafted by our skilled artists and sneaker designers who colorway their creativity and talent together to every sneaker",Knickgasm,Nike Air force 1,"295, black, custom nike shoes india, custom nike sneakers, custom shoes india, die, grey, Legends, Moose, never, Nike, nike air force 1, nike air force 1 white, nike shoes, pinjabi, prepaid, Sidhu, wala",TRUE,222.39,296.51,https://cdn.shopify.com/s/files/1/0754/4094/7522/files/Nike-Air-Force-1-x-Sidhu-Moose-wala-Knickgasm-324.jpg?v=1734417981,1,active,Custom Sneakers,
nike-air-force-1-x-sidhu-moose-wala,,,,,,,,,https://cdn.shopify.com/s/files/1/0754/4094/7522/files/Nike-Air-Force-1-x-Sidhu-Moose-wala-Knickgasm-8444.jpg?v=1734417982,2,,,
nike-air-force-1-x-sidhu-moose-wala,,,,,,,,,https://cdn.shopify.com/s/files/1/0754/4094/7522/files/Nike-Air-Force-1-x-Sidhu-Moose-wala-Knickgasm-2982.jpg?v=1734417984,3,,,
nike-air-force-1-x-sidhu-moose-wala,,,,,,,,,https://cdn.shopify.com/s/files/1/0754/4094/7522/files/Nike-Air-Force-1-x-Sidhu-Moose-wala-Knickgasm-1007.jpg?v=1734417986,4,,,
nike-air-force-1-x-sidhu-moose-wala,,,,,,,,,https://cdn.shopify.com/s/files/1/0754/4094/7522/files/Nike-Air-Force-1-x-Sidhu-Moose-wala-Knickgasm-6989.jpg?v=1734417987,5,,,
nike-court-vision-x-luffy-zoro,Luffy x Zoro x Nike Court Vision,"Introducing our unique and eye-catching Custom Hand Painted Nike Sneakers! These sneakers are the perfect colorway of style, art, and personalisation, making them a must-have for any sneaker-head or fashion enthusiast. Each pair of Custom Hand Painted Nike Sneakers is meticulously hand crafted by our skilled artists and sneaker designers who colorway their creativity and talent together to every sneaker",Knickgasm,Nike Court Vision,"ace, anime, anime art, anime shoes india, anime swoosh, Anime-inspired sneakers, custom anime shoes india, custom anime sneaker india, custom nike shoes india, custom nike sneakers, custom shoes india, luffy, Nike, nike anime, nike court vision, nike shoes, one, one piece, one piece custom, one piece custom sneaker, prepaid, zoro",TRUE,118.97,152.32,https://cdn.shopify.com/s/files/1/0754/4094/7522/files/Nike-Court-Vision-x-Luffy-Zoro-Knickgasm-425.jpg?v=1734417975,1,active,Custom Sneakers,
nike-court-vision-x-luffy-zoro,,,,,,,,,https://cdn.shopify.com/s/files/1/0754/4094/7522/files/Nike-Court-Vision-x-Luffy-Zoro-Knickgasm-3859.jpg?v=1734417976,2,,,
nike-court-vision-x-luffy-zoro,,,,,,,,,https://cdn.shopify.com/s/files/1/0754/4094/7522/files/Nike-Court-Vision-x-Luffy-Zoro-Knickgasm-7046.jpg?v=1734417978,3,,,
nike-court-vision-x-luffy-zoro,,,,,,,,,https://cdn.shopify.com/s/files/1/0754/4094/7522/files/Nike-Court-Vision-x-Luffy-Zoro-Knickgasm-2945.jpg?v=1734417979,4,,,
nike-air-force-1-x-one-piece-2,Luffy x Zoro x One piece x Nike Air Force 1,"Introducing our unique and eye-catching Custom Hand Painted Nike Sneakers! These sneakers are the perfect colorway of style, art, and personalisation, making them a must-have for any sneaker-head or fashion enthusiast. Each pair of Custom Hand Painted Nike Sneakers is meticulously hand crafted by our skilled artists and sneaker designers who colorway their creativity and talent together to every sneaker",Knickgasm,Nike Air force 1,"ace, anime, anime art, Anime eyes, anime shoes india, anime swoosh, Anime-inspired sneakers, custom anime shoes india, custom anime sneaker india, custom nike shoes india, custom nike sneakers, Japanese anime, luffy, Nike, nike air force 1, nike air force 1 white, nike air force anime, nike anime, nike shoes, one, one piece, one piece custom, one piece custom sneaker, prepaid, sword, zoro",TRUE,179.62,239.49,https://cdn.shopify.com/s/files/1/0754/4094/7522/files/Nike-Air-Force-1-x-Luffy-x-Zoro-One-piece-Knickgasm-864.jpg?v=1734417970,1,active,Custom Sneakers,
nike-air-force-1-x-one-piece-2,,,,,,,,,https://cdn.shopify.com/s/files/1/0754/4094/7522/files/Nike-Air-Force-1-x-Luffy-x-Zoro-One-piece-Knickgasm-1835.jpg?v=1734417972,2,,,
nike-air-force-1-x-one-piece-2,,,,,,,,,https://cdn.shopify.com/s/files/1/0754/4094/7522/files/Nike-Air-Force-1-x-Luffy-x-Zoro-One-piece-Knickgasm-1245.jpg?v=1734417973,3,,,
nike-air-force-1-x-bhole-chature,Leopard swoosh x Nike Air Force 1,"🐆 Nike Air Force 1 – Leopard Swoosh Custom Sneakers Hand-Painted | 100% Authentic Nike | Water &amp; Scratch Resistant | Ships Worldwide Unleash your wild side with the Custom Hand-Painted Nike Air Force 1 – Leopard Swoosh Edition, exclusively by Knickgasm. These premium custom sneakers are a bold fusion of streetwear, fashion, and art — handcrafted for sneakerheads who dare to stand out. ✅ Produc",Knickgasm,Nike Air force 1,"animal, bhole, chature, cheetah, custom nike shoes india, custom nike sneakers, govind, influencer, leopard, Nike, nike air force 1, nike air force 1 white, nike shoes, nuts, prepaid, swoosh",TRUE,143.28,191.04,https://cdn.shopify.com/s/files/1/0754/4094/7522/files/0905F3CE-6CC4-44CA-B601-1DE44A9824DE.jpg?v=1773242217,1,active,Custom Sneakers,
nike-air-force-1-x-bhole-chature,,,,,,,,,https://cdn.shopify.com/s/files/1/0754/4094/7522/files/Nike-Air-Force-1-x-Leopard-swoosh-Knickgasm-7560.jpg?v=1773242217,2,,,
nike-air-force-1-x-bhole-chature,,,,,,,,,https://cdn.shopify.com/s/files/1/0754/4094/7522/files/7F38493D-4CB9-4F60-9518-74024FFE8178.jpg?v=1773242217,3,,,
nike-air-force-1-x-bhole-chature,,,,,,,,,https://cdn.shopify.com/s/files/1/0754/4094/7522/files/B2C3CC5B-DAA9-4D3C-97B8-56DCFDF8FE73.jpg?v=1773242217,4,,,
nike-air-force-1-x-justin-mylo,Nike Air Force 1 x Justin Mylo,"Introducing our unique and eye-catching Custom Hand Painted Nike Sneakers! These sneakers are the perfect colorway of style, art, and personalisation, making them a must-have for any sneaker-head or fashion enthusiast. Each pair of Custom Hand Painted Nike Sneakers is meticulously hand crafted by our skilled artists and sneaker designers who colorway their creativity and talent together to every sneaker",Knickgasm,Nike Air force 1,"black drip, colourful, custom nike shoes india, custom nike sneakers, dj, drip, justin, music, mylo, Nike, nike air force 1, nike air force 1 white, nike shoes, prepaid",TRUE,176.41,235.21,https://cdn.shopify.com/s/files/1/0754/4094/7522/files/Nike-Air-Force-1-x-Justin-Mylo-Knickgasm-3023.jpg?v=1734417957,1,active,Custom Sneakers,
nike-air-force-1-x-justin-mylo,,,,,,,,,https://cdn.shopify.com/s/files/1/0754/4094/7522/files/Nike-Air-Force-1-x-Justin-Mylo-Knickgasm-5496.jpg?v=1734417958,2,,,
nike-air-force-1-x-justin-mylo,,,,,,,,,https://cdn.shopify.com/s/files/1/0754/4094/7522/files/Nike-Air-Force-1-x-Justin-Mylo-Knickgasm-8869.jpg?v=1734417960,3,,,
nike-air-force-1-x-justin-mylo,,,,,,,,,https://cdn.shopify.com/s/files/1/0754/4094/7522/files/Nike-Air-Force-1-x-Justin-Mylo-Knickgasm-923.jpg?v=1734417961,4,,,
nike-air-force-1-x-justin-mylo,,,,,,,,,https://cdn.shopify.com/s/files/1/0754/4094/7522/files/Nike-Air-Force-1-x-Justin-Mylo-Knickgasm-2905.jpg?v=1734417963,5,,,
nike-air-force-1-x-doglapan,Nike Air Force 1 x Doglapan,"Introducing our unique and eye-catching Custom Hand Painted Nike Sneakers! These sneakers are the perfect colorway of style, art, and personalisation, making them a must-have for any sneaker-head or fashion enthusiast. Each pair of Custom Hand Painted Nike Sneakers is meticulously hand crafted by our skilled artists and sneaker designers who colorway their creativity and talent together to every sneaker",Knickgasm,Nike Air force 1,"Ashneer, ashneer grover shoes, custom nike shoes india, custom nike sneakers, doglapan, Nike, nike air force 1, nike shark custom, nike shoes, prepaid, shark design, shark tank india, text",TRUE,147.54,196.72,https://cdn.shopify.com/s/files/1/0754/4094/7522/files/Nike-Air-Force-1-x-Doglapan-Knickgasm-6550.jpg?v=1734417951,1,active,Custom Sneakers,
nike-air-force-1-x-doglapan,,,,,,,,,https://cdn.shopify.com/s/files/1/0754/4094/7522/files/Nike-Air-Force-1-x-Doglapan-Knickgasm-6237.jpg?v=1734417952,2,,,
nike-air-force-1-x-doglapan,,,,,,,,,https://cdn.shopify.com/s/files/1/0754/4094/7522/files/Nike-Air-Force-1-x-Doglapan-Knickgasm-6506.jpg?v=1734417954,3,,,
nike-air-force-1-x-doglapan,,,,,,,,,https://cdn.shopify.com/s/files/1/0754/4094/7522/files/Nike-Air-Force-1-x-Doglapan-Knickgasm-8964.jpg?v=1734417955,4,,,
nike-air-force-1-x-candy-pastel,Nike Air Force 1 x Candy,"Introducing our unique and eye-catching Custom Hand Painted Nike Sneakers! These sneakers are the perfect colorway of style, art, and personalisation, making them a must-have for any sneaker-head or fashion enthusiast. Each pair of Custom Hand Painted Nike Sneakers is meticulously hand crafted by our skilled artists and sneaker designers who colorway their creativity and talent together to every sneaker",Knickgasm,Nike Air force 1,"candy, custom nike shoes india, custom nike sneakers, lemon yellow, light blue, Nike, nike air force 1, nike air force 1 white, nike pastel, nike shoes, pastel, pastel nike, pastels, pink pastel, prepaid, yellow",TRUE,141.14,188.18,https://cdn.shopify.com/s/files/1/0754/4094/7522/files/Nike-Air-Force-1-x-Candy-Pastel-Knickgasm-8265.jpg?v=1734417945,1,active,Custom Sneakers,
nike-air-force-1-x-candy-pastel,,,,,,,,,https://cdn.shopify.com/s/files/1/0754/4094/7522/files/Nike-Air-Force-1-x-Candy-Pastel-Knickgasm-6568.jpg?v=1734417946,2,,,
nike-air-force-1-x-candy-pastel,,,,,,,,,https://cdn.shopify.com/s/files/1/0754/4094/7522/files/Nike-Air-Force-1-x-Candy-Pastel-Knickgasm-5939.jpg?v=1734417948,3,,,
nike-air-force-1-x-candy-pastel,,,,,,,,,https://cdn.shopify.com/s/files/1/0754/4094/7522/files/Nike-Air-Force-1-x-Candy-Pastel-Knickgasm-9544.jpg?v=1734417949,4,,,
nike-air-force-1-x-leaves,Nike Air Force 1 x Leaves,"Introducing our unique and eye-catching Custom Hand Painted Nike Sneakers! These sneakers are the perfect colorway of style, art, and personalisation, making them a must-have for any sneaker-head or fashion enthusiast. Made on 100% Original Nike sneakers , our custom hand painted designs are durable and long-lasting. The high-quality materials used ensure that your sneakers will maintain their vibran",Knickgasm,Nike Air force 1,"custom nike shoes india, custom nike sneakers, featured, green, green swoosh, leaves, Nike, nike air force 1, nike air force 1 white, nike shoes, plant, prepaid",TRUE,138.99,185.33,https://cdn.shopify.com/s/files/1/0754/4094/7522/files/Nike-Air-Force-1-x-Leaves-Knickgasm-9784.jpg?v=1734417938,1,active,Custom Sneakers,
nike-air-force-1-x-leaves,,,,,,,,,https://cdn.shopify.com/s/files/1/0754/4094/7522/files/Nike-Air-Force-1-x-Leaves-Knickgasm-9234.jpg?v=1734417940,2,,,
nike-air-force-1-x-leaves,,,,,,,,,https://cdn.shopify.com/s/files/1/0754/4094/7522/files/Nike-Air-Force-1-x-Leaves-Knickgasm-6005.jpg?v=1734417941,3,,,
nike-air-force-1-x-leaves,,,,,,,,,https://cdn.shopify.com/s/files/1/0754/4094/7522/files/Nike-Air-Force-1-x-Leaves-Knickgasm-7235.jpg?v=1734417943,4,,,
nike-air-force-1-x-simpsons,Simpsons x Nike Air Force 1,"Introducing our unique and eye-catching Custom Hand Painted Nike Sneakers! These sneakers are the perfect colorway of style, art, and personalisation, making them a must-have for any sneaker-head or fashion enthusiast. Made on 100% Original Nike sneakers , our custom hand painted designs are durable and long-lasting. The high-quality materials used ensure that your sneakers will maintain their vibran",Knickgasm,Nike Air force 1,"bart, black, black swoosh, custom nike shoes india, custom nike sneakers, homer, Lisa, marge, Nike, nike air force 1, nike air force 1 white, nike shoes, prepaid, simpsons, sleep, the simpson",TRUE,136.86,182.47,https://cdn.shopify.com/s/files/1/0754/4094/7522/files/Nike-Air-Force-1-x-Simpsons-Knickgasm-869.jpg?v=1734417931,1,active,Custom Sneakers,
nike-air-force-1-x-simpsons,,,,,,,,,https://cdn.shopify.com/s/files/1/0754/4094/7522/files/Nike-Air-Force-1-x-Simpsons-Knickgasm-229.jpg?v=1734417933,2,,,
nike-air-force-1-x-simpsons,,,,,,,,,https://cdn.shopify.com/s/files/1/0754/4094/7522/files/Nike-Air-Force-1-x-Simpsons-Knickgasm-1628.jpg?v=1734417935,3,,,
nike-air-force-1-x-simpsons,,,,,,,,,https://cdn.shopify.com/s/files/1/0754/4094/7522/files/Nike-Air-Force-1-x-Simpsons-Knickgasm-2053.jpg?v=1734417937,4,,,
nike-air-force-1-x-butterfly,Nike Air Force 1 x Butterfly,"Introducing our unique and eye-catching Custom Hand Painted Nike Sneakers! These sneakers are the perfect colorway of style, art, and personalisation, making them a must-have for any sneaker-head or fashion enthusiast. Each pair of Custom Hand Painted Nike Sneakers is meticulously hand crafted by our skilled artists and sneaker designers who colorway their creativity and talent together to every sneaker",Knickgasm,Nike Air force 1,"Butterfly, colourful, custom nike shoes india, custom nike sneakers, Nike, nike air force 1, nike air force 1 white, nike butterfly, nike shoes, prepaid",TRUE,136.86,182.47,https://cdn.shopify.com/s/files/1/0754/4094/7522/files/Nike-Air-Force-1-x-Butterfly-Knickgasm-5602.jpg?v=1734417925,1,active,Custom Sneakers,
nike-air-force-1-x-butterfly,,,,,,,,,https://cdn.shopify.com/s/files/1/0754/4094/7522/files/Nike-Air-Force-1-x-Butterfly-Knickgasm-3643.jpg?v=1734417927,2,,,
nike-air-force-1-x-butterfly,,,,,,,,,https://cdn.shopify.com/s/files/1/0754/4094/7522/files/Nike-Air-Force-1-x-Butterfly-Knickgasm-784.jpg?v=1734417928,3,,,
nike-air-force-1-x-butterfly,,,,,,,,,https://cdn.shopify.com/s/files/1/0754/4094/7522/files/Nike-Air-Force-1-x-Butterfly-Knickgasm-571.jpg?v=1734417930,4,,,
nike-air-force-1-x-pink-pastels,Nike Air Force 1 x Valentine’s Pink,"Introducing our unique and eye-catching Custom Hand Painted Nike Sneakers! These sneakers are the perfect colorway of style, art, and personalisation, making them a must-have for any sneaker-head or fashion enthusiast. Each pair of Custom Hand Painted Nike Sneakers is meticulously hand crafted by our skilled artists and sneaker designers who colorway their creativity and talent together to every sneaker",Knickgasm,Nike Air force 1,"custom nike shoes india, custom nike sneakers, Nike, nike air force 1, nike air force 1 white, nike pastel, nike shoes, pastel, pastel nike, pastels, pink, pink pastel, prepaid",TRUE,145.60,194.13,https://cdn.shopify.com/s/files/1/0754/4094/7522/files/Nike-Air-Force-1-x-Valentine-s-Pink-Pastels-Knickgasm-1475.jpg?v=1734417919,1,active,Custom Sneakers,
nike-air-force-1-x-pink-pastels,,,,,,,,,https://cdn.shopify.com/s/files/1/0754/4094/7522/files/Nike-Air-Force-1-x-Valentine-s-Pink-Pastels-Knickgasm-8076.jpg?v=1734417921,2,,,
nike-air-force-1-x-pink-pastels,,,,,,,,,https://cdn.shopify.com/s/files/1/0754/4094/7522/files/Nike-Air-Force-1-x-Valentine-s-Pink-Pastels-Knickgasm-1128.jpg?v=1734417922,3,,,
nike-air-force-1-x-pink-pastels,,,,,,,,,https://cdn.shopify.com/s/files/1/0754/4094/7522/files/Nike-Air-Force-1-x-Valentine-s-Pink-Pastels-Knickgasm-8479.jpg?v=1734417924,4,,,
nike-air-force-1-x-red-hydro-swoosh,Nike Air Force 1 x Red Hydro swoosh,"Introducing our unique and eye-catching Custom Hand Painted Nike Sneakers! These sneakers are the perfect colorway of style, art, and personalisation, making them a must-have for any sneaker-head or fashion enthusiast. Made on 100% Original Nike sneakers , our custom hand painted designs are durable and long-lasting. The high-quality materials used ensure that your sneakers will maintain their vibran",Knickgasm,Nike Air force 1,"custom nike shoes india, custom nike sneakers, hydro, hydro swoosh, Nike, nike air force 1, nike air force 1 white, nike red, nike shoes, prepaid, red, red swoosh, swoosh",TRUE,143.28,191.04,https://cdn.shopify.com/s/files/1/0754/4094/7522/files/Nike-Air-Force-1-x-Red-Hydro-swoosh-Knickgasm-3648.jpg?v=1734788905,1,active,Custom Sneakers,
nike-air-force-1-x-red-hydro-swoosh,,,,,,,,,https://cdn.shopify.com/s/files/1/0754/4094/7522/files/Nike-Air-Force-1-x-Red-Hydro-swoosh-Knickgasm-6238.jpg?v=1734788905,2,,,
nike-air-force-1-x-demon-slayer,Tengen x Tanjiro x Nike Air Force 1,"Introducing our unique and eye-catching Custom Hand Painted Nike Sneakers! These sneakers are the perfect colorway of style, art, and personalisation, making them a must-have for any sneaker-head or fashion enthusiast. Tenzen Uzui x Tanjiro Anime Eyes Custom Demon Slayer Each pair of Custom Hand Painted Nike Sneakers is meticulously hand crafted by our skilled artists and sneaker designers who colorway ",Knickgasm,Nike Air force 1,"anime, anime art, Anime eyes, anime shoes india, anime swoosh, Anime-inspired sneakers, custom anime shoes india, custom anime sneaker india, custom nike shoes india, custom nike sneakers, Demon, eyes, Hashira, Nezuko Kamado, Nike, nike air force 1, nike air force 1 white, nike air force anime, nike anime, nike shoes, prepaid, Shinobu Kocho, slayer, Tanjiro Kamado, Tengen Uzui, Zenitsu Agatsuma",TRUE,147.54,196.72,https://cdn.shopify.com/s/files/1/0754/4094/7522/files/Nike-Air-Force-1-x-Demon-Slayer-Knickgasm-4178.jpg?v=1734417905,1,active,Custom Sneakers,
nike-air-force-1-x-demon-slayer,,,,,,,,,https://cdn.shopify.com/s/files/1/0754/4094/7522/files/Nike-Air-Force-1-x-Demon-Slayer-Knickgasm-4357.jpg?v=1734417906,2,,,
nike-air-force-1-x-demon-slayer,,,,,,,,,https://cdn.shopify.com/s/files/1/0754/4094/7522/files/Nike-Air-Force-1-x-Demon-Slayer-Knickgasm-8552.jpg?v=1734417908,3,,,
nike-air-force-1-x-demon-slayer,,,,,,,,,https://cdn.shopify.com/s/files/1/0754/4094/7522/files/Nike-Air-Force-1-x-Demon-Slayer-Knickgasm-6442.jpg?v=1734417910,4,,,
nike-air-force-1-x-demon-slayer,,,,,,,,,https://cdn.shopify.com/s/files/1/0754/4094/7522/files/Nike-Air-Force-1-x-Demon-Slayer-Knickgasm-8294.jpg?v=1734417911,5,,,
nike-air-force-1-x-demon-slayer,,,,,,,,,https://cdn.shopify.com/s/files/1/0754/4094/7522/files/Nike-Air-Force-1-x-Demon-Slayer-Knickgasm-8487.jpg?v=1734417913,6,,,
nike-air-force-1-x-one-piece-1,Luffy x Zoro x One Piece x Nike Air Force 1,"Introducing our unique and eye-catching Custom Hand Painted Nike Sneakers! These sneakers are the perfect colorway of style, art, and personalisation, making them a must-have for any sneaker-head or fashion enthusiast. Each pair of Custom Hand Painted Nike Sneakers is meticulously hand crafted by our skilled artists and sneaker designers who colorway their creativity and talent together to every sneaker",Knickgasm,Nike Air force 1,"ace, anime, anime art, anime shoes india, Anime-inspired sneakers, custom anime shoes india, custom anime sneaker india, custom nike shoes india, custom nike sneakers, glow, luffy, Nike, nike air force 1, nike air force 1 white, nike air force anime, nike anime, nike shoes, one, one piece, one piece custom, one piece custom sneaker, pirate, prepaid, sword, uv, zoro",TRUE,147.54,196.72,https://cdn.shopify.com/s/files/1/0754/4094/7522/files/Nike-Air-Force-1-x-One-Piece-Knickgasm-304.jpg?v=1734417895,1,active,Custom Sneakers,
nike-air-force-1-x-one-piece-1,,,,,,,,,https://cdn.shopify.com/s/files/1/0754/4094/7522/files/Nike-Air-Force-1-x-One-Piece-Knickgasm-7509.jpg?v=1734417897,2,,,
nike-air-force-1-x-one-piece-1,,,,,,,,,https://cdn.shopify.com/s/files/1/0754/4094/7522/files/Nike-Air-Force-1-x-One-Piece-Knickgasm-9073.jpg?v=1734417898,3,,,
nike-air-force-1-x-one-piece-1,,,,,,,,,https://cdn.shopify.com/s/files/1/0754/4094/7522/files/Nike-Air-Force-1-x-One-Piece-Knickgasm-4725.jpg?v=1734417900,4,,,
nike-air-force-1-x-one-piece-1,,,,,,,,,https://cdn.shopify.com/s/files/1/0754/4094/7522/files/Nike-Air-Force-1-x-One-Piece-Knickgasm-480.jpg?v=1734417901,5,,,
nike-air-force-1-x-one-piece-1,,,,,,,,,https://cdn.shopify.com/s/files/1/0754/4094/7522/files/Nike-Air-Force-1-x-One-Piece-Knickgasm-2707.jpg?v=1734417903,6,,,
nike-air-force-1-x-simpson,Simpsons x Nike Air Force 1,"Introducing our unique and eye-catching Custom Hand Painted Nike Sneakers! These sneakers are the perfect colorway of style, art, and personalisation, making them a must-have for any sneaker-head or fashion enthusiast. Each pair of Custom Hand Painted Nike Sneakers is meticulously hand crafted by our skilled artists and sneaker designers who colorway their creativity and talent together to every sneaker",Knickgasm,Nike Air force 1,"bart, cartoon, cartoons, custom nike shoes india, custom nike sneakers, drip, drips, homer, hypnotise, illusion, Lisa, maggie, marge, Nike, nike air force 1, nike air force 1 white, nike shoes, prepaid, rainbow, simpsons, yellow",TRUE,158.25,210.99,https://cdn.shopify.com/s/files/1/0754/4094/7522/files/Nike-Air-Force-1-x-Simpson-Knickgasm-2930.jpg?v=1734417879,1,active,Custom Sneakers,
nike-air-force-1-x-simpson,,,,,,,,,https://cdn.shopify.com/s/files/1/0754/4094/7522/files/Nike-Air-Force-1-x-Simpson-Knickgasm-6504.jpg?v=1734417881,2,,,
nike-air-force-1-x-simpson,,,,,,,,,https://cdn.shopify.com/s/files/1/0754/4094/7522/files/Nike-Air-Force-1-x-Simpson-Knickgasm-6279.jpg?v=1734417882,3,,,
nike-air-force-1-x-simpson,,,,,,,,,https://cdn.shopify.com/s/files/1/0754/4094/7522/files/Nike-Air-Force-1-x-Simpson-Knickgasm-9105.jpg?v=1734417884,4,,,
nike-air-force-1-x-simpson,,,,,,,,,https://cdn.shopify.com/s/files/1/0754/4094/7522/files/Nike-Air-Force-1-x-Simpson-Knickgasm-3779.jpg?v=1734417886,5,,,
nike-air-force-1-x-cyber,Nike Air Force 1 x Cyber,"Introducing our unique and eye-catching Custom Hand Painted Nike Sneakers! These sneakers are the perfect colorway of style, art, and personalisation, making them a must-have for any sneaker-head or fashion enthusiast. Each pair of Custom Hand Painted Nike Sneakers is meticulously hand crafted by our skilled artists and sneaker designers who colorway their creativity and talent together to every sneaker",Knickgasm,Nike Air force 1,"black, black swoosh, code, custom nike shoes india, custom nike sneakers, cyber, future, grey, Nike, nike air force 1, nike air force 1 white, nike shoes, plus, prepaid",TRUE,144.34,192.46,https://cdn.shopify.com/s/files/1/0754/4094/7522/files/Nike-Air-Force-1-x-Cyber-Knickgasm-4918.jpg?v=1734417875,1,active,Custom Sneakers,
nike-air-force-1-x-cyber,,,,,,,,,https://cdn.shopify.com/s/files/1/0754/4094/7522/files/Nike-Air-Force-1-x-Cyber-Knickgasm-4730.jpg?v=1734417876,2,,,
nike-air-force-1-x-cyber,,,,,,,,,https://cdn.shopify.com/s/files/1/0754/4094/7522/files/Nike-Air-Force-1-x-Cyber-Knickgasm-5231.jpg?v=1734417878,3,,,
nike-air-force-1-x-waffle-ice-cream,Nike Air Force 1 x Waffle Ice Cream,"Introducing our unique and eye-catching Custom Hand Painted Nike Sneakers! These sneakers are the perfect colorway of style, art, and personalisation, making them a must-have for any sneaker-head or fashion enthusiast. Each pair of Custom Hand Painted Nike Sneakers is meticulously hand crafted by our skilled artists and sneaker designers who colorway their creativity and talent together to every sneaker",Knickgasm,Nike Air force 1,"bar, blue, candy, custom nike shoes india, custom nike sneakers, ice cream, Nike, nike air force 1, nike air force 1 white, nike shoes, pink, prepaid, Waffle",TRUE,147.54,196.72,https://cdn.shopify.com/s/files/1/0754/4094/7522/files/Nike-Air-Force-1-x-Waffle-Ice-Cream-Knickgasm-9255.jpg?v=1734417867,1,active,Custom Sneakers,
nike-air-force-1-x-waffle-ice-cream,,,,,,,,,https://cdn.shopify.com/s/files/1/0754/4094/7522/files/Nike-Air-Force-1-x-Waffle-Ice-Cream-Knickgasm-8939.jpg?v=1734417869,2,,,
nike-air-force-1-x-waffle-ice-cream,,,,,,,,,https://cdn.shopify.com/s/files/1/0754/4094/7522/files/Nike-Air-Force-1-x-Waffle-Ice-Cream-Knickgasm-4533.jpg?v=1734417870,3,,,
nike-air-force-1-x-waffle-ice-cream,,,,,,,,,https://cdn.shopify.com/s/files/1/0754/4094/7522/files/Nike-Air-Force-1-x-Waffle-Ice-Cream-Knickgasm-6591.jpg?v=1734417872,4,,,
nike-air-force-1-x-waffle-ice-cream,,,,,,,,,https://cdn.shopify.com/s/files/1/0754/4094/7522/files/Nike-Air-Force-1-x-Waffle-Ice-Cream-Knickgasm-4203.jpg?v=1734417873,5,,,
nike-court-vision-x-pastels-1,Nike Court Vision x Pastels,"Introducing our unique and eye-catching Custom Hand Painted Nike Sneakers! These sneakers are the perfect colorway of style, art, and personalisation, making them a must-have for any sneaker-head or fashion enthusiast. Each pair of Custom Hand Painted Nike Sneakers is meticulously hand crafted by our skilled artists and sneaker designers who colorway their creativity and talent together to every sneaker",Knickgasm,Nike Court Vision,"custom nike shoes india, custom nike sneakers, green, green pastel, Nike, nike court vision, nike pastel, nike shoes, pastel, pastel nike, pastels, pink, prepaid, purple, purple swoosh, voilet",TRUE,107.33,127.77,https://cdn.shopify.com/s/files/1/0754/4094/7522/files/Nike-Court-Vision-x-Pastels-Knickgasm-4276.jpg?v=1734417856,1,active,Custom Sneakers,
nike-court-vision-x-pastels-1,,,,,,,,,https://cdn.shopify.com/s/files/1/0754/4094/7522/files/Nike-Court-Vision-x-Pastels-Knickgasm-5445.jpg?v=1734417858,2,,,
nike-court-vision-x-pastels-1,,,,,,,,,https://cdn.shopify.com/s/files/1/0754/4094/7522/files/Nike-Court-Vision-x-Pastels-Knickgasm-5455.jpg?v=1734417859,3,,,
nike-court-vision-x-pastels-1,,,,,,,,,https://cdn.shopify.com/s/files/1/0754/4094/7522/files/Nike-Court-Vision-x-Pastels-Knickgasm-9099.jpg?v=1734417861,4,,,
nike-air-force-1-x-black-dragon,Black Dragon x Nike Air Force 1,"Introducing our unique and eye-catching Custom Hand Painted Nike Sneakers! These sneakers are the perfect colorway of style, art, and personalisation, making them a must-have for any sneaker-head or fashion enthusiast. Made on 100% Original Nike sneakers , our custom hand painted designs are durable and long-lasting. The high-quality materials used ensure that your sneakers will maintain their vibran",Knickgasm,Nike Air force 1,"animal, black dragon, chinese, custom nike shoes india, custom nike sneakers, dragon, japanese, Minimal, minimalist, monster, Nike, nike air force 1, nike air force 1 white, nike black, nike black shoes, nike shoes, prepaid, sapphire dragon",TRUE,147.54,196.72,https://cdn.shopify.com/s/files/1/0754/4094/7522/files/Nike-Air-Force-1-x-Black-Dragon-Knickgasm-8807.jpg?v=1734417851,1,active,Custom Sneakers,
nike-air-force-1-x-black-dragon,,,,,,,,,https://cdn.shopify.com/s/files/1/0754/4094/7522/files/Nike-Air-Force-1-x-Black-Dragon-Knickgasm-6874.jpg?v=1734417853,2,,,
nike-air-force-1-x-black-dragon,,,,,,,,,https://cdn.shopify.com/s/files/1/0754/4094/7522/files/Nike-Air-Force-1-x-Black-Dragon-Knickgasm-8461.jpg?v=1734417854,3,,,
nike-air-force-1-x-mocha-pastel,Nike Air Force 1 x Mocha,"Introducing our unique and eye-catching Custom Hand Painted Nike Sneakers! These sneakers are the perfect colorway of style, art, and personalisation, making them a must-have for any sneaker-head or fashion enthusiast. Each pair of Custom Hand Painted Nike Sneakers is meticulously hand crafted by our skilled artists and sneaker designers who colorway their creativity and talent together to every sneaker",Knickgasm,Nike Air force 1,"brown, coffee, custom nike shoes india, custom nike sneakers, mocha, Nike, nike air force 1, nike air force 1 white, nike pastel, nike shoes, pastel, pastel nike, pastels, prepaid, yellow",TRUE,145.60,194.13,https://cdn.shopify.com/s/files/1/0754/4094/7522/files/Nike-Air-Force-1-x-Mocha-Pastel-Knickgasm-547.jpg?v=1734417845,1,active,Custom Sneakers,
nike-air-force-1-x-mocha-pastel,,,,,,,,,https://cdn.shopify.com/s/files/1/0754/4094/7522/files/Nike-Air-Force-1-x-Mocha-Pastel-Knickgasm-8502.jpg?v=1734417847,2,,,
nike-air-force-1-x-mocha-pastel,,,,,,,,,https://cdn.shopify.com/s/files/1/0754/4094/7522/files/Nike-Air-Force-1-x-Mocha-Pastel-Knickgasm-537.jpg?v=1734417848,3,,,
nike-air-force-1-x-mocha-pastel,,,,,,,,,https://cdn.shopify.com/s/files/1/0754/4094/7522/files/Nike-Air-Force-1-x-Mocha-Pastel-Knickgasm-4103.jpg?v=1734417850,4,,,
nike-air-force-1-x-black-and-white-drip,Nike Air Force 1 x Black and White Drip,"Introducing our unique and eye-catching Custom Hand Painted Nike Sneakers! These sneakers are the perfect colorway of style, art, and personalization, making them a must-have for any sneaker-head or fashion enthusiast. Each pair of Custom Hand Painted Nike Sneakers is meticulously hand crafted by our skilled artists and sneaker designers who colorway their creativity and talent together to every sneaker",Knickgasm,Nike Air force 1,"Black & White, black drip, black swoosh, custom nike shoes india, custom nike sneakers, drip, drips, drop, droplet, Gradient, Minimal, minimalist, Nike, nike air force 1, nike air force 1 white, nike black, nike shoes, prepaid, swoosh, white, white drip, white shoes",TRUE,136.86,182.47,https://cdn.shopify.com/s/files/1/0754/4094/7522/files/Nike-Air-Force-1-x-Black-and-White-Drip-Knickgasm-4454.jpg?v=1734417835,1,active,Custom Sneakers,
nike-air-force-1-x-black-and-white-drip,,,,,,,,,https://cdn.shopify.com/s/files/1/0754/4094/7522/files/Nike-Air-Force-1-x-Black-and-White-Drip-Knickgasm-7446.jpg?v=1734417833,2,,,
nike-air-force-1-x-black-and-white-drip,,,,,,,,,https://cdn.shopify.com/s/files/1/0754/4094/7522/files/Nike-Air-Force-1-x-Black-and-White-Drip-Knickgasm-1353.jpg?v=1734417837,3,,,
nike-air-force-1-x-drake-x-post-malone,Nike Air Force 1 x Drake x Post Malone,"Introducing our unique and eye-catching Custom Hand Painted Nike Sneakers! These sneakers are the perfect colorway of style, art, and personalization, making them a must-have for any sneaker-head or fashion enthusiast. Each pair of Custom Hand Painted Nike Sneakers is meticulously hand crafted by our skilled artists and sneaker designers who colorway their creativity and talent together to every sneaker",Knickgasm,Nike Air force 1,"album, artist, blinding lights, candy paints, concert, custom nike shoes india, custom nike sneakers, Drake, Drake Custom sneaker, music, Nike, nike air force 1, nike air force 1 white, nike shoes, Post Malone, prepaid",TRUE,149.69,199.59,https://cdn.shopify.com/s/files/1/0754/4094/7522/files/Nike-Air-Force-1-x-Drake-x-Post-Malone-Knickgasm-8757.jpg?v=1734417824,1,active,Custom Sneakers,
nike-air-force-1-x-drake-x-post-malone,,,,,,,,,https://cdn.shopify.com/s/files/1/0754/4094/7522/files/Nike-Air-Force-1-x-Drake-x-Post-Malone-Knickgasm-7790.jpg?v=1734417826,2,,,
nike-air-force-1-x-drake-x-post-malone,,,,,,,,,https://cdn.shopify.com/s/files/1/0754/4094/7522/files/Nike-Air-Force-1-x-Drake-x-Post-Malone-Knickgasm-9598.jpg?v=1734417827,3,,,
nike-air-force-1-x-drake-x-post-malone,,,,,,,,,https://cdn.shopify.com/s/files/1/0754/4094/7522/files/Nike-Air-Force-1-x-Drake-x-Post-Malone-Knickgasm-7491.jpg?v=1734417829,4,,,
nike-air-force-1-x-drake-x-post-malone,,,,,,,,,https://cdn.shopify.com/s/files/1/0754/4094/7522/files/Nike-Air-Force-1-x-Drake-x-Post-Malone-Knickgasm-9008.jpg?v=1734417830,5,,,
nike-air-force-1-x-drake-x-post-malone,,,,,,,,,https://cdn.shopify.com/s/files/1/0754/4094/7522/files/Nike-Air-Force-1-x-Drake-x-Post-Malone-Knickgasm-7094.jpg?v=1734417832,6,,,
nike-court-vision-x-harry-styles-1,Nike Court Vision x Harry Styles,"Introducing our unique and eye-catching Custom Hand Painted Nike Sneakers! These sneakers are the perfect colorway of style, art, and personalization, making them a must-have for any sneaker-head or fashion enthusiast. Each pair of Custom Hand Painted Nike Sneakers is meticulously hand crafted by our skilled artists and sneaker designers who colorway their creativity and talent together to every sneaker",Knickgasm,Nike Court Vision,"album, alright, blue, Custom Harry Styles sneakers, custom nike shoes india, custom nike sneakers, golden, harry, harry styles, Harry Styles fan gear, high, hour, music, Nike, nike blue, nike court vision, nike court vision blue, nike shoes, pink, prepaid, sugar, watermelon",TRUE,115.87,137.93,https://cdn.shopify.com/s/files/1/0754/4094/7522/files/Nike-Court-Vision-x-Harry-Styles-Knickgasm-8609.jpg?v=1734417816,1,active,Custom Sneakers,
nike-court-vision-x-harry-styles-1,,,,,,,,,https://cdn.shopify.com/s/files/1/0754/4094/7522/files/Nike-Court-Vision-x-Harry-Styles-Knickgasm-2590.jpg?v=1734417818,2,,,
nike-court-vision-x-harry-styles-1,,,,,,,,,https://cdn.shopify.com/s/files/1/0754/4094/7522/files/Nike-Court-Vision-x-Harry-Styles-Knickgasm-2964.jpg?v=1734417819,3,,,
nike-court-vision-x-harry-styles-1,,,,,,,,,https://cdn.shopify.com/s/files/1/0754/4094/7522/files/Nike-Court-Vision-x-Harry-Styles-Knickgasm-4605.jpg?v=1734417821,4,,,
nike-court-vision-x-harry-styles-1,,,,,,,,,https://cdn.shopify.com/s/files/1/0754/4094/7522/files/Nike-Court-Vision-x-Harry-Styles-Knickgasm-65.jpg?v=1734417822,5,,,
nike-court-vision-x-black-clover,Nike Court Vision x Black Clover,"Introducing our unique and eye-catching Custom Hand Painted Nike Sneakers! These sneakers are the perfect colorway of style, art, and personalisation, making them a must-have for any sneaker-head or fashion enthusiast. Each pair of Custom Hand Painted Nike Sneakers is meticulously hand crafted by our skilled artists and sneaker designers who colorway their creativity and talent together to every sneaker",Knickgasm,Nike Court Vision,"anime, anime art, anime shoes india, Anime-inspired sneakers, Asta, black, black clover, clover, custom anime shoes india, custom anime sneaker india, custom nike shoes india, custom nike sneakers, dc, Nike, nike anime, nike court vision, nike shoes, Noelle, prepaid, sword, yami, Yuno",TRUE,115.87,137.93,https://cdn.shopify.com/s/files/1/0754/4094/7522/files/Nike-Court-Vision-x-Black-Clover-Knickgasm-8046.jpg?v=1734417807,1,active,Custom Sneakers,
nike-court-vision-x-black-clover,,,,,,,,,https://cdn.shopify.com/s/files/1/0754/4094/7522/files/Nike-Court-Vision-x-Black-Clover-Knickgasm-2084.jpg?v=1734417809,2,,,
nike-court-vision-x-black-clover,,,,,,,,,https://cdn.shopify.com/s/files/1/0754/4094/7522/files/Nike-Court-Vision-x-Black-Clover-Knickgasm-5131.jpg?v=1734417810,3,,,
nike-court-vision-x-black-clover,,,,,,,,,https://cdn.shopify.com/s/files/1/0754/4094/7522/files/Nike-Court-Vision-x-Black-Clover-Knickgasm-5239.jpg?v=1734417812,4,,,
nike-court-vision-x-black-clover,,,,,,,,,https://cdn.shopify.com/s/files/1/0754/4094/7522/files/Nike-Court-Vision-x-Black-Clover-Knickgasm-6177.jpg?v=1734417813,5,,,
nike-court-vision-x-black-clover,,,,,,,,,https://cdn.shopify.com/s/files/1/0754/4094/7522/files/Nike-Court-Vision-x-Black-Clover-Knickgasm-3612.jpg?v=1734417815,6,,,
nike-court-vision-x-cartoon-1,Nike Court Vision x Cartoon,"Introducing our unique and eye-catching Custom Hand Painted Nike Sneakers! These sneakers are the perfect colorway of style, art, and personalisation, making them a must-have for any sneaker-head or fashion enthusiast. Each pair of Custom Hand Painted Nike Sneakers is meticulously hand crafted by our skilled artists and sneaker designers who colorway their creativity and talent together to every sneaker",Knickgasm,Nike Court Vision,"black drip, cartoon, cartoons, custom nike shoes india, custom nike sneakers, drip, drips, drop, droplet, Nike, nike court vision, nike court vision black, nike shoes, prepaid",TRUE,107.33,127.77,https://cdn.shopify.com/s/files/1/0754/4094/7522/files/Nike-Court-Vision-x-Cartoon-Knickgasm-3104.jpg?v=1734417798,1,active,Custom Sneakers,
nike-court-vision-x-cartoon-1,,,,,,,,,https://cdn.shopify.com/s/files/1/0754/4094/7522/files/Nike-Court-Vision-x-Cartoon-Knickgasm-6639.jpg?v=1734417800,2,,,
nike-court-vision-x-cartoon-1,,,,,,,,,https://cdn.shopify.com/s/files/1/0754/4094/7522/files/Nike-Court-Vision-x-Cartoon-Knickgasm-3333.jpg?v=1734417801,3,,,
nike-court-vision-x-cartoon-1,,,,,,,,,https://cdn.shopify.com/s/files/1/0754/4094/7522/files/Nike-Court-Vision-x-Cartoon-Knickgasm-8433.jpg?v=1734417803,4,,,
nike-court-vision-x-cartoon-1,,,,,,,,,https://cdn.shopify.com/s/files/1/0754/4094/7522/files/Nike-Court-Vision-x-Cartoon-Knickgasm-4766.jpg?v=1734417804,5,,,
nike-court-vision-x-cartoon-1,,,,,,,,,https://cdn.shopify.com/s/files/1/0754/4094/7522/files/Nike-Court-Vision-x-Cartoon-Knickgasm-1325.jpg?v=1734417806,6,,,
nike-air-force-1-x-bts,Nike Air Force 1 x BTS,"Introducing our unique and eye-catching Custom Hand Painted Nike Sneakers! These sneakers are the perfect colorway of style, art, and personalisation, making them a must-have for any sneaker-head or fashion enthusiast. Each pair of Custom Hand Painted Nike Sneakers is meticulously hand crafted by our skilled artists and sneaker designers who colorway their creativity and talent together to every sneaker",Knickgasm,Nike Air force 1,"abstract, album, band, Bangtan Boys, BTS, custom nike shoes india, custom nike sneakers, J-Hope, Jimin, Jin, Jungkook, k pop, korean, music, Nike, nike air force 1, nike air force 1 white, nike shoes, prepaid, v",TRUE,153.97,205.28,https://cdn.shopify.com/s/files/1/0754/4094/7522/files/Nike-Air-Force-1-x-BTS-Knickgasm-7831.jpg?v=1734417789,1,active,Custom Sneakers,
nike-air-force-1-x-bts,,,,,,,,,https://cdn.shopify.com/s/files/1/0754/4094/7522/files/Nike-Air-Force-1-x-BTS-Knickgasm-6458.jpg?v=1734417791,2,,,
nike-air-force-1-x-bts,,,,,,,,,https://cdn.shopify.com/s/files/1/0754/4094/7522/files/Nike-Air-Force-1-x-BTS-Knickgasm-7642.jpg?v=1734417792,3,,,
nike-air-force-1-x-bts,,,,,,,,,https://cdn.shopify.com/s/files/1/0754/4094/7522/files/Nike-Air-Force-1-x-BTS-Knickgasm-2469.jpg?v=1734417794,4,,,
nike-air-force-1-x-bts,,,,,,,,,https://cdn.shopify.com/s/files/1/0754/4094/7522/files/Nike-Air-Force-1-x-BTS-Knickgasm-868.jpg?v=1734417795,5,,,
nike-air-force-1-x-bts,,,,,,,,,https://cdn.shopify.com/s/files/1/0754/4094/7522/files/Nike-Air-Force-1-x-BTS-Knickgasm-3235.jpg?v=1734417797,6,,,
nike-court-vision-x-pastel-1,Nike court Vision x Pastel,"Introducing our unique and eye-catching Custom Hand Painted Nike Sneakers! These sneakers are the perfect colorway of style, art, and personalisation, making them a must-have for any sneaker-head or fashion enthusiast. Each pair of Custom Hand Painted Nike Sneakers is meticulously hand crafted by our skilled artists and sneaker designers who colorway their creativity and talent together to every sneaker",Knickgasm,Nike Court Vision,"blue swoosh, custom nike shoes india, custom nike sneakers, lemon yellow, Nike, nike blue, nike court vision, nike court vision blue, nike pastel, nike red, nike shoes, pastel, pastel nike, pastels, pink, prepaid, purple, yellow",TRUE,123.90,147.50,https://cdn.shopify.com/s/files/1/0754/4094/7522/files/Nike-court-Vision-x-Pastel-Knickgasm-8575.jpg?v=1734417783,1,active,Custom Sneakers,
nike-court-vision-x-pastel-1,,,,,,,,,https://cdn.shopify.com/s/files/1/0754/4094/7522/files/Nike-court-Vision-x-Pastel-Knickgasm-5905.jpg?v=1734417785,2,,,
nike-court-vision-x-pastel-1,,,,,,,,,https://cdn.shopify.com/s/files/1/0754/4094/7522/files/Nike-court-Vision-x-Pastel-Knickgasm-9397.jpg?v=1734417786,3,,,
nike-court-vision-x-pastel-1,,,,,,,,,https://cdn.shopify.com/s/files/1/0754/4094/7522/files/Nike-court-Vision-x-Pastel-Knickgasm-1791.jpg?v=1734417788,4,,,
nike-air-force-1-x-lion,Lion x Nike Air Force 1,"Introducing our unique and eye-catching Custom Hand Painted Nike Sneakers! These sneakers are the perfect colorway of style, art, and personalisation, making them a must-have for any sneaker-head or fashion enthusiast. Each pair of Custom Hand Painted Nike Sneakers is meticulously hand crafted by our skilled artists and sneaker designers who colorway their creativity and talent together to every sneaker",Knickgasm,Nike Air force 1,"agasthya shoes, animal, black, blue eyes, custom nike shoes india, custom nike sneakers, eyes, influencer, Lion, Nike, nike air force 1, nike air force 1 white, nike black, nike shoes, prepaid, roar, Tiger",TRUE,147.54,196.72,https://cdn.shopify.com/s/files/1/0754/4094/7522/files/Nike-Air-Force-1-x-Lion-Knickgasm-1140.jpg?v=1734417774,1,active,Custom Sneakers,
nike-air-force-1-x-lion,,,,,,,,,https://cdn.shopify.com/s/files/1/0754/4094/7522/files/Nike-Air-Force-1-x-Lion-Knickgasm-3430.jpg?v=1734417775,2,,,
nike-air-force-1-x-lion,,,,,,,,,https://cdn.shopify.com/s/files/1/0754/4094/7522/files/Nike-Air-Force-1-x-Lion-Knickgasm-2756.jpg?v=1734417777,3,,,
nike-air-force-1-x-lion,,,,,,,,,https://cdn.shopify.com/s/files/1/0754/4094/7522/files/Nike-Air-Force-1-x-Lion-Knickgasm-6560.jpg?v=1734417778,4,,,
nike-air-force-1-x-lion,,,,,,,,,https://cdn.shopify.com/s/files/1/0754/4094/7522/files/Nike-Air-Force-1-x-Lion-Knickgasm-9316.jpg?v=1734417780,5,,,
nike-air-force-1-x-lion,,,,,,,,,https://cdn.shopify.com/s/files/1/0754/4094/7522/files/Nike-Air-Force-1-x-Lion-Knickgasm-3112.jpg?v=1734417781,6,,,
nike-air-force-1-x-dior,Dior Custom x Nike Air Force 1,"Introducing our unique and eye-catching Custom Hand Painted Nike Sneakers! These sneakers are the perfect colorway of style, art, and personalisation, making them a must-have for any sneaker-head or fashion enthusiast. Each pair of Custom Hand Painted Nike Sneakers is meticulously hand crafted by our skilled artists and sneaker designers who colorway their creativity and talent together to every sneaker",Knickgasm,Nike Air force 1,"black, black swoosh, custom nike shoes india, custom nike sneakers, Dior, doir, grey, Nike, nike air force 1, nike air force 1 white, nike black, nike black shoes, nike shoes, prepaid",TRUE,147.54,196.72,https://cdn.shopify.com/s/files/1/0754/4094/7522/files/Nike-Air-Force-1-x-Dior-Knickgasm-6630.jpg?v=1734417764,1,active,Custom Sneakers,
nike-air-force-1-x-dior,,,,,,,,,https://cdn.shopify.com/s/files/1/0754/4094/7522/files/Nike-Air-Force-1-x-Dior-Knickgasm-3869.jpg?v=1734417766,2,,,
nike-air-force-1-x-dior,,,,,,,,,https://cdn.shopify.com/s/files/1/0754/4094/7522/files/Nike-Air-Force-1-x-Dior-Knickgasm-5843.jpg?v=1734417767,3,,,
nike-air-force-1-x-dior,,,,,,,,,https://cdn.shopify.com/s/files/1/0754/4094/7522/files/Nike-Air-Force-1-x-Dior-Knickgasm-2874.jpg?v=1734417769,4,,,
nike-air-force-1-x-dior,,,,,,,,,https://cdn.shopify.com/s/files/1/0754/4094/7522/files/Nike-Air-Force-1-x-Dior-Knickgasm-9928.jpg?v=1734417771,5,,,
nike-air-force-1-x-dior,,,,,,,,,https://cdn.shopify.com/s/files/1/0754/4094/7522/files/Nike-Air-Force-1-x-Dior-Knickgasm-986.jpg?v=1734417772,6,,,
nike-court-vision-mid-x-coffee-mocha,Nike Court Vision Mid x Mocha,"Introducing our unique and eye-catching Custom Hand Painted Nike Sneakers! These sneakers are the perfect colorway of style, art, and personalisation, making them a must-have for any sneaker-head or fashion enthusiast. Each pair of Custom Hand Painted Nike Sneakers is meticulously hand crafted by our skilled artists and sneaker designers who colorway their creativity and talent together to every sneaker",Knickgasm,Nike Court Vision,"brown, coffee, custom nike shoes india, custom nike sneakers, dip, green, green swoosh, mid, mocha, Nike, nike court vision, nike pastel, nike shoes, pastel nike, prepaid, swoosh, teal",TRUE,121.96,145.19,https://cdn.shopify.com/s/files/1/0754/4094/7522/files/Nike-Court-Vision-Mid-x-Mocha-Knickgasm-30.jpg?v=1734417756,1,active,Custom Sneakers,
nike-court-vision-mid-x-coffee-mocha,,,,,,,,,https://cdn.shopify.com/s/files/1/0754/4094/7522/files/Nike-Court-Vision-Mid-x-Mocha-Knickgasm-1023.jpg?v=1734417758,2,,,
nike-court-vision-mid-x-coffee-mocha,,,,,,,,,https://cdn.shopify.com/s/files/1/0754/4094/7522/files/Nike-Court-Vision-Mid-x-Mocha-Knickgasm-7634.jpg?v=1734417760,3,,,
nike-court-vision-mid-x-coffee-mocha,,,,,,,,,https://cdn.shopify.com/s/files/1/0754/4094/7522/files/Nike-Court-Vision-Mid-x-Mocha-Knickgasm-6186.jpg?v=1734417761,4,,,
nike-court-vision-mid-x-coffee-mocha,,,,,,,,,https://cdn.shopify.com/s/files/1/0754/4094/7522/files/Nike-Court-Vision-Mid-x-Mocha-Knickgasm-1190.jpg?v=1734417762,5,,,
converse-x-naruto-2,Converse x Naruto,"Introducing our unique and eye-catching Custom Hand Painted Converse Sneakers! These sneakers are the perfect colorway of style, art, and personalization, making them a must-have for any sneaker-head or fashion enthusiast. Each pair of Custom Hand Painted Converse Sneakers is meticulously hand crafted by our skilled artists and sneaker designers who colorway their creativity and talent together to every",Knickgasm,Converse,"anime, anime art, anime shoes india, Anime-inspired sneakers, Converse, converse all star, converse anime, converse black, converse custom shoes, converse custom shoes India, converse delhi, converse high tops, converse mumbai, custom anime shoes india, custom anime sneaker india, custom converse, naruto, Naruto cosplay shoes, Naruto custom sneakers, naruto shppuden, Naruto Uzumaki, prepaid, Sakura Haruno, sasuke, Sasuke Uchiha",TRUE,127.03,169.37,https://cdn.shopify.com/s/files/1/0754/4094/7522/files/Converse-x-Naruto-Knickgasm-3830.jpg?v=1734417747,1,active,Custom Sneakers,
converse-x-naruto-2,,,,,,,,,https://cdn.shopify.com/s/files/1/0754/4094/7522/files/Converse-x-Naruto-Knickgasm-5696.jpg?v=1734417749,2,,,
converse-x-naruto-2,,,,,,,,,https://cdn.shopify.com/s/files/1/0754/4094/7522/files/Converse-x-Naruto-Knickgasm-2552.jpg?v=1734417750,3,,,
converse-x-naruto-2,,,,,,,,,https://cdn.shopify.com/s/files/1/0754/4094/7522/files/Converse-x-Naruto-Knickgasm-2376.jpg?v=1734417752,4,,,
converse-x-naruto-2,,,,,,,,,https://cdn.shopify.com/s/files/1/0754/4094/7522/files/Converse-x-Naruto-Knickgasm-6636.jpg?v=1734417754,5,,,
nike-air-force-1-x-double-swoosh,Nike Air Force 1 x Double Swoosh,"Introducing our unique and eye-catching Custom Hand Painted Nike Sneakers! These sneakers are the perfect colorway of style, art, and personalisation, making them a must-have for any sneaker-head or fashion enthusiast. Each pair of Custom Hand Painted Nike Sneakers is meticulously hand crafted by our skilled artists and sneaker designers who colorway their creativity and talent together to every sneaker",Knickgasm,Nike Air force 1,"blue, blue swoosh, custom nike shoes india, custom nike sneakers, Double, light blue, Nike, nike air force 1, nike air force 1 white, nike blue, nike shoes, prepaid, purple, purple swoosh, sky blue, swoosh",TRUE,133.65,178.19,https://cdn.shopify.com/s/files/1/0754/4094/7522/files/Nike-Air-Force-1-x-Double-Swoosh-Knickgasm-6930.jpg?v=1734417735,1,active,Custom Sneakers,
nike-air-force-1-x-double-swoosh,,,,,,,,,https://cdn.shopify.com/s/files/1/0754/4094/7522/files/Nike-Air-Force-1-x-Double-Swoosh-Knickgasm-718.jpg?v=1734417737,2,,,
nike-air-force-1-x-double-swoosh,,,,,,,,,https://cdn.shopify.com/s/files/1/0754/4094/7522/files/Nike-Air-Force-1-x-Double-Swoosh-Knickgasm-7336.jpg?v=1734417738,3,,,
nike-air-force-1-x-double-swoosh,,,,,,,,,https://cdn.shopify.com/s/files/1/0754/4094/7522/files/Nike-Air-Force-1-x-Double-Swoosh-Knickgasm-4767.jpg?v=1734417740,4,,,
nike-court-vision-x-valorant,Nike Court Vision x Valorant,"Introducing our unique and eye-catching Custom Hand Painted Nike Sneakers! These sneakers are the perfect colorway of style, art, and personalization, making them a must-have for any sneaker-head or fashion enthusiast. Each pair of Custom Hand Painted Nike Sneakers is meticulously hand crafted by our skilled artists and sneaker designers who colorway their creativity and talent together to every sneaker",Knickgasm,Nike Court Vision,"custom nike shoes india, custom nike sneakers, eyes, gamer, Nike, nike court vision, nike shoes, prepaid, purple, reyna, valorant",TRUE,114.65,136.48,https://cdn.shopify.com/s/files/1/0754/4094/7522/files/Nike-Court-Vision-x-Valorant-Knickgasm-3059.jpg?v=1734417726,1,active,Custom Sneakers,
nike-court-vision-x-valorant,,,,,,,,,https://cdn.shopify.com/s/files/1/0754/4094/7522/files/Nike-Court-Vision-x-Valorant-Knickgasm-7187.jpg?v=1734417727,2,,,
nike-court-vision-x-valorant,,,,,,,,,https://cdn.shopify.com/s/files/1/0754/4094/7522/files/Nike-Court-Vision-x-Valorant-Knickgasm-4576.jpg?v=1734417729,3,,,
nike-court-vision-x-valorant,,,,,,,,,https://cdn.shopify.com/s/files/1/0754/4094/7522/files/Nike-Court-Vision-x-Valorant-Knickgasm-4277.jpg?v=1734417730,4,,,
nike-court-vision-x-valorant,,,,,,,,,https://cdn.shopify.com/s/files/1/0754/4094/7522/files/Nike-Court-Vision-x-Valorant-Knickgasm-1783.jpg?v=1734417732,5,,,
nike-court-vision-x-valorant,,,,,,,,,https://cdn.shopify.com/s/files/1/0754/4094/7522/files/Nike-Court-Vision-x-Valorant-Knickgasm-6959.jpg?v=1734417733,6,,,
nike-air-force-1-x-cherry-blossom-1,Cherry Blossom x Nike Air Force 1,"Introducing our unique and eye-catching Custom Hand Painted Nike Sneakers! These sneakers are the perfect colorway of style, art, and personalization, making them a must-have for any sneaker-head or fashion enthusiast. Each pair of Custom Hand Painted Nike Sneakers is meticulously hand crafted by our skilled artists and sneaker designers who colorway their creativity and talent together to every sneaker",Knickgasm,Nike Air force 1,"asthetic, cherry, cherry blossom, custom nike shoes india, custom nike sneakers, flower, japanese, Lavender, leaves, Nike, nike air force 1, nike air force 1 white, nike shoes, prepaid, purple, purple tree, tree",TRUE,147.54,196.72,https://cdn.shopify.com/s/files/1/0754/4094/7522/files/Nike-Air-Force-1-x-Cherry-Blossom-Knickgasm-8826.jpg?v=1734417721,1,active,Custom Sneakers,
nike-air-force-1-x-cherry-blossom-1,,,,,,,,,https://cdn.shopify.com/s/files/1/0754/4094/7522/files/Nike-Air-Force-1-x-Cherry-Blossom-Knickgasm-8474.jpg?v=1734417723,2,,,
nike-air-force-1-x-cherry-blossom-1,,,,,,,,,https://cdn.shopify.com/s/files/1/0754/4094/7522/files/Nike-Air-Force-1-x-Cherry-Blossom-Knickgasm-1963.jpg?v=1734417724,3,,,
nike-air-force-1-x-red-black-drip,Nike Air Force 1 x Red Black Drip,"Introducing our unique and eye-catching Custom Hand Painted Nike Sneakers! These sneakers are the perfect colorway of style, art, and personalisation, making them a must-have for any sneaker-head or fashion enthusiast. Each pair of Custom Hand Painted Nike Sneakers is meticulously hand crafted by our skilled artists and sneaker designers who colorway their creativity and talent together to every sneaker",Knickgasm,Nike Air force 1,"black, custom nike shoes india, custom nike sneakers, drip, drips, drop, droplet, Nike, nike air force 1, nike air force 1 white, nike black, nike red, nike shoes, prepaid, red, Red drip, subtle",TRUE,133.65,178.19,https://cdn.shopify.com/s/files/1/0754/4094/7522/files/Nike-Air-Force-1-x-Red-Black-Drip-Knickgasm-7131.jpg?v=1734417701,1,active,Custom Sneakers,
nike-air-force-1-x-red-black-drip,,,,,,,,,https://cdn.shopify.com/s/files/1/0754/4094/7522/files/Nike-Air-Force-1-x-Red-Black-Drip-Knickgasm-5568.jpg?v=1734417703,2,,,
nike-air-force-1-x-red-black-drip,,,,,,,,,https://cdn.shopify.com/s/files/1/0754/4094/7522/files/Nike-Air-Force-1-x-Red-Black-Drip-Knickgasm-6533.jpg?v=1734417705,3,,,
nike-air-force-1-x-red-black-drip,,,,,,,,,https://cdn.shopify.com/s/files/1/0754/4094/7522/files/Nike-Air-Force-1-x-Red-Black-Drip-Knickgasm-2977.jpg?v=1734417706,4,,,
nike-air-force-1-x-red-black-drip,,,,,,,,,https://cdn.shopify.com/s/files/1/0754/4094/7522/files/Nike-Air-Force-1-x-Red-Black-Drip-Knickgasm-6675.jpg?v=1734417708,5,,,
nike-air-force-1-x-red-black-drip,,,,,,,,,https://cdn.shopify.com/s/files/1/0754/4094/7522/files/Nike-Air-Force-1-x-Red-Black-Drip-Knickgasm-9709.jpg?v=1734417710,6,,,
converse-x-naruto-1,Converse x Kakashi x Obito,"Introducing our unique and eye-catching Custom Hand Painted Converse Sneakers! These sneakers are the perfect colorway of style, art, and personalization, making them a must-have for any sneaker-head or fashion enthusiast. The design depicts Kakashi and Obito along with the manga panel displaying Rin Each pair of Custom Hand Painted Converse Sneakers is meticulously hand crafted by our skilled artist",Knickgasm,Converse,"anime, anime art, anime shoes india, Anime-inspired sneakers, Chidori, Converse, converse all star, converse anime, converse custom shoes, converse custom shoes India, converse delhi, converse high tops, converse mumbai, converse white, custom anime shoes india, custom anime sneaker india, custom converse, itachi, Itachi Uchiha, kakashi, Kakashi Hatake, manga, naruto, Naruto converse, Naruto cosplay shoes, Naruto custom sneakers, naruto eyes, naruto shppuden, naruto swoosh, Naruto Uzumaki, Obito, prepaid, Rin, Sakura Haruno",TRUE,115.26,153.67,https://cdn.shopify.com/s/files/1/0754/4094/7522/files/Converse-x-Kakashi-x-Obito-Knickgasm-4174.jpg?v=1734417694,1,active,Custom Sneakers,
converse-x-naruto-1,,,,,,,,,https://cdn.shopify.com/s/files/1/0754/4094/7522/files/Converse-x-Kakashi-x-Obito-Knickgasm-9727.jpg?v=1734417695,2,,,
converse-x-naruto-1,,,,,,,,,https://cdn.shopify.com/s/files/1/0754/4094/7522/files/Converse-x-Kakashi-x-Obito-Knickgasm-5720.jpg?v=1734417697,3,,,
converse-x-naruto-1,,,,,,,,,https://cdn.shopify.com/s/files/1/0754/4094/7522/files/Converse-x-Kakashi-x-Obito-Knickgasm-1093.jpg?v=1734417698,4,,,
converse-x-naruto-1,,,,,,,,,https://cdn.shopify.com/s/files/1/0754/4094/7522/files/Converse-x-Kakashi-x-Obito-Knickgasm-4693.jpg?v=1734417700,5,,,
nike-air-force-1-x-green-pastel,Nike Air Force 1 x Green,"Introducing our unique and eye-catching Custom Hand Painted Nike Sneakers! These sneakers are the perfect colorway of style, art, and personalisation, making them a must-have for any sneaker-head or fashion enthusiast. Each pair of Custom Hand Painted Nike Sneakers is meticulously hand crafted by our skilled artists and sneaker designers who colorway their creativity and talent together to every sneaker",Knickgasm,Nike Air force 1,"asthetic, custom nike shoes india, custom nike sneakers, green, green pastel, Nike, nike air force 1, nike air force 1 white, nike pastel, nike shoes, pastel, pastel nike, pastels, prepaid",TRUE,137.87,183.83,https://cdn.shopify.com/s/files/1/0754/4094/7522/files/Nike-Air-Force-1-x-Green-Pastel-Knickgasm-2955.jpg?v=1734417689,1,active,Custom Sneakers,
nike-air-force-1-x-green-pastel,,,,,,,,,https://cdn.shopify.com/s/files/1/0754/4094/7522/files/Nike-Air-Force-1-x-Green-Pastel-Knickgasm-3047.jpg?v=1734417691,2,,,
nike-air-force-1-x-green-pastel,,,,,,,,,https://cdn.shopify.com/s/files/1/0754/4094/7522/files/Nike-Air-Force-1-x-Green-Pastel-Knickgasm-9223.jpg?v=1734417692,3,,,
nike-air-force-1-x-pastel-1,Nike Air Force 1 x Pastel,"Introducing our unique and eye-catching Custom Hand Painted Nike Sneakers! These sneakers are the perfect colorway of style, art, and personalisation, making them a must-have for any sneaker-head or fashion enthusiast. Each pair of Custom Hand Painted Nike Sneakers is meticulously hand crafted by our skilled artists and sneaker designers who colorway their creativity and talent together to every sneaker",Knickgasm,Nike Air force 1,"asthetic, blue, colourful, custom nike shoes india, custom nike sneakers, lemon yellow, light blue, Nike, nike air force 1, nike air force 1 white, nike blue, nike pastel, nike shoes, pastel, pastel nike, pastels, pink, prepaid, purple, sky blue, voilet, yellow",TRUE,133.65,178.19,https://cdn.shopify.com/s/files/1/0754/4094/7522/files/Nike-Air-Force-1-x-Pastel-Knickgasm-8461.jpg?v=1734417683,1,active,Custom Sneakers,
nike-air-force-1-x-pastel-1,,,,,,,,,https://cdn.shopify.com/s/files/1/0754/4094/7522/files/Nike-Air-Force-1-x-Pastel-Knickgasm-3011.jpg?v=1734417685,2,,,
nike-air-force-1-x-pastel-1,,,,,,,,,https://cdn.shopify.com/s/files/1/0754/4094/7522/files/Nike-Air-Force-1-x-Pastel-Knickgasm-2356.jpg?v=1734417686,3,,,
nike-air-force-1-x-pastel-1,,,,,,,,,https://cdn.shopify.com/s/files/1/0754/4094/7522/files/Nike-Air-Force-1-x-Pastel-Knickgasm-3099.jpg?v=1734417688,4,,,
nike-air-force-1-x-red-drip,Nike Air Force 1 x Red Drip,"Introducing our unique and eye-catching Custom Hand Painted Nike Sneakers! These sneakers are the perfect colorway of style, art, and personalisation, making them a must-have for any sneaker-head or fashion enthusiast. Each pair of Custom Hand Painted Nike Sneakers is meticulously hand crafted by our skilled artists and sneaker designers who colorway their creativity and talent together to every sneaker",Knickgasm,Nike Air force 1,"asthetic, custom nike shoes india, custom nike sneakers, drip, drips, drop, droplet, Nike, nike air force 1, nike air force 1 white, nike red, nike shoes, prepaid, red, Red drip, subtle",TRUE,133.65,178.19,https://cdn.shopify.com/s/files/1/0754/4094/7522/files/Nike-Air-Force-1-x-Red-Drip-Knickgasm-6409.jpg?v=1734417676,1,active,Custom Sneakers,
nike-air-force-1-x-red-drip,,,,,,,,,https://cdn.shopify.com/s/files/1/0754/4094/7522/files/Nike-Air-Force-1-x-Red-Drip-Knickgasm-2777.jpg?v=1734417677,2,,,
nike-air-force-1-x-red-drip,,,,,,,,,https://cdn.shopify.com/s/files/1/0754/4094/7522/files/Nike-Air-Force-1-x-Red-Drip-Knickgasm-1279.jpg?v=1734417679,3,,,
nike-air-force-1-x-red-drip,,,,,,,,,https://cdn.shopify.com/s/files/1/0754/4094/7522/files/Nike-Air-Force-1-x-Red-Drip-Knickgasm-6618.jpg?v=1734417680,4,,,
nike-air-force-1-x-red-drip,,,,,,,,,https://cdn.shopify.com/s/files/1/0754/4094/7522/files/Nike-Air-Force-1-x-Red-Drip-Knickgasm-5008.jpg?v=1734417682,5,,,
nike-air-force-1-x-itachi-x-nagato,Nike Air Force 1 x Itachi x Nagato,"Introducing our unique and eye-catching Custom Hand Painted Nike Sneakers! These sneakers are the perfect colorway of style, art, and personalisation, making them a must-have for any sneaker-head or fashion enthusiast. Each pair of Custom Hand Painted Nike Sneakers is meticulously hand crafted by our skilled artists and sneaker designers who colorway their creativity and talent together to every sneaker",Knickgasm,Nike Air force 1,"animal, anime, anime art, anime shoes india, Anime-inspired sneakers, custom anime shoes india, custom anime sneaker india, itachi, itachi eyes, Itachi Uchiha, nagato, naruto, Naruto cosplay shoes, Naruto custom sneakers, naruto eyes, naruto shppuden, naruto swoosh, Naruto Uzumaki, nike anime, prepaid, Sakura Haruno, Shikamaru Nara, swoosh",TRUE,138.99,185.33,https://cdn.shopify.com/s/files/1/0754/4094/7522/files/Nike-Air-Force-1-x-Itachi-x-Nagato-Knickgasm-7005.jpg?v=1734417659,1,active,Custom Sneakers,
nike-air-force-1-x-itachi-x-nagato,,,,,,,,,https://cdn.shopify.com/s/files/1/0754/4094/7522/files/Nike-Air-Force-1-x-Itachi-x-Nagato-Knickgasm-1308.jpg?v=1734417660,2,,,
nike-air-force-1-x-itachi-x-nagato,,,,,,,,,https://cdn.shopify.com/s/files/1/0754/4094/7522/files/Nike-Air-Force-1-x-Itachi-x-Nagato-Knickgasm-8357.jpg?v=1734417662,3,,,
nike-air-force-1-x-itachi-x-nagato,,,,,,,,,https://cdn.shopify.com/s/files/1/0754/4094/7522/files/Nike-Air-Force-1-x-Itachi-x-Nagato-Knickgasm-8613.jpg?v=1734417663,4,,,
nike-air-force-1-x-itachi-x-nagato,,,,,,,,,https://cdn.shopify.com/s/files/1/0754/4094/7522/files/Nike-Air-Force-1-x-Itachi-x-Nagato-Knickgasm-7677.jpg?v=1734417665,5,,,
nike-air-force-1-x-itachi-x-nagato,,,,,,,,,https://cdn.shopify.com/s/files/1/0754/4094/7522/files/Nike-Air-Force-1-x-Itachi-x-Nagato-Knickgasm-4062.jpg?v=1734417667,6,,,
converse-x-harry-styles-1,Converse x Harry Styles,"Introducing our unique and eye-catching Custom Hand Painted Converse Sneakers! These sneakers are the perfect colorway of style, art, and personalization, making them a must-have for any sneaker-head or fashion enthusiast. Each pair of Custom Hand Painted Converse Sneakers is meticulously hand crafted by our skilled artists and sneaker designers who colorway their creativity and talent together to every",Knickgasm,Converse,"adore, album, artist, concert, Converse, converse all star, converse custom shoes, converse custom shoes India, converse delhi, converse high tops, converse mumbai, converse white, custom converse, Custom Harry Styles sneakers, fine, golden, harry, harry styles, Harry Styles fan gear, heart, hearts, hour, line, music, musician, one direction, Pop singer, prepaid, Singer, styles, sugar, watermelon",TRUE,99.84,133.12,https://cdn.shopify.com/s/files/1/0754/4094/7522/files/Converse-x-Harry-Styles-Knickgasm-2980.jpg?v=1734417653,1,active,Custom Sneakers,
converse-x-harry-styles-1,,,,,,,,,https://cdn.shopify.com/s/files/1/0754/4094/7522/files/Converse-x-Harry-Styles-Knickgasm-4112.jpg?v=1734417654,2,,,
converse-x-harry-styles-1,,,,,,,,,https://cdn.shopify.com/s/files/1/0754/4094/7522/files/Converse-x-Harry-Styles-Knickgasm-5085.jpg?v=1734417656,3,,,
converse-x-harry-styles-1,,,,,,,,,https://cdn.shopify.com/s/files/1/0754/4094/7522/files/Converse-x-Harry-Styles-Knickgasm-9705.jpg?v=1734417657,4,,,
nike-court-vision-x-bts,BTS x Nike Court Vision,"Introducing our unique and eye-catching Custom Hand Painted Nike Sneakers! These sneakers are the perfect colorway of style, art, and personalisation, making them a must-have for any sneaker-head or fashion enthusiast. Each pair of Custom Hand Painted Nike Sneakers is meticulously hand crafted by our skilled artists and sneaker designers who colorway their creativity and talent together to every sneaker",Knickgasm,Nike Court Vision,"album, artist, band, Bangtan Boys, BTS, custom nike shoes india, custom nike sneakers, dance, heart, J-Hope, Jimin, Jin, Jungkook, korean, love, music, Nike, nike court vision, nike shoes, prepaid, RM, Suga, v",TRUE,112.11,129.07,https://cdn.shopify.com/s/files/1/0754/4094/7522/files/Nike-Court-Vision-x-BTS-Knickgasm-1045.jpg?v=1734417636,1,active,Custom Sneakers,
nike-court-vision-x-bts,,,,,,,,,https://cdn.shopify.com/s/files/1/0754/4094/7522/files/Nike-Court-Vision-x-BTS-Knickgasm-8491.jpg?v=1734417638,2,,,
nike-court-vision-x-bts,,,,,,,,,https://cdn.shopify.com/s/files/1/0754/4094/7522/files/Nike-Court-Vision-x-BTS-Knickgasm-3955.jpg?v=1734417640,3,,,
nike-court-vision-x-bts,,,,,,,,,https://cdn.shopify.com/s/files/1/0754/4094/7522/files/Nike-Court-Vision-x-BTS-Knickgasm-5302.jpg?v=1734417641,4,,,
nike-court-vision-x-bts,,,,,,,,,https://cdn.shopify.com/s/files/1/0754/4094/7522/files/Nike-Court-Vision-x-BTS-Knickgasm-9459.jpg?v=1734417642,5,,,
nike-court-vision-x-bts,,,,,,,,,https://cdn.shopify.com/s/files/1/0754/4094/7522/files/Nike-Court-Vision-x-BTS-Knickgasm-1978.jpg?v=1734417644,6,,,
nike-air-force-1-x-red-dragon,Red Dragon x Nike Air Force 1,"Introducing our unique and eye-catching Custom Hand Painted Nike Sneakers! These sneakers are the perfect colorway of style, art, and personalisation, making them a must-have for any sneaker-head or fashion enthusiast. Each pair of Custom Hand Painted Nike Sneakers is meticulously hand crafted by our skilled artists and sneaker designers who colorway their creativity and talent together to every sneaker",Knickgasm,Nike Air force 1,"chinese, custom nike shoes india, custom nike sneakers, dragon, japanese, monster, Nike, nike air force 1, nike air force 1 white, nike red, nike shoes, prepaid, red dragon, sapphire dragon, snake",TRUE,138.99,185.33,https://cdn.shopify.com/s/files/1/0754/4094/7522/files/Nike-Air-Force-1-x-Red-Dragon-Knickgasm-4835.jpg?v=1734417632,1,active,Custom Sneakers,
nike-air-force-1-x-red-dragon,,,,,,,,,https://cdn.shopify.com/s/files/1/0754/4094/7522/files/Nike-Air-Force-1-x-Red-Dragon-Knickgasm-6040.jpg?v=1734417633,2,,,
nike-air-force-1-x-red-dragon,,,,,,,,,https://cdn.shopify.com/s/files/1/0754/4094/7522/files/Nike-Air-Force-1-x-Red-Dragon-Knickgasm-8260.jpg?v=1734417635,3,,,
nike-air-force-1-x-miami-palm-tree,Nike Air Force 1 x Miami,"Introducing our unique and eye-catching Custom Hand Painted Nike Sneakers! These sneakers are the perfect colorway of style, art, and personalisation, making them a must-have for any sneaker-head or fashion enthusiast. Each pair of Custom Hand Painted Nike Sneakers is meticulously hand crafted by our skilled artists and sneaker designers who colorway their creativity and talent together to every sneaker",Knickgasm,Nike Air force 1,"asthetic, beach, blue, custom nike shoes india, custom nike sneakers, light blue, Miami, Nike, nike air force 1, nike air force 1 white, nike blue, nike shoes, palm, prepaid, sky, sky blue, tree",TRUE,155.04,206.72,https://cdn.shopify.com/s/files/1/0754/4094/7522/files/Nike-Air-Force-1-x-Miami-Palm-Tree-Knickgasm-6656.jpg?v=1734417622,1,active,Custom Sneakers,
nike-air-force-1-x-miami-palm-tree,,,,,,,,,https://cdn.shopify.com/s/files/1/0754/4094/7522/files/Nike-Air-Force-1-x-Miami-Palm-Tree-Knickgasm-4989.jpg?v=1734417624,2,,,
nike-air-force-1-x-miami-palm-tree,,,,,,,,,https://cdn.shopify.com/s/files/1/0754/4094/7522/files/Nike-Air-Force-1-x-Miami-Palm-Tree-Knickgasm-117.jpg?v=1734417625,3,,,
nike-air-force-1-x-miami-palm-tree,,,,,,,,,https://cdn.shopify.com/s/files/1/0754/4094/7522/files/Nike-Air-Force-1-x-Miami-Palm-Tree-Knickgasm-1576.jpg?v=1734417627,4,,,
nike-air-force-1-x-miami-palm-tree,,,,,,,,,https://cdn.shopify.com/s/files/1/0754/4094/7522/files/Nike-Air-Force-1-x-Miami-Palm-Tree-Knickgasm-2148.jpg?v=1734417628,5,,,
nike-air-force-1-x-miami-palm-tree,,,,,,,,,https://cdn.shopify.com/s/files/1/0754/4094/7522/files/Nike-Air-Force-1-x-Miami-Palm-Tree-Knickgasm-3467.jpg?v=1734417630,6,,,
nike-air-force-1-x-waves,Nike Air Force 1 x Waves,"Introducing our unique and eye-catching Custom Hand Painted Nike Sneakers! These sneakers are the perfect colorway of style, art, and personalisation, making them a must-have for any sneaker-head or fashion enthusiast. Each pair of Custom Hand Painted Nike Sneakers is meticulously hand crafted by our skilled artists and sneaker designers who colorway their creativity and talent together to every sneaker",Knickgasm,Nike Air force 1,"custom nike shoes india, custom nike sneakers, Nike, nike air force 1, nike air force 1 white, nike shoes, ocean, prepaid, sea, water, waves",TRUE,158.25,210.99,https://cdn.shopify.com/s/files/1/0754/4094/7522/files/Nike-Air-Force-1-x-Waves-Knickgasm-3863.jpg?v=1734417616,1,active,Custom Sneakers,
nike-air-force-1-x-waves,,,,,,,,,https://cdn.shopify.com/s/files/1/0754/4094/7522/files/Nike-Air-Force-1-x-Waves-Knickgasm-5333.jpg?v=1734417618,2,,,
nike-air-force-1-x-waves,,,,,,,,,https://cdn.shopify.com/s/files/1/0754/4094/7522/files/Nike-Air-Force-1-x-Waves-Knickgasm-1729.jpg?v=1734417619,3,,,
nike-air-force-1-x-waves,,,,,,,,,https://cdn.shopify.com/s/files/1/0754/4094/7522/files/Nike-Air-Force-1-x-Waves-Knickgasm-2093.jpg?v=1734417621,4,,,
nike-air-force-1-x-louis-vuitton-pastel,Nike Air Force 1 x Louis Vuitton Custom,"Introducing our unique and eye-catching Custom Hand Painted Nike Sneakers! These sneakers are the perfect colorway of style, art, and personalisation, making them a must-have for any sneaker-head or fashion enthusiast. Each pair of Custom Hand Painted Nike Sneakers is meticulously hand crafted by our skilled artists and sneaker designers who colorway their creativity and talent together to every sneaker",Knickgasm,Nike Air force 1,"asthetic, blue, colourful, custom nike shoes india, light blue, louis, Nike, nike air force 1, nike air force 1 white, nike blue, nike pastel, nike shoes, pastel, pastel nike, pastels, prepaid, purple, sky blue, star, stars, voilet, vuitton",TRUE,148.57,198.09,https://cdn.shopify.com/s/files/1/0754/4094/7522/files/Nike-Air-Force-1-x-Louis-Vuitton-Pastel-Knickgasm-5157.jpg?v=1734417608,1,active,Custom Sneakers,
nike-air-force-1-x-louis-vuitton-pastel,,,,,,,,,https://cdn.shopify.com/s/files/1/0754/4094/7522/files/Nike-Air-Force-1-x-Louis-Vuitton-Pastel-Knickgasm-6665.jpg?v=1734417610,2,,,
nike-air-force-1-x-louis-vuitton-pastel,,,,,,,,,https://cdn.shopify.com/s/files/1/0754/4094/7522/files/Nike-Air-Force-1-x-Louis-Vuitton-Pastel-Knickgasm-9290.jpg?v=1734417611,3,,,
nike-air-force-1-x-louis-vuitton-pastel,,,,,,,,,https://cdn.shopify.com/s/files/1/0754/4094/7522/files/Nike-Air-Force-1-x-Louis-Vuitton-Pastel-Knickgasm-8279.jpg?v=1734417613,4,,,
nike-air-force-1-x-louis-vuitton-pastel,,,,,,,,,https://cdn.shopify.com/s/files/1/0754/4094/7522/files/Nike-Air-Force-1-x-Louis-Vuitton-Pastel-Knickgasm-2258.jpg?v=1734417614,5,,,
nike-air-force-1-x-blue-drip,Nike Air Force 1 x Blue Drip,"Introducing our unique and eye-catching Custom Hand Painted Nike Sneakers! These sneakers are the perfect colorway of style, art, and personalisation, making them a must-have for any sneaker-head or fashion enthusiast. Each pair of Custom Hand Painted Nike Sneakers is meticulously hand crafted by our skilled artists and sneaker designers who colorway their creativity and talent together to every sneaker",Knickgasm,Nike Air force 1,"blue, blue swoosh, custom nike shoes india, custom nike sneakers, drip, drop, droplet, featured, latest, light blue, Nike, nike air force 1, nike air force 1 white, nike blue, nike shoes, prepaid, sky blue, swoosh",TRUE,136.86,182.47,https://cdn.shopify.com/s/files/1/0754/4094/7522/files/Nike-Air-Force-1-x-Blue-Drip-Knickgasm-1964.jpg?v=1734417601,1,active,Custom Sneakers,
nike-air-force-1-x-blue-drip,,,,,,,,,https://cdn.shopify.com/s/files/1/0754/4094/7522/files/Nike-Air-Force-1-x-Blue-Drip-Knickgasm-375.jpg?v=1734417602,2,,,
nike-air-force-1-x-blue-drip,,,,,,,,,https://cdn.shopify.com/s/files/1/0754/4094/7522/files/Nike-Air-Force-1-x-Blue-Drip-Knickgasm-3755.jpg?v=1734417604,3,,,
nike-air-force-1-x-blue-drip,,,,,,,,,https://cdn.shopify.com/s/files/1/0754/4094/7522/files/Nike-Air-Force-1-x-Blue-Drip-Knickgasm-3568.jpg?v=1734417605,4,,,
nike-air-force-1-x-blue-drip,,,,,,,,,https://cdn.shopify.com/s/files/1/0754/4094/7522/files/Nike-Air-Force-1-x-Blue-Drip-Knickgasm-6894.jpg?v=1734417607,5,,,
nike-court-vison-x-cartoon,Cartoon x Nike Court Vision,"Introducing our unique and eye-catching Custom Hand Painted Nike Sneakers! These sneakers are the perfect colorway of style, art, and personalisation, making them a must-have for any sneaker-head or fashion enthusiast. Each pair of Custom Hand Painted Nike Sneakers is meticulously hand crafted by our skilled artists and sneaker designers who colorway their creativity and talent together to every sneaker",Knickgasm,Nike Court Vision,"black, cartoon, cartoons, custom nike shoes india, custom nike sneakers, featured, lines, Nike, nike black, nike black shoes, nike court vision, nike court vision black, nike shoes, prepaid",TRUE,104.00,134.09,https://cdn.shopify.com/s/files/1/0754/4094/7522/files/Nike-Court-Vison-x-Cartoon-Knickgasm-2715.jpg?v=1746788152,1,active,Custom Sneakers,
nike-court-vison-x-cartoon,,,,,,,,,https://cdn.shopify.com/s/files/1/0754/4094/7522/files/Nike-Court-Vison-x-Cartoon-Knickgasm-9377.jpg?v=1746788152,2,,,
nike-court-vison-x-cartoon,,,,,,,,,https://cdn.shopify.com/s/files/1/0754/4094/7522/files/Nike-Court-Vison-x-Cartoon-Knickgasm-3568.jpg?v=1746788152,3,,,
nike-court-vison-x-cartoon,,,,,,,,,https://cdn.shopify.com/s/files/1/0754/4094/7522/files/Nike-Court-Vison-x-Cartoon-Knickgasm-6541.jpg?v=1734417597,4,,,
converse-x-one-piece-1,Luffy x Zoro x One Piece x Converse,"Introducing our unique and eye-catching Custom Hand Painted Converse Sneakers! These sneakers are the perfect colorway of style, art, and personalization, making them a must-have for any sneaker-head or fashion enthusiast. Each pair of Custom Hand Painted Converse Sneakers is meticulously hand crafted by our skilled artists and sneaker designers who colorway their creativity and talent together to every",Knickgasm,Converse,"anime, anime art, anime shoes india, Anime-inspired sneakers, Converse, converse all star, converse anime, converse custom shoes, converse custom shoes India, converse delhi, converse high tops, converse mumbai, converse white, custom anime shoes india, custom anime sneaker india, custom converse, luff, luffy, Nami, one, one piece, one piece custom, prepaid, Sanji, sword, zoro",TRUE,127.03,169.37,https://cdn.shopify.com/s/files/1/0754/4094/7522/files/Converse-x-One-Piece-Knickgasm-4160.jpg?v=1734417587,1,active,Custom Sneakers,
converse-x-one-piece-1,,,,,,,,,https://cdn.shopify.com/s/files/1/0754/4094/7522/files/Converse-x-One-Piece-Knickgasm-9540.jpg?v=1734417591,2,,,
converse-x-one-piece-1,,,,,,,,,https://cdn.shopify.com/s/files/1/0754/4094/7522/files/Converse-x-One-Piece-Knickgasm-6816.jpg?v=1734417589,3,,,
converse-x-one-piece-1,,,,,,,,,https://cdn.shopify.com/s/files/1/0754/4094/7522/files/Converse-x-One-Piece-Knickgasm-7142.jpg?v=1734417592,4,,,
nike-air-force-1-x-cherry-blossom,Nike Air Force 1 x Cherry Blossom,"Introducing our unique and eye-catching Custom Hand Painted Nike Sneakers! These sneakers are the perfect colorway of style, art, and personalisation, making them a must-have for any sneaker-head or fashion enthusiast. Each pair of Custom Hand Painted Nike Sneakers is meticulously hand crafted by our skilled artists and sneaker designers who colorway their creativity and talent together to every sneaker",Knickgasm,Nike Air force 1,"blossom, cherry, cherry blossom, custom nike shoes india, custom nike sneakers, flower, leaves, Nike, nike air force 1, nike air force 1 white, nike shoes, pink, pink tree, prepaid, pretty, tree",TRUE,147.54,196.72,https://cdn.shopify.com/s/files/1/0754/4094/7522/files/Nike-Air-Force-1-x-Cherry-Blossom-Knickgasm-6310.jpg?v=1734417581,1,active,Custom Sneakers,
nike-air-force-1-x-cherry-blossom,,,,,,,,,https://cdn.shopify.com/s/files/1/0754/4094/7522/files/Nike-Air-Force-1-x-Cherry-Blossom-Knickgasm-7016.jpg?v=1734417583,2,,,
nike-air-force-1-x-cherry-blossom,,,,,,,,,https://cdn.shopify.com/s/files/1/0754/4094/7522/files/Nike-Air-Force-1-x-Cherry-Blossom-Knickgasm-6259.jpg?v=1734417584,3,,,
nike-air-force-1-x-cherry-blossom,,,,,,,,,https://cdn.shopify.com/s/files/1/0754/4094/7522/files/Nike-Air-Force-1-x-Cherry-Blossom-Knickgasm-7425.jpg?v=1734417586,4,,,
nike-court-vision-x-peach-pastel,Nike Court Vision x Peach,"Introducing our unique and eye-catching Custom Hand Painted Nike Sneakers! These sneakers are the perfect colorway of style, art, and personalisation, making them a must-have for any sneaker-head or fashion enthusiast. Each pair of Custom Hand Painted Nike Sneakers is meticulously hand crafted by our skilled artists and sneaker designers who colorway their creativity and talent together to every sneaker",Knickgasm,Nike Court Vision,"asthetic, custom nike shoes india, custom nike sneakers, Nike, nike court vision, nike pastel, nike shoes, pastel, pastel nike, pastels, peach, prepaid, purple, voilet",TRUE,107.33,127.77,https://cdn.shopify.com/s/files/1/0754/4094/7522/files/Nike-Court-Vision-x-Peach-Pastel-Knickgasm-9675.jpg?v=1734417574,1,active,Custom Sneakers,
nike-court-vision-x-peach-pastel,,,,,,,,,https://cdn.shopify.com/s/files/1/0754/4094/7522/files/Nike-Court-Vision-x-Peach-Pastel-Knickgasm-4621.jpg?v=1734417575,2,,,
nike-court-vision-x-peach-pastel,,,,,,,,,https://cdn.shopify.com/s/files/1/0754/4094/7522/files/Nike-Court-Vision-x-Peach-Pastel-Knickgasm-2138.jpg?v=1734417577,3,,,
nike-court-vision-x-peach-pastel,,,,,,,,,https://cdn.shopify.com/s/files/1/0754/4094/7522/files/Nike-Court-Vision-x-Peach-Pastel-Knickgasm-5783.jpg?v=1734417578,4,,,
nike-court-vision-x-peach-pastel,,,,,,,,,https://cdn.shopify.com/s/files/1/0754/4094/7522/files/Nike-Court-Vision-x-Peach-Pastel-Knickgasm-4424.jpg?v=1734417580,5,,,
nike-court-vision-x-naruto-akatsuki,Akatsuki x Nike Court Vision,"Introducing our unique and eye-catching Custom Hand Painted Nike Sneakers! These sneakers are the perfect colorway of style, art, and personalisation, making them a must-have for any sneaker-head or fashion enthusiast. Each pair of Custom Hand Painted Nike Sneakers is meticulously hand crafted by our skilled artists and sneaker designers who colorway their creativity and talent together to every sneaker",Knickgasm,Nike Court Vision,"akatsuki, anime, anime art, anime shoes india, Anime-inspired sneakers, black, black swoosh, cloud, clouds, custom anime shoes india, custom anime sneaker india, custom nike shoes india, custom nike sneakers, naruto, Naruto cosplay shoes, Naruto custom sneakers, naruto shppuden, Naruto Uzumaki, Nike, nike anime, nike court vision, nike shoes, prepaid",TRUE,113.61,127.77,https://cdn.shopify.com/s/files/1/0754/4094/7522/files/FullSizeRender_9a9253fc-8e79-4d62-ab8e-c342b11db634.jpg?v=1782416355,1,active,Custom Sneakers,
nike-court-vision-x-naruto-akatsuki,,,,,,,,,https://cdn.shopify.com/s/files/1/0754/4094/7522/files/Nike-Court-Vision-x-Naruto-Akatsuki-Knickgasm-6995.jpg?v=1734417568,2,,,
nike-court-vision-x-naruto-akatsuki,,,,,,,,,https://cdn.shopify.com/s/files/1/0754/4094/7522/files/Nike-Court-Vision-x-Naruto-Akatsuki-Knickgasm-4414.jpg?v=1734417571,3,,,
nike-air-force-1-x-dragon-waves,Nike Air Force 1 x Dragon Waves,"Introducing our unique and eye-catching Custom Hand Painted Nike Sneakers! These sneakers are the perfect colorway of style, art, and personalisation, making them a must-have for any sneaker-head or fashion enthusiast. Each pair of Custom Hand Painted Nike Sneakers is meticulously hand crafted by our skilled artists and sneaker designers who colorway their creativity and talent together to every sneaker",Knickgasm,Nike Air force 1,"black water, chinese, custom nike shoes india, custom nike sneakers, dragon, japanese, Nike, nike air force 1, nike air force 1 white, nike dragon waves, nike red, nike shoes, ocean, prepaid, red dragon, sapphire dragon, water, waves, wavy",TRUE,136.86,182.47,https://cdn.shopify.com/s/files/1/0754/4094/7522/files/Nike-Air-Force-1-x-Dragon-Waves-Knickgasm-51.jpg?v=1734417553,1,active,Custom Sneakers,
nike-air-force-1-x-dragon-waves,,,,,,,,,https://cdn.shopify.com/s/files/1/0754/4094/7522/files/Nike-Air-Force-1-x-Dragon-Waves-Knickgasm-1698.jpg?v=1734417554,2,,,
nike-air-force-1-x-dragon-waves,,,,,,,,,https://cdn.shopify.com/s/files/1/0754/4094/7522/files/Nike-Air-Force-1-x-Dragon-Waves-Knickgasm-6174.jpg?v=1734417556,3,,,
nike-air-force-1-x-dragon-waves,,,,,,,,,https://cdn.shopify.com/s/files/1/0754/4094/7522/files/Nike-Air-Force-1-x-Dragon-Waves-Knickgasm-7394.jpg?v=1734417557,4,,,
nike-air-force-1-x-dragon-waves,,,,,,,,,https://cdn.shopify.com/s/files/1/0754/4094/7522/files/Nike-Air-Force-1-x-Dragon-Waves-Knickgasm-2939.jpg?v=1734417559,5,,,
nike-court-vision-x-mismatched-1,Nike Court Vision x Mismatched,"Introducing our unique and eye-catching Custom Hand Painted Nike Sneakers! These sneakers are the perfect colorway of style, art, and personalisation, making them a must-have for any sneaker-head or fashion enthusiast. Each pair of Custom Hand Painted Nike Sneakers is meticulously hand crafted by our skilled artists and sneaker designers who colorway their creativity and talent together to every sneaker",Knickgasm,Nike Court Vision,"blue, colourful, custom nike shoes india, custom nike sneakers, featured, mismatched, mix, mixed, mouth, Nike, nike court vision, nike shoes, prepaid, teeth",TRUE,119.53,142.29,https://cdn.shopify.com/s/files/1/0754/4094/7522/files/Nike-Court-Vision-x-Mismatched-Knickgasm-482.jpg?v=1734417549,1,active,Custom Sneakers,
nike-court-vision-x-mismatched-1,,,,,,,,,https://cdn.shopify.com/s/files/1/0754/4094/7522/files/Nike-Court-Vision-x-Mismatched-Knickgasm-344.jpg?v=1734417550,2,,,
nike-court-vision-x-mismatched-1,,,,,,,,,https://cdn.shopify.com/s/files/1/0754/4094/7522/files/Nike-Court-Vision-x-Mismatched-Knickgasm-5079.jpg?v=1734417551,3,,,
nike-air-force-1-x-gradient-drip,Nike Air Force 1 x Gradient Drip,"Introducing our unique and eye-catching Custom Hand Painted Nike Sneakers! These sneakers are the perfect colorway of style, art, and personalisation, making them a must-have for any sneaker-head or fashion enthusiast. Each pair of Custom Hand Painted Nike Sneakers is meticulously hand crafted by our skilled artists and sneaker designers who colorway their creativity and talent together to every sneaker",Knickgasm,Nike Air force 1,"blue, custom nike shoes india, custom nike sneakers, drip, drop, droplet, Gradient, light blue, Nike, nike air force 1, nike air force 1 white, nike blue, nike shoes, prepaid, sky blue",TRUE,136.86,182.47,https://cdn.shopify.com/s/files/1/0754/4094/7522/files/Nike-Air-Force-1-x-Gradient-Drip-Knickgasm-4180.jpg?v=1734417540,1,active,Custom Sneakers,
nike-air-force-1-x-gradient-drip,,,,,,,,,https://cdn.shopify.com/s/files/1/0754/4094/7522/files/Nike-Air-Force-1-x-Gradient-Drip-Knickgasm-1916.jpg?v=1734417542,2,,,
nike-air-force-1-x-gradient-drip,,,,,,,,,https://cdn.shopify.com/s/files/1/0754/4094/7522/files/Nike-Air-Force-1-x-Gradient-Drip-Knickgasm-1998.jpg?v=1734417543,3,,,
nike-air-force-1-x-gradient-drip,,,,,,,,,https://cdn.shopify.com/s/files/1/0754/4094/7522/files/Nike-Air-Force-1-x-Gradient-Drip-Knickgasm-2758.jpg?v=1734417545,4,,,
nike-air-force-1-x-gradient-drip,,,,,,,,,https://cdn.shopify.com/s/files/1/0754/4094/7522/files/Nike-Air-Force-1-x-Gradient-Drip-Knickgasm-3328.jpg?v=1734417547,5,,,
nike-air-force-1-x-pastel,Pastel Candy x Nike Air Force 1,"Introducing our unique and eye-catching Custom Hand Painted Nike Sneakers! These sneakers are the perfect colorway of style, art, and personalisation, making them a must-have for any sneaker-head or fashion enthusiast. Each pair of Custom Hand Painted Nike Sneakers is meticulously hand crafted by our skilled artists and sneaker designers who colorway their creativity and talent together to every sneaker",Knickgasm,Nike Air force 1,"apoorva, asthetic, colourful, custom nike shoes india, custom nike sneakers, influencer, Nike, nike air force 1, nike air force 1 white, nike shoes, pastel, pastel nike, pastels, pink, prepaid, purple, rebel kid, red, voilet",TRUE,147.54,196.72,https://cdn.shopify.com/s/files/1/0754/4094/7522/files/Nike-Air-Force-1-x-Pastel-Knickgasm-9460.jpg?v=1734417536,1,active,Custom Sneakers,
nike-air-force-1-x-pastel,,,,,,,,,https://cdn.shopify.com/s/files/1/0754/4094/7522/files/Nike-Air-Force-1-x-Pastel-Knickgasm-6943.jpg?v=1734417537,2,,,
nike-air-force-1-x-pastel,,,,,,,,,https://cdn.shopify.com/s/files/1/0754/4094/7522/files/Nike-Air-Force-1-x-Pastel-Knickgasm-6235.jpg?v=1734417539,3,,,
nike-air-force-1-x-northern-lights-galaxy,Nike Air Force 1 x Northern Lights Galaxy,"Introducing our unique and eye-catching Custom Hand Painted Nike Sneakers! These sneakers are the perfect colorway of style, art, and personalisation, making them a must-have for any sneaker-head or fashion enthusiast. Each pair of Custom Hand Painted Nike Sneakers is meticulously hand crafted by our skilled artists and sneaker designers who colorway their creativity and talent together to every sneaker",Knickgasm,Nike Air force 1,"blue, colourful, custom nike shoes india, custom nike sneakers, galaxy, green, lights, night, Nike, nike air force 1, nike air force 1 white, nike shoes, northen, prepaid, star, stars",TRUE,144.34,192.46,https://cdn.shopify.com/s/files/1/0754/4094/7522/files/Nike-Air-Force-1-x-Northern-Lights-Galaxy-Knickgasm-7760.jpg?v=1734417526,1,active,Custom Sneakers,
nike-air-force-1-x-northern-lights-galaxy,,,,,,,,,https://cdn.shopify.com/s/files/1/0754/4094/7522/files/Nike-Air-Force-1-x-Northern-Lights-Galaxy-Knickgasm-8541.jpg?v=1734417527,2,,,
nike-air-force-1-x-northern-lights-galaxy,,,,,,,,,https://cdn.shopify.com/s/files/1/0754/4094/7522/files/Nike-Air-Force-1-x-Northern-Lights-Galaxy-Knickgasm-4541.jpg?v=1734417529,3,,,
nike-air-force-1-x-northern-lights-galaxy,,,,,,,,,https://cdn.shopify.com/s/files/1/0754/4094/7522/files/Nike-Air-Force-1-x-Northern-Lights-Galaxy-Knickgasm-1622.jpg?v=1734417530,4,,,
nike-air-force-1-x-northern-lights-galaxy,,,,,,,,,https://cdn.shopify.com/s/files/1/0754/4094/7522/files/Nike-Air-Force-1-x-Northern-Lights-Galaxy-Knickgasm-7715.jpg?v=1734417532,5,,,
nike-air-force-1-x-northern-lights-galaxy,,,,,,,,,https://cdn.shopify.com/s/files/1/0754/4094/7522/files/Nike-Air-Force-1-x-Northern-Lights-Galaxy-Knickgasm-6469.jpg?v=1734417534,6,,,
nike-air-force-1-x-red-cartoon,Red Cartoon x Nike Air Force 1,"ntroducing our unique and eye-catching Custom Hand Painted Nike Sneakers! These sneakers are the perfect colorway of style, art, and personalisation, making them a must-have for any sneaker-head or fashion enthusiast. Each pair of Custom Hand Painted Nike Sneakers is meticulously hand crafted by our skilled artists and sneaker designers who colorway their creativity and talent together to every sneaker.",Knickgasm,Nike Air force 1,"black, black swoosh, cartoon, cartoons, custom nike shoes india, lines, Nike, nike air force 1, nike air force 1 white, nike red, nike shoes, prepaid, red",TRUE,144.11,182.47,https://cdn.shopify.com/s/files/1/0754/4094/7522/files/82EC85CA-BD4D-47E5-9065-3BEF37C5530B.jpg?v=1743623088,1,active,Custom Sneakers,
nike-air-force-1-x-galaxy,Nike Air Force 1 x Galaxy,"Introducing our unique and eye-catching Custom Hand Painted Nike Sneakers! These sneakers are the perfect colorway of style, art, and personalisation, making them a must-have for any sneaker-head or fashion enthusiast. Each pair of Custom Hand Painted Nike Sneakers is meticulously hand crafted by our skilled artists and sneaker designers who colorway their creativity and talent together to every sneaker",Knickgasm,Nike Air force 1,"blue, clouds, custom nike shoes india, custom nike sneakers, galaxy, light blue, Nike, nike air force 1, nike air force 1 white, nike blue, nike shoes, prepaid, sky, stars",TRUE,179.62,239.49,https://cdn.shopify.com/s/files/1/0754/4094/7522/files/Nike-Air-Force-1-x-Galaxy-Knickgasm-1337.jpg?v=1734417523,1,active,Custom Sneakers,
nike-court-vision-x-naruto,Nike Court Vision x Naruto,"Introducing our unique and eye-catching Custom Hand Painted Nike Sneakers! These sneakers are the perfect colorway of style, art, and personalisation, making them a must-have for any sneaker-head or fashion enthusiast. Each pair of Custom Hand Painted Nike Sneakers is meticulously hand crafted by our skilled artists and sneaker designers who colorway their creativity and talent together to every sneaker",Knickgasm,Nike Court Vision,"anime, anime art, anime shoes india, Anime-inspired sneakers, chinese, custom anime shoes india, custom anime sneaker india, custom nike shoes india, custom nike sneakers, Itachi Uchiha, madara, minato, naruto, Naruto cosplay shoes, Naruto custom sneakers, naruto eyes, naruto shppuden, Naruto Uzumaki, Nike, nike court vision, nike shoes, prepaid, sasuke, sasuke eyes, Sasuke Uchiha, Shikamaru Nara, uchiha",TRUE,128.08,152.47,https://cdn.shopify.com/s/files/1/0754/4094/7522/files/Nike-Court-Vision-x-Naruto-Knickgasm-5266.jpg?v=1734417514,1,active,Custom Sneakers,
nike-court-vision-x-naruto,,,,,,,,,https://cdn.shopify.com/s/files/1/0754/4094/7522/files/Nike-Court-Vision-x-Naruto-Knickgasm-614.jpg?v=1734417516,2,,,
nike-court-vision-x-naruto,,,,,,,,,https://cdn.shopify.com/s/files/1/0754/4094/7522/files/Nike-Court-Vision-x-Naruto-Knickgasm-4488.jpg?v=1734417518,3,,,
nike-court-vision-x-naruto,,,,,,,,,https://cdn.shopify.com/s/files/1/0754/4094/7522/files/Nike-Court-Vision-x-Naruto-Knickgasm-1814.jpg?v=1734417519,4,,,
nike-court-vision-x-naruto,,,,,,,,,https://cdn.shopify.com/s/files/1/0754/4094/7522/files/Nike-Court-Vision-x-Naruto-Knickgasm-4557.jpg?v=1734417521,5,,,
nike-air-force-1-x-pastels,Nike Air Force 1 x Pastels,"Introducing our unique and eye-catching Custom Hand Painted Nike Sneakers! These sneakers are the perfect colorway of style, art, and personalisation, making them a must-have for any sneaker-head or fashion enthusiast. Each pair of Custom Hand Painted Nike Sneakers is meticulously hand crafted by our skilled artists and sneaker designers who colorway their creativity and talent together to every sneaker",Knickgasm,Nike Air force 1,"asthetic, blue, colourful, custom nike shoes india, custom nike sneakers, dark, green, light blue, Nike, nike air force 1, nike air force 1 white, nike shoes, olive, pastel, pastel nike, pastels, prepaid, purple, sky blue, subtle",TRUE,133.65,178.19,https://cdn.shopify.com/s/files/1/0754/4094/7522/files/Nike-Air-Force-1-x-Pastels-Knickgasm-9358.jpg?v=1734417506,1,active,Custom Sneakers,
nike-air-force-1-x-pastels,,,,,,,,,https://cdn.shopify.com/s/files/1/0754/4094/7522/files/Nike-Air-Force-1-x-Pastels-Knickgasm-154.jpg?v=1734417508,2,,,
nike-air-force-1-x-pastels,,,,,,,,,https://cdn.shopify.com/s/files/1/0754/4094/7522/files/Nike-Air-Force-1-x-Pastels-Knickgasm-9740.jpg?v=1734417509,3,,,
nike-air-force-1-x-pastels,,,,,,,,,https://cdn.shopify.com/s/files/1/0754/4094/7522/files/Nike-Air-Force-1-x-Pastels-Knickgasm-6837.jpg?v=1734417511,4,,,
nike-air-force-1-x-pastels,,,,,,,,,https://cdn.shopify.com/s/files/1/0754/4094/7522/files/Nike-Air-Force-1-x-Pastels-Knickgasm-5083.jpg?v=1734417512,5,,,
nike-air-force-1-x-harry-potter,Nike Air Force 1 x Harry Potter,"Introducing our unique and eye-catching Custom Hand Painted Nike Sneakers! These sneakers are the perfect colorway of style, art, and personalisation, making them a must-have for any sneaker-head or fashion enthusiast. Each pair of Custom Hand Painted Nike Sneakers is meticulously hand crafted by our skilled artists and sneaker designers who colorway their creativity and talent together to every sneaker",Knickgasm,Nike Air force 1,"custom nike shoes india, custom nike sneakers, dumbeldore, harry, harry potter, Hermione Granger, hermoine, magic, muggle, Nike, nike air force 1, nike shoes, potter, potter head, prepaid, Ron Weasley, sirius, snape, wizard",TRUE,149.47,199.29,https://cdn.shopify.com/s/files/1/0754/4094/7522/files/Nike-Air-Force-1-x-Harry-Potter-Knickgasm-7950.jpg?v=1734417497,1,active,Custom Sneakers,
nike-air-force-1-x-harry-potter,,,,,,,,,https://cdn.shopify.com/s/files/1/0754/4094/7522/files/Nike-Air-Force-1-x-Harry-Potter-Knickgasm-3239.jpg?v=1734417498,2,,,
nike-air-force-1-x-harry-potter,,,,,,,,,https://cdn.shopify.com/s/files/1/0754/4094/7522/files/Nike-Air-Force-1-x-Harry-Potter-Knickgasm-3503.jpg?v=1734417500,3,,,
nike-air-force-1-x-harry-potter,,,,,,,,,https://cdn.shopify.com/s/files/1/0754/4094/7522/files/Nike-Air-Force-1-x-Harry-Potter-Knickgasm-4072.jpg?v=1734417501,4,,,
nike-air-force-1-x-harry-potter,,,,,,,,,https://cdn.shopify.com/s/files/1/0754/4094/7522/files/Nike-Air-Force-1-x-Harry-Potter-Knickgasm-9328.jpg?v=1734417504,5,,,
nike-air-force-1-x-breaking-bad,Nike Air Force 1 x Breaking Bad,"Introducing our unique and eye-catching Custom Hand Painted Nike Sneakers! These sneakers are the perfect colorway of style, art, and personalisation, making them a must-have for any sneaker-head or fashion enthusiast. Each pair of Custom Hand Painted Nike Sneakers is meticulously hand crafted by our skilled artists and sneaker designers who colorway their creativity and talent together to every sneaker",Knickgasm,Nike Air force 1,"bad, bitch, breaking, Breaking bad, custom nike shoes india, custom nike sneakers, featured, Jesse Pinkman, my name, netflix, Nike, nike air force 1, nike air force 1 white, nike shoes, prepaid, say, series, shows, Skyler White, tv, Walter White, yeah",TRUE,147.54,196.72,https://cdn.shopify.com/s/files/1/0754/4094/7522/files/Nike-Air-Force-1-x-Breaking-Bad-Knickgasm-3447.jpg?v=1734417469,1,active,Custom Sneakers,
nike-air-force-1-x-breaking-bad,,,,,,,,,https://cdn.shopify.com/s/files/1/0754/4094/7522/files/Nike-Air-Force-1-x-Breaking-Bad-Knickgasm-4212.jpg?v=1734417471,2,,,
nike-air-force-1-x-breaking-bad,,,,,,,,,https://cdn.shopify.com/s/files/1/0754/4094/7522/files/Nike-Air-Force-1-x-Breaking-Bad-Knickgasm-1667.jpg?v=1734417472,3,,,
nike-air-force-1-x-breaking-bad,,,,,,,,,https://cdn.shopify.com/s/files/1/0754/4094/7522/files/Nike-Air-Force-1-x-Breaking-Bad-Knickgasm-6842.jpg?v=1734417474,4,,,
nike-air-force-1-x-breaking-bad,,,,,,,,,https://cdn.shopify.com/s/files/1/0754/4094/7522/files/Nike-Air-Force-1-x-Breaking-Bad-Knickgasm-526.jpg?v=1734417475,5,,,
nike-air-force-1-x-breaking-bad,,,,,,,,,https://cdn.shopify.com/s/files/1/0754/4094/7522/files/Nike-Air-Force-1-x-Breaking-Bad-Knickgasm-8187.jpg?v=1734417477,6,,,
nike-court-vision-x-naruto-and-sasuke,Nike Court Vision x Naruto And Sasuke,"Introducing our unique and eye-catching Custom Hand Painted Nike Sneakers! These sneakers are the perfect colorway of style, art, and personalisation, making them a must-have for any sneaker-head or fashion enthusiast. Each pair of Custom Hand Painted Nike Sneakers is meticulously hand crafted by our skilled artists and sneaker designers who colorway their creativity and talent together to every sneaker",Knickgasm,Nike Court Vision,"anime, anime art, anime shoes india, Anime-inspired sneakers, cool custom, custom anime shoes india, custom anime sneaker india, custom nike shoes india, custom nike sneakers, custom shoes india, eyes, japanese, logo, naruto, Naruto cosplay shoes, Naruto custom sneakers, naruto eyes, naruto shppuden, Naruto Uzumaki, Nike, nike court vision, nike shoes, prepaid, sasuke, sasuke eyes, Sasuke Uchiha, swoosh",TRUE,119.53,142.29,https://cdn.shopify.com/s/files/1/0754/4094/7522/files/2A4967D8-212F-40E2-A3FC-BF13739FE01C.jpg?v=1743136120,1,active,Custom Sneakers,
nike-court-vision-x-naruto-and-sasuke,,,,,,,,,https://cdn.shopify.com/s/files/1/0754/4094/7522/files/B62B110D-0EDB-428C-896B-1E300237165B.jpg?v=1743136123,2,,,
nike-court-vision-x-naruto-and-sasuke,,,,,,,,,https://cdn.shopify.com/s/files/1/0754/4094/7522/files/0AB8EB24-A48F-4CF5-B6DF-F59048990F10.jpg?v=1743136123,3,,,
nike-court-vision-x-naruto-and-sasuke,,,,,,,,,https://cdn.shopify.com/s/files/1/0754/4094/7522/files/31C8BB85-C7A6-4821-9907-985B64A427C3.jpg?v=1743136120,4,,,
nike-court-vision-x-naruto-and-sasuke,,,,,,,,,https://cdn.shopify.com/s/files/1/0754/4094/7522/files/85010108-E150-4535-9F46-371D0BDD92D5.jpg?v=1743136120,5,,,
nike-air-force-1-x-mismatched-dragon,Mismatched Dragon x Nike Air Force 1,"Introducing our unique and eye-catching Custom Hand Painted Nike Sneakers! These sneakers are the perfect colorway of style, art, and personalisation, making them a must-have for any sneaker-head or fashion enthusiast. Each pair of Custom Hand Painted Nike Sneakers is meticulously hand crafted by our skilled artists and sneaker designers who colorway their creativity and talent together to every sneaker",Knickgasm,Nike Air force 1,"black dragon, chinese, custom nike shoes india, custom nike sneakers, dragon, featured, japanese, mismatched, monster, Nike, nike air force 1, nike air force 1 white, nike shoes, prepaid, red, red dragon, sapphire dragon",TRUE,147.54,196.72,https://cdn.shopify.com/s/files/1/0754/4094/7522/files/Nike-Air-Force-1-x-Mismatched-Dragon-Knickgasm-6696.jpg?v=1734417452,1,active,Custom Sneakers,
nike-air-force-1-x-mismatched-dragon,,,,,,,,,https://cdn.shopify.com/s/files/1/0754/4094/7522/files/Nike-Air-Force-1-x-Mismatched-Dragon-Knickgasm-2208.jpg?v=1734417454,2,,,
nike-air-force-1-x-mismatched-dragon,,,,,,,,,https://cdn.shopify.com/s/files/1/0754/4094/7522/files/Nike-Air-Force-1-x-Mismatched-Dragon-Knickgasm-6639.jpg?v=1734417456,3,,,
nike-air-force-1-x-mismatched-dragon,,,,,,,,,https://cdn.shopify.com/s/files/1/0754/4094/7522/files/Nike-Air-Force-1-x-Mismatched-Dragon-Knickgasm-2933.jpg?v=1734417458,4,,,
nike-court-vision-x-shapes,Nike Court Vision x Shapes,"Introducing our unique and eye-catching Custom Hand Painted Nike Sneakers! These sneakers are the perfect colorway of style, art, and personalisation, making them a must-have for any sneaker-head or fashion enthusiast. Each pair of Custom Hand Painted Nike Sneakers is meticulously hand crafted by our skilled artists and sneaker designers who colorway their creativity and talent together to every sneaker",Knickgasm,Nike Court Vision,"blue, cool, cool custom, custom nike shoes india, custom nike sneakers, influencer, Nike, nike black, nike court vision, nike court vision black, nike shoes, prepaid, shape, shapes, shreyas",TRUE,114.65,136.48,https://cdn.shopify.com/s/files/1/0754/4094/7522/files/Nike-Court-Vision-x-Shapes-Knickgasm-8780.jpg?v=1734417448,1,active,Custom Sneakers,
nike-court-vision-x-shapes,,,,,,,,,https://cdn.shopify.com/s/files/1/0754/4094/7522/files/Nike-Court-Vision-x-Shapes-Knickgasm-499.jpg?v=1734417449,2,,,
nike-court-vision-x-shapes,,,,,,,,,https://cdn.shopify.com/s/files/1/0754/4094/7522/files/Nike-Court-Vision-x-Shapes-Knickgasm-3122.jpg?v=1734417451,3,,,
nike-air-force-1-x-last-airbender-water-tribe,Nike Air Force 1 x Last Airbender' Water Tribe,"Introducing our unique and eye-catching Custom Hand Painted Nike Sneakers! These sneakers are the perfect colorway of style, art, and personalisation, making them a must-have for any sneaker-head or fashion enthusiast. Each pair of Custom Hand Painted Nike Sneakers is meticulously hand crafted by our skilled artists and sneaker designers who colorway their creativity and talent together to every sneaker",Knickgasm,Nike Air force 1,"air, bender, black, blue, branch, custom nike shoes india, custom nike sneakers, custom shoes india, last, Nike, nike air force 1, nike air force 1 white, nike black, nike black shoes, nike shoes, prepaid, tribe, water",TRUE,144.34,192.46,https://cdn.shopify.com/s/files/1/0754/4094/7522/files/Nike-Air-Force-1-x-Last-Airbender-Water-Tribe-Knickgasm-4470.jpg?v=1734417440,1,active,Custom Sneakers,
nike-air-force-1-x-one-piece,One Piece x Nike Air Force 1,"Introducing our unique and eye-catching Custom Hand Painted Nike Sneakers! These sneakers are the perfect colorway of style, art, and personalisation, making them a must-have for any sneaker-head or fashion enthusiast. Made on 100% Original Nike sneakers , our custom hand painted designs are durable and long-lasting. The high-quality materials used ensure that your sneakers will maintain their vibran",Knickgasm,Nike Air force 1,"anime, anime art, anime shoes india, Anime-inspired sneakers, Brook, chinese, custom anime shoes india, custom anime sneaker india, custom nike shoes india, custom nike sneakers, custom shoes india, featured, luff, Nami, Nike, nike air force 1, nike air force 1 white, one, one piece, one piece custom, pirate, prepaid, Robin, Sanji, skull, Tony Tony Chopper, Usopp, zoro",TRUE,192.00,239.49,https://cdn.shopify.com/s/files/1/0754/4094/7522/files/Nike-Air-Force-1-x-One-Piece-Knickgasm-9179.jpg?v=1734417428,1,active,Custom Sneakers,
nike-air-force-1-x-one-piece,,,,,,,,,https://cdn.shopify.com/s/files/1/0754/4094/7522/files/Nike-Air-Force-1-x-One-Piece-Knickgasm-1501.jpg?v=1734417429,2,,,
nike-air-force-1-x-one-piece,,,,,,,,,https://cdn.shopify.com/s/files/1/0754/4094/7522/files/Nike-Air-Force-1-x-One-Piece-Knickgasm-4638.jpg?v=1734417431,3,,,
nike-air-force-1-x-one-piece,,,,,,,,,https://cdn.shopify.com/s/files/1/0754/4094/7522/files/Nike-Air-Force-1-x-One-Piece-Knickgasm-9838.jpg?v=1734417432,4,,,
nike-air-force-1-x-one-piece,,,,,,,,,https://cdn.shopify.com/s/files/1/0754/4094/7522/files/Nike-Air-Force-1-x-One-Piece-Knickgasm-215.jpg?v=1734417434,5,,,
nike-court-vision-x-peppa-pig,Nike Court Vision x Peppa Pig,"Introducing our unique and eye-catching Custom Hand Painted Nike Sneakers! These sneakers are the perfect colorway of style, art, and personalisation, making them a must-have for any sneaker-head or fashion enthusiast. Each pair of Custom Hand Painted Nike Sneakers is meticulously hand crafted by our skilled artists and sneaker designers who colorway their creativity and talent together to every sneaker",Knickgasm,Nike Court Vision,"animal, blue, cartoon, cloud, custom nike shoes india, custom nike sneakers, nike court vision, nike shoes, Peppa, peppa pig, pig, prepaid",TRUE,115.87,137.93,https://cdn.shopify.com/s/files/1/0754/4094/7522/files/Nike-Court-Vision-x-Peppa-Pig-Knickgasm-7785.jpg?v=1734417400,1,active,Custom Sneakers,
nike-court-vision-x-peppa-pig,,,,,,,,,https://cdn.shopify.com/s/files/1/0754/4094/7522/files/Nike-Court-Vision-x-Peppa-Pig-Knickgasm-5012.jpg?v=1734417402,2,,,
nike-court-vision-x-peppa-pig,,,,,,,,,https://cdn.shopify.com/s/files/1/0754/4094/7522/files/Nike-Court-Vision-x-Peppa-Pig-Knickgasm-5572.jpg?v=1734417404,3,,,
nike-court-vision-x-peppa-pig,,,,,,,,,https://cdn.shopify.com/s/files/1/0754/4094/7522/files/Nike-Court-Vision-x-Peppa-Pig-Knickgasm-9352.jpg?v=1734417405,4,,,
nike-court-vision-x-peppa-pig,,,,,,,,,https://cdn.shopify.com/s/files/1/0754/4094/7522/files/Nike-Court-Vision-x-Peppa-Pig-Knickgasm-6878.jpg?v=1734417406,5,,,
nike-court-vision-x-peppa-pig,,,,,,,,,https://cdn.shopify.com/s/files/1/0754/4094/7522/files/Nike-Court-Vision-x-Peppa-Pig-Knickgasm-289.jpg?v=1734417408,6,,,
converse-x-hunter-x-hunter,Converse x Hunter x Hunter,"Introducing our unique and eye-catching Custom Hand Painted Converse Sneakers! These sneakers are the perfect colorway of style, art, and personalization, making them a must-have for any sneaker-head or fashion enthusiast. Each pair of Custom Hand Painted Converse Sneakers is meticulously hand crafted by our skilled artists and sneaker designers who colorway their creativity and talent together to every",Knickgasm,Converse,"anime, anime art, anime shoes india, Anime-inspired sneakers, blue, Converse, converse all star, converse black, converse custom shoes, converse custom shoes India, converse delhi, converse high tops, converse mumbai, cool custom, custom anime shoes india, custom anime sneaker india, custom converse, custom shoes india, eorio Paradinight, Gon Freecss, Hisoka, hunter, hunter x hunter, Killua Zoldyck, Kurapika, Meruem, prepaid, x, yellow",TRUE,99.84,133.12,https://cdn.shopify.com/s/files/1/0754/4094/7522/files/Converse-x-Hunter-x-Hunter-Knickgasm-9651.jpg?v=1734417393,1,active,Custom Sneakers,
converse-x-hunter-x-hunter,,,,,,,,,https://cdn.shopify.com/s/files/1/0754/4094/7522/files/Converse-x-Hunter-x-Hunter-Knickgasm-427.jpg?v=1734417394,2,,,
converse-x-hunter-x-hunter,,,,,,,,,https://cdn.shopify.com/s/files/1/0754/4094/7522/files/Converse-x-Hunter-x-Hunter-Knickgasm-4379.jpg?v=1734417395,3,,,
converse-x-hunter-x-hunter,,,,,,,,,https://cdn.shopify.com/s/files/1/0754/4094/7522/files/Converse-x-Hunter-x-Hunter-Knickgasm-2691.jpg?v=1734417397,4,,,
converse-x-hunter-x-hunter,,,,,,,,,https://cdn.shopify.com/s/files/1/0754/4094/7522/files/Converse-x-Hunter-x-Hunter-Knickgasm-8461.jpg?v=1734417399,5,,,
nike-air-force-1-x-juice-world-drip,Nike Air Force 1 x Drip,"Introducing our unique and eye-catching Custom Hand Painted Nike Sneakers! These sneakers are the perfect colorway of style, art, and personalisation, making them a must-have for any sneaker-head or fashion enthusiast. Each pair of Custom Hand Painted Nike Sneakers is meticulously hand crafted by our skilled artists and sneaker designers who colorway their creativity and talent together to every sneaker",Knickgasm,Nike Air force 1,"album, All Girls Are The Same, Armed and Dangerous, Black & White, blue, custom nike shoes india, custom nike sneakers, drip, earth, featured, juice, juice world, Legends, Lucid Dreams, music, Nike, nike air force 1, nike air force 1 white, nike shoes, prepaid, Wishing Well",TRUE,144.34,192.46,https://cdn.shopify.com/s/files/1/0754/4094/7522/files/Nike-Air-Force-1-x-Drip-Knickgasm-6854.jpg?v=1734417382,1,active,Custom Sneakers,
nike-air-force-1-x-juice-world-drip,,,,,,,,,https://cdn.shopify.com/s/files/1/0754/4094/7522/files/Nike-Air-Force-1-x-Drip-Knickgasm-1731.jpg?v=1734417384,2,,,
nike-air-force-1-x-juice-world-drip,,,,,,,,,https://cdn.shopify.com/s/files/1/0754/4094/7522/files/Nike-Air-Force-1-x-Drip-Knickgasm-5621.jpg?v=1734417385,3,,,
nike-air-force-1-x-juice-world-drip,,,,,,,,,https://cdn.shopify.com/s/files/1/0754/4094/7522/files/Nike-Air-Force-1-x-Drip-Knickgasm-3656.jpg?v=1734417387,4,,,
nike-air-force-1-x-blue-butterfly,Blue Butterfly x Nike Air Force 1,"Introducing our unique and eye-catching Custom Hand Painted Nike Sneakers! These sneakers are the perfect colorway of style, art, and personalisation, making them a must-have for any sneaker-head or fashion enthusiast. Each pair of Custom Hand Painted Nike Sneakers is meticulously hand crafted by our skilled artists and sneaker designers who colorway their creativity and talent together to every sneaker",Knickgasm,Nike Air force 1,"blue, blue butterfly, Butterfly, cool custom, custom nike shoes india, custom nike sneakers, custom shoes india, featured, fly, light blue, Minimal, minimalist, Nike, nike air force 1, nike air force 1 white, nike blue butterfly, nike butterfly, prepaid, summer collection, women",TRUE,147.54,196.72,https://cdn.shopify.com/s/files/1/0754/4094/7522/files/CB60EB61-CB0A-4B4B-8997-96B7167FF904.jpg?v=1772716234,1,active,Custom Sneakers,
nike-air-force-1-x-blue-butterfly,,,,,,,,,https://cdn.shopify.com/s/files/1/0754/4094/7522/files/Nike-Air-Force-1-x-Blue-Butterfly-Knickgasm-1488.jpg?v=1772716234,2,,,
nike-air-force-1-x-blue-butterfly,,,,,,,,,https://cdn.shopify.com/s/files/1/0754/4094/7522/files/Nike-Air-Force-1-x-Blue-Butterfly-Knickgasm-4778.jpg?v=1772716234,3,,,
nike-air-force-1-x-blue-butterfly,,,,,,,,,https://cdn.shopify.com/s/files/1/0754/4094/7522/files/Nike-Air-Force-1-x-Blue-Butterfly-Knickgasm-8050.jpg?v=1772716234,4,,,
nike-air-force-1-x-blue-butterfly,,,,,,,,,https://cdn.shopify.com/s/files/1/0754/4094/7522/files/Nike-Air-Force-1-x-Blue-Butterfly-Knickgasm-9206.jpg?v=1772716234,5,,,
nike-court-vision-x-pastels,Candy x Nike Court Vision,"Introducing our unique and eye-catching Custom Hand Painted Nike Sneakers! These sneakers are the perfect colorway of style, art, and personalisation, making them a must-have for any sneaker-head or fashion enthusiast. Each pair of Custom Hand Painted Nike Sneakers is meticulously hand crafted by our skilled artists and sneaker designers who colorway their creativity and talent together to every sneaker",Knickgasm,Nike Court Vision,"asthetic, blue, colourful, cool custom, custom nike shoes india, custom nike sneakers, custom shoes india, featured, light blue, line, Nike, nike court vision, nike shoes, pastel, pastel nike, pastels, pink, prepaid, purple, red, voilet, yellow",TRUE,123.90,147.50,https://cdn.shopify.com/s/files/1/0754/4094/7522/files/Nike-Court-Vision-x-Pastels-Knickgasm-4084.jpg?v=1734417355,1,active,Custom Sneakers,
nike-court-vision-x-pastels,,,,,,,,,https://cdn.shopify.com/s/files/1/0754/4094/7522/files/Nike-Court-Vision-x-Pastels-Knickgasm-6730.jpg?v=1734417357,2,,,
nike-court-vision-x-pastels,,,,,,,,,https://cdn.shopify.com/s/files/1/0754/4094/7522/files/Nike-Court-Vision-x-Pastels-Knickgasm-6854.jpg?v=1734417354,3,,,
nike-court-vision-x-pastels,,,,,,,,,https://cdn.shopify.com/s/files/1/0754/4094/7522/files/Nike-Court-Vision-x-Pastels-Knickgasm-4024.jpg?v=1734417358,4,,,
converse-x-demon-slayer,Tanjiro x Demon Slayer x Converse,"Introducing our unique and eye-catching Custom Hand Painted Converse Sneakers! These sneakers are the perfect colorway of style, art, and personalization, making them a must-have for any sneaker-head or fashion enthusiast. Each pair of Custom Hand Painted Converse Sneakers is meticulously hand crafted by our skilled artists and sneaker designers who colorway their creativity and talent together to every",Knickgasm,Converse,"anime, anime art, anime shoes india, Anime-inspired sneakers, black, black converse, black shoes, Converse, converse all star, converse black, converse custom shoes, converse custom shoes India, converse delhi, converse high tops, converse mumbai, cool custom, custom anime shoes india, custom anime sneaker india, custom converse, custom shoes india, Demon, Demon slayer, Demon Slayer: Kimetsu no Yaiba, featured, flames, Giyu Tomioka, Inosuke Hashibira, Kimetsu, Kyojuro Rengoku, Nezuko Kamado, prepaid, Shinobu Kocho, slayer, Tanjiro Kamado, Yaiba, Zenitsu Agatsuma",TRUE,115.26,153.67,https://cdn.shopify.com/s/files/1/0754/4094/7522/files/Converse-x-Demon-Slayer-Knickgasm-730.jpg?v=1734417346,1,active,Custom Sneakers,
converse-x-demon-slayer,,,,,,,,,https://cdn.shopify.com/s/files/1/0754/4094/7522/files/Converse-x-Demon-Slayer-Knickgasm-140.jpg?v=1734417347,2,,,
converse-x-demon-slayer,,,,,,,,,https://cdn.shopify.com/s/files/1/0754/4094/7522/files/Converse-x-Demon-Slayer-Knickgasm-578.jpg?v=1734417349,3,,,
converse-x-demon-slayer,,,,,,,,,https://cdn.shopify.com/s/files/1/0754/4094/7522/files/Converse-x-Demon-Slayer-Knickgasm-5683.jpg?v=1734417350,4,,,
converse-x-demon-slayer,,,,,,,,,https://cdn.shopify.com/s/files/1/0754/4094/7522/files/Converse-x-Demon-Slayer-Knickgasm-3828.jpg?v=1734417352,5,,,
nike-court-vision-x-pastel-blue,Nike Court Vision x Blue,"Introducing our unique and eye-catching Custom Hand Painted Nike Sneakers! These sneakers are the perfect colorway of style, art, and personalisation, making them a must-have for any sneaker-head or fashion enthusiast. Each pair of Custom Hand Painted Nike Sneakers is meticulously hand crafted by our skilled artists and sneaker designers who colorway their creativity and talent together to every sneaker",Knickgasm,Nike Court Vision,"blue, cool custom, custom nike shoes india, custom nike sneakers, custom shoes india, featured, light blue, Nike, nike court vision, nike court vision blue, pastel, pastel nike, pastels, prepaid, sky blue",TRUE,123.29,146.77,https://cdn.shopify.com/s/files/1/0754/4094/7522/files/Nike-Court-Vision-x-Pastel-Blue-Knickgasm-2633.jpg?v=1734417341,1,active,Custom Sneakers,
nike-court-vision-x-pastel-blue,,,,,,,,,https://cdn.shopify.com/s/files/1/0754/4094/7522/files/Nike-Court-Vision-x-Pastel-Blue-Knickgasm-1267.jpg?v=1734417343,2,,,
nike-court-vision-x-pastel-blue,,,,,,,,,https://cdn.shopify.com/s/files/1/0754/4094/7522/files/Nike-Court-Vision-x-Pastel-Blue-Knickgasm-6209.jpg?v=1734417344,3,,,
converse-x-kuroko-no-basuke-kuroko-and-kagami,Converse x Kuroko no Basuke (Kuroko and Kagami),"Introducing our unique and eye-catching Custom Hand Painted Converse Sneakers! These sneakers are the perfect colorway of style, art, and personalization, making them a must-have for any sneaker-head or fashion enthusiast. Each pair of Custom Hand Painted Converse Sneakers is meticulously hand crafted by our skilled artists and sneaker designers who colorway their creativity and talent together to every",Knickgasm,Converse,"10, anime, anime art, anime shoes india, Anime-inspired sneakers, basketball, basuke, blue, Converse, converse all star, converse custom shoes, converse custom shoes India, converse high tops, converse mumbai, converse white, cool custom, custom anime shoes india, custom anime sneaker india, custom converse, custom shoes india, high school, kagami, kuroko, no, orange, prepaid, Ryota Kise, Seijuro Akashi, Shintaro Midorima, Taiga Kagami:, Tetsuya Kuroko",TRUE,103.37,137.83,https://cdn.shopify.com/s/files/1/0754/4094/7522/files/Converse-x-Kuroko-no-Basuke-Kuroko-and-Kagami-Knickgasm-4761.jpg?v=1734417326,1,active,Custom Sneakers,
converse-x-kuroko-no-basuke-kuroko-and-kagami,,,,,,,,,https://cdn.shopify.com/s/files/1/0754/4094/7522/files/Converse-x-Kuroko-no-Basuke-Kuroko-and-Kagami-Knickgasm-327.jpg?v=1734417328,2,,,
converse-x-kuroko-no-basuke-kuroko-and-kagami,,,,,,,,,https://cdn.shopify.com/s/files/1/0754/4094/7522/files/Converse-x-Kuroko-no-Basuke-Kuroko-and-Kagami-Knickgasm-6484.jpg?v=1734417329,3,,,
converse-x-kuroko-no-basuke-kuroko-and-kagami,,,,,,,,,https://cdn.shopify.com/s/files/1/0754/4094/7522/files/Converse-x-Kuroko-no-Basuke-Kuroko-and-Kagami-Knickgasm-5003.jpg?v=1734417331,4,,,
converse-x-kuroko-no-basuke-kuroko-and-kagami,,,,,,,,,https://cdn.shopify.com/s/files/1/0754/4094/7522/files/Converse-x-Kuroko-no-Basuke-Kuroko-and-Kagami-Knickgasm-2950.jpg?v=1734417333,5,,,
converse-x-kuroko-no-basuke-kuroko-and-kagami,,,,,,,,,https://cdn.shopify.com/s/files/1/0754/4094/7522/files/Converse-x-Kuroko-no-Basuke-Kuroko-and-Kagami-Knickgasm-5820.jpg?v=1734417334,6,,,
nike-air-force-1-x-gradient,Gradient x Nike Air Force 1,"Introducing our unique and eye-catching Custom Hand Painted Nike Sneakers! These sneakers are the perfect colorway of style, art, and personalisation, making them a must-have for any sneaker-head or fashion enthusiast. Each pair of Custom Hand Painted Nike Sneakers is meticulously hand crafted by our skilled artists and sneaker designers who colorway their creativity and talent together to every sneaker",Knickgasm,Nike Air force 1,"blue, custom nike shoes india, custom nike sneakers, featured, Gradient, light blue, lines, Nike, nike air force 1, nike air force 1 white, nike shoes, outline, prepaid, purple, shade",TRUE,136.86,182.47,https://cdn.shopify.com/s/files/1/0754/4094/7522/files/Nike-Air-Force-1-x-Gradient-Knickgasm-5709.jpg?v=1734417325,1,active,Custom Sneakers,
nike-air-force-1-x-gradient,,,,,,,,,https://cdn.shopify.com/s/files/1/0754/4094/7522/files/Nike-Air-Force-1-x-Gradient-Knickgasm-7926.jpg?v=1734417323,2,,,
nike-air-force-1-x-gradient,,,,,,,,,https://cdn.shopify.com/s/files/1/0754/4094/7522/files/Nike-Air-Force-1-x-Gradient-Knickgasm-4459.jpg?v=1734417322,3,,,
converse-x-one-piece,One Piece x Converse,"Introducing our unique and eye-catching Custom Hand Painted Converse Sneakers! These sneakers are the perfect colorway of style, art, and personalization, making them a must-have for any sneaker-head or fashion enthusiast. Each pair of Custom Hand Painted Converse Sneakers is meticulously hand crafted by our skilled artists and sneaker designers who colorway their creativity and talent together to every",Knickgasm,Converse,"anime, anime shoes india, Anime-inspired sneakers, Converse, converse custom shoes, converse custom shoes India, converse high tops, cool custom, custom anime shoes india, custom anime sneaker india, custom shoes india, featured, Franky, japanese, luffy, Nami, one piece, one piece custom, pirate, prepaid, Sanji, sword, Usopp",TRUE,123.43,137.83,https://cdn.shopify.com/s/files/1/0754/4094/7522/files/Converse-x-One-Piece-Knickgasm-7066.jpg?v=1734417304,1,active,Custom Sneakers,
converse-x-one-piece,,,,,,,,,https://cdn.shopify.com/s/files/1/0754/4094/7522/files/Converse-x-One-Piece-Knickgasm-4270.jpg?v=1734417305,2,,,
converse-x-one-piece,,,,,,,,,https://cdn.shopify.com/s/files/1/0754/4094/7522/files/Converse-x-One-Piece-Knickgasm-6102.jpg?v=1734417307,3,,,
converse-x-one-piece,,,,,,,,,https://cdn.shopify.com/s/files/1/0754/4094/7522/files/Converse-x-One-Piece-Knickgasm-6819.jpg?v=1734417308,4,,,
converse-x-one-piece,,,,,,,,,https://cdn.shopify.com/s/files/1/0754/4094/7522/files/Converse-x-One-Piece-Knickgasm-2724.jpg?v=1734417310,5,,,
converse-x-one-piece,,,,,,,,,https://cdn.shopify.com/s/files/1/0754/4094/7522/files/Converse-x-One-Piece-Knickgasm-3340.jpg?v=1734417311,6,,,
converse-x-one-piece,,,,,,,,,https://cdn.shopify.com/s/files/1/0754/4094/7522/files/Converse-x-One-Piece-Knickgasm-4609.jpg?v=1734417313,7,,,
nike-air-force-1-x-wings,Wings x Nike Air Force 1,"Introducing our unique and eye-catching Custom Hand Painted Nike Sneakers! These sneakers are the perfect colorway of style, art, and personalisation, making them a must-have for any sneaker-head or fashion enthusiast. Made on 100% Original Nike sneakers , our custom hand painted designs are durable and long-lasting. The high-quality materials used ensure that your sneakers will maintain their vibran",Knickgasm,Nike Air force 1,"black, custom nike shoes india, custom nike sneakers, custom shoes india, Feather, featured, fly, Nike, nike air force 1, nike air force 1 white, nike black, nike shoes, prepaid, Wings",TRUE,147.54,194.09,https://cdn.shopify.com/s/files/1/0754/4094/7522/files/Nike-Air-Force-1-x-Wings-Knickgasm-4851.jpg?v=1734417298,1,active,Custom Sneakers,
nike-air-force-1-x-wings,,,,,,,,,https://cdn.shopify.com/s/files/1/0754/4094/7522/files/Nike-Air-Force-1-x-Wings-Knickgasm-4294.jpg?v=1734417299,2,,,
nike-air-force-1-x-wings,,,,,,,,,https://cdn.shopify.com/s/files/1/0754/4094/7522/files/Nike-Air-Force-1-x-Wings-Knickgasm-6022.jpg?v=1734417300,3,,,
nike-air-force-1-x-wings,,,,,,,,,https://cdn.shopify.com/s/files/1/0754/4094/7522/files/Nike-Air-Force-1-x-Wings-Knickgasm-9374.jpg?v=1734417302,4,,,
nike-court-vision-x-blue-sapphire-dragon,Nike Court Vision x Blue Sapphire Dragon,"Introducing our unique and eye-catching Custom Hand Painted Nike Sneakers! These sneakers are the perfect colorway of style, art, and personalisation, making them a must-have for any sneaker-head or fashion enthusiast. Each pair of Custom Hand Painted Nike Sneakers is meticulously hand crafted by our skilled artists and sneaker designers who colorway their creativity and talent together to every sneaker",Knickgasm,Nike Court Vision,"blue, blue dragon, cherry blossom, chinese, cool custom, custom nike shoes india, custom nike sneakers, custom shoes india, dragon, featured, japanese, monster, Nike, nike court vision, nike court vision blue, nike shoes, prepaid, sapphire, sapphire dragon, snake",TRUE,107.33,127.77,https://cdn.shopify.com/s/files/1/0754/4094/7522/files/Nike-Court-Vision-x-Blue-Sapphire-Dragon-Knickgasm-5801.jpg?v=1734417291,1,active,Custom Sneakers,
nike-court-vision-x-blue-sapphire-dragon,,,,,,,,,https://cdn.shopify.com/s/files/1/0754/4094/7522/files/Nike-Court-Vision-x-Blue-Sapphire-Dragon-Knickgasm-3289.jpg?v=1734417293,2,,,
nike-court-vision-x-blue-sapphire-dragon,,,,,,,,,https://cdn.shopify.com/s/files/1/0754/4094/7522/files/Nike-Court-Vision-x-Blue-Sapphire-Dragon-Knickgasm-5971.jpg?v=1734417294,3,,,
nike-court-vision-x-blue-sapphire-dragon,,,,,,,,,https://cdn.shopify.com/s/files/1/0754/4094/7522/files/Nike-Court-Vision-x-Blue-Sapphire-Dragon-Knickgasm-357.jpg?v=1734417296,4,,,
nike-air-force-1-x-pewdiepie,Pewdiepie x Nike Air Force 1,"Introducing our unique and eye-catching Custom Hand Painted Nike Sneakers! These sneakers are the perfect colorway of style, art, and personalisation, making them a must-have for any sneaker-head or fashion enthusiast. Each pair of Custom Hand Painted Nike Sneakers is meticulously hand crafted by our skilled artists and sneaker designers who colorway their creativity and talent together to every sneaker",Knickgasm,Nike Air force 1,"black, curve, custom nike shoes india, custom nike sneakers, featured, illusion, Nike, nike air force 1, nike air force 1 white, nike shoes, pewdiepie, prepaid, red, stripes",TRUE,144.34,192.46,https://cdn.shopify.com/s/files/1/0754/4094/7522/files/Nike-Air-Force-1-x-Pewdiepie-Knickgasm-5568.jpg?v=1734417278,1,active,Custom Sneakers,
nike-air-force-1-x-pewdiepie,,,,,,,,,https://cdn.shopify.com/s/files/1/0754/4094/7522/files/Nike-Air-Force-1-x-Pewdiepie-Knickgasm-2840.jpg?v=1734417280,2,,,
nike-air-force-1-x-pewdiepie,,,,,,,,,https://cdn.shopify.com/s/files/1/0754/4094/7522/files/Nike-Air-Force-1-x-Pewdiepie-Knickgasm-5448.jpg?v=1734417282,3,,,
nike-air-force-1-x-pewdiepie,,,,,,,,,https://cdn.shopify.com/s/files/1/0754/4094/7522/files/Nike-Air-Force-1-x-Pewdiepie-Knickgasm-1768.jpg?v=1734417283,4,,,
nike-air-force-1-x-alien,Alien x Nike Air Force 1,"Introducing our unique and eye-catching Custom Hand Painted Nike Sneakers! These sneakers are the perfect colorway of style, art, and personalisation, making them a must-have for any sneaker-head or fashion enthusiast. Each pair of Custom Hand Painted Nike Sneakers is meticulously hand crafted by our skilled artists and sneaker designers who colorway their creativity and talent together to every sneaker",Knickgasm,Nike Air force 1,"alein, Alien, cartoon, clouds, colourful, custom nike shoes india, custom nike sneakers, custom shoes india, featured, green, nike air force 1, nike air force 1 white, nike shoes, prepaid, sun, sunrise, voilet, yellow",TRUE,144.34,192.46,https://cdn.shopify.com/s/files/1/0754/4094/7522/files/Nike-Air-Force-1-x-Alien-Knickgasm-1757.jpg?v=1734417274,1,active,Custom Sneakers,
nike-air-force-1-x-alien,,,,,,,,,https://cdn.shopify.com/s/files/1/0754/4094/7522/files/Nike-Air-Force-1-x-Alien-Knickgasm-4170.jpg?v=1734417276,2,,,
nike-air-force-1-x-juice-world,Juice WRLD x Nike Air Force 1,"Introducing our unique and eye-catching Custom Hand Painted Nike Sneakers! These sneakers are the perfect colorway of style, art, and personalisation, making them a must-have for any sneaker-head or fashion enthusiast. Each pair of Custom Hand Painted Nike Sneakers is meticulously hand crafted by our skilled artists and sneaker designers who colorway their creativity and talent together to every sneaker",Knickgasm,Nike Air force 1,"999, All Girls Are The Same, Armed and Dangerous, custom nike shoes india, custom nike sneakers, custom shoes india, die, featured, juice, juice world, Legends, legendsnever, Lucid Dreams, music, Nike, nike air force 1, nike air force 1 white, nike shoes, prepaid, purple, Righteous, Robbery, Wishing Well, world",TRUE,144.34,192.46,https://cdn.shopify.com/s/files/1/0754/4094/7522/files/Nike-Air-Force-1-x-Juice-World-Knickgasm-9128.jpg?v=1734417271,1,active,Custom Sneakers,
nike-air-force-1-x-juice-world,,,,,,,,,https://cdn.shopify.com/s/files/1/0754/4094/7522/files/Nike-Air-Force-1-x-Juice-World-Knickgasm-2316.jpg?v=1734417273,2,,,
nike-air-force-1-x-shark,Shark x Nike Air Force 1,"Introducing our unique and eye-catching Custom Nike Air Force 1 x Shark Hand Painted Nike Sneakers! These sneakers are the perfect colorway of style, art, and personalisation, making them a must-have for any sneaker-head or fashion enthusiast. Each pair of Custom Hand Painted Nike Sneakers is meticulously hand crafted by our skilled artists and sneaker designers who colorway their creativity and talent ",Knickgasm,Nike Air force 1,"aman gupta shoes, anupam mittal shoes, ashneer grover shoes, blue, custom nike shoes india, custom nike sneakers, featured, lettering, letters writting, Nike, nike air force 1 white, nike shark custom, nike shoes, peeyush bansal shark shoes, prepaid, shark design, shark tank india, sony, white shoes",TRUE,155.04,206.72,https://cdn.shopify.com/s/files/1/0754/4094/7522/files/Nike-Air-Force-1-x-Shark-Knickgasm-2101.jpg?v=1734417265,1,active,Custom Sneakers,
nike-air-force-1-x-shark,,,,,,,,,https://cdn.shopify.com/s/files/1/0754/4094/7522/files/Nike-Air-Force-1-x-Shark-Knickgasm-6165.jpg?v=1734417266,2,,,
nike-air-force-1-x-shark,,,,,,,,,https://cdn.shopify.com/s/files/1/0754/4094/7522/files/Nike-Air-Force-1-x-Shark-Knickgasm-4691.jpg?v=1734417268,3,,,
nike-air-force-1-x-shark,,,,,,,,,https://cdn.shopify.com/s/files/1/0754/4094/7522/files/Nike-Air-Force-1-x-Shark-Knickgasm-5391.jpg?v=1734417269,4,,,
nike-air-force-1-x-pastel-candy,Pastel Candy x Nike Air Force 1,"Introducing our unique and eye-catching Custom Hand Painted Nike Sneakers! These sneakers are the perfect colorway of style, art, and personalisation, making them a must-have for any sneaker-head or fashion enthusiast. Each pair of Custom Hand Painted Nike Sneakers is meticulously hand crafted by our skilled artists and sneaker designers who colorway their creativity and talent together to every sneaker",Knickgasm,Nike Air force 1,"blue, candy, colourful, cool custom, custom nike shoes india, custom nike sneakers, custom shoes india, featured, green, mix, neon, Nike, nike air force 1, nike shoes, pastel, pastel nike, pink, prepaid",TRUE,136.86,182.47,https://cdn.shopify.com/s/files/1/0754/4094/7522/files/Nike-Air-Force-1-x-Pastel-Candy-Knickgasm-4014.jpg?v=1734417257,1,active,Custom Sneakers,
nike-air-force-1-x-pastel-candy,,,,,,,,,https://cdn.shopify.com/s/files/1/0754/4094/7522/files/Nike-Air-Force-1-x-Pastel-Candy-Knickgasm-5730.jpg?v=1734417258,2,,,
nike-air-force-1-x-pastel-candy,,,,,,,,,https://cdn.shopify.com/s/files/1/0754/4094/7522/files/Nike-Air-Force-1-x-Pastel-Candy-Knickgasm-4435.jpg?v=1734417260,3,,,
nike-air-force-1-x-pastel-candy,,,,,,,,,https://cdn.shopify.com/s/files/1/0754/4094/7522/files/Nike-Air-Force-1-x-Pastel-Candy-Knickgasm-7428.jpg?v=1734417262,4,,,
nike-air-force-1-x-pastel-candy,,,,,,,,,https://cdn.shopify.com/s/files/1/0754/4094/7522/files/Nike-Air-Force-1-x-Pastel-Candy-Knickgasm-4110.jpg?v=1734417263,5,,,
converse-x-flower-embroidery,Converse x Flower Embroidery,"Stand out from the crowd with these unique, custom Converse shoes. Hand-embroidered with beautiful flower designs, these shoes are sure to make a statement! Crafted to order with your vision in mind, you'll love the creative and stylish way to express yourself Made on 100% Original Converse sneakers , our custom hand Embroidery designs are durable and long-lasting. The high-quality materials used ",Knickgasm,Converse,"Converse, converse all star, converse black, converse custom shoes, converse custom shoes India, converse delhi, converse dream chaser, converse high tops, converse mumbai, custom converse, embroider, embroidery, embroidery shoes, featured, flower embroidery, hand embroidery, prepaid, threaded",TRUE,99.84,133.12,https://cdn.shopify.com/s/files/1/0754/4094/7522/files/Converse-x-Flower-Embroidery-Knickgasm-9840.jpg?v=1734417235,1,active,Custom Sneakers,
converse-x-flower-embroidery,,,,,,,,,https://cdn.shopify.com/s/files/1/0754/4094/7522/files/Converse-x-Flower-Embroidery-Knickgasm-7592.jpg?v=1734417237,2,,,
converse-x-flower-embroidery,,,,,,,,,https://cdn.shopify.com/s/files/1/0754/4094/7522/files/Converse-x-Flower-Embroidery-Knickgasm-9735.jpg?v=1734417239,3,,,
converse-x-flower-embroidery,,,,,,,,,https://cdn.shopify.com/s/files/1/0754/4094/7522/files/Converse-x-Flower-Embroidery-Knickgasm-3357.jpg?v=1734417240,4,,,
converse-x-flower-embroidery,,,,,,,,,https://cdn.shopify.com/s/files/1/0754/4094/7522/files/Converse-x-Flower-Embroidery-Knickgasm-6435.jpg?v=1734417242,5,,,
converse-x-flower-embroidery,,,,,,,,,https://cdn.shopify.com/s/files/1/0754/4094/7522/files/Converse-x-Flower-Embroidery-Knickgasm-4417.jpg?v=1734417244,6,,,
converse-x-flower-embroidery,,,,,,,,,https://cdn.shopify.com/s/files/1/0754/4094/7522/files/Converse-x-Flower-Embroidery-Knickgasm-761.jpg?v=1734417246,7,,,
converse-x-flower-embroidery,,,,,,,,,https://cdn.shopify.com/s/files/1/0754/4094/7522/files/Converse-x-Flower-Embroidery-Knickgasm-9984.jpg?v=1734417248,8,,,
nike-court-vision-x-drip-x-play-hearts,Heart Drip x Nike Court Vision,"Introducing our unique and eye-catching Custom Hand Painted Nike Sneakers! These sneakers are the perfect colorway of style, art, and personalisation, making them a must-have for any sneaker-head or fashion enthusiast. Each pair of Custom Hand Painted Nike Sneakers is meticulously hand crafted by our skilled artists and sneaker designers who colorway their creativity and talent together to every sneaker",Knickgasm,Nike Court Vision,"000, Best shoes under 10, cool custom, custom nike shoes india, custom nike sneakers, custom shoes india, drip, drop, droplet, featured, Gift, heart, heart eyes, hearts, Nike, nike black, nike court vision, nike shoes, prepaid, red, Shoes for boyfriend, Shoes for girlfriend, Valentine, Valentine Day gift, Valentines",TRUE,114.65,136.48,https://cdn.shopify.com/s/files/1/0754/4094/7522/files/93251568-F497-4AA8-B9E2-61AB60DD1837.jpg?v=1750176762,1,active,Custom Sneakers,
nike-court-vision-x-drip-x-play-hearts,,,,,,,,,https://cdn.shopify.com/s/files/1/0754/4094/7522/files/BA001AB1-56C6-4194-B47B-F2B2F5FBEC0B.jpg?v=1750176762,2,,,
nike-court-vision-x-drip-x-play-hearts,,,,,,,,,https://cdn.shopify.com/s/files/1/0754/4094/7522/files/Nike-Court-Vision-x-Drip-x-Play-Hearts-Knickgasm-9866.jpg?v=1750176762,3,,,
nike-court-vision-x-drip-x-play-hearts,,,,,,,,,https://cdn.shopify.com/s/files/1/0754/4094/7522/files/Nike-Court-Vision-x-Drip-x-Play-Hearts-Knickgasm-9328.jpg?v=1750176762,4,,,
nike-court-vision-x-drip-x-play-hearts,,,,,,,,,https://cdn.shopify.com/s/files/1/0754/4094/7522/files/20FD03B4-2DC6-4C64-A630-204AB36ABD2B.jpg?v=1750176762,5,,,
nike-court-vision-x-drip-x-play-hearts,,,,,,,,,https://cdn.shopify.com/s/files/1/0754/4094/7522/files/Nike-Court-Vision-x-Drip-x-Play-Hearts-Knickgasm-9669.jpg?v=1750176762,6,,,
converse-x-cherry-blossom-embroidery,Converse x Cherry Blossom Embroidery,"Experience the perfect colorway of style and comfort with these Converse x Cherry Blossom Embroidery shoes. The custom cherry blossom design embroidered on the shoes adds a classic and stylish touch, guaranteed to take your look to the next level. Get ready to show off your new sneakers and stand out from the crowd. Made on 100% Original Converse sneakers , our custom hand Embroidery designs are dura",Knickgasm,Converse,"cherry blossom, Converse, converse all star, converse black, converse custom shoes, converse custom shoes India, converse delhi, converse high tops, converse mumbai, custom converse, embroider, embroidery, embroidery shoes, flower, flower embroidery, hand embroidery, prepaid, summer collection, threaded",TRUE,115.26,153.67,https://cdn.shopify.com/s/files/1/0754/4094/7522/files/Converse-x-Cherry-Blossom-Embroidery-Knickgasm-1338.jpg?v=1734417225,1,active,Custom Sneakers,
converse-x-cherry-blossom-embroidery,,,,,,,,,https://cdn.shopify.com/s/files/1/0754/4094/7522/files/Converse-x-Cherry-Blossom-Embroidery-Knickgasm-7302.jpg?v=1734417227,2,,,
converse-x-cherry-blossom-embroidery,,,,,,,,,https://cdn.shopify.com/s/files/1/0754/4094/7522/files/Converse-x-Cherry-Blossom-Embroidery-Knickgasm-2447.jpg?v=1734417229,3,,,
converse-x-my-hero-academia,My Hero Academia x Converse,"Introducing our unique and eye-catching Custom Hand Painted Converse Sneakers! These sneakers are the perfect colorway of style, art, and personalization, making them a must-have for any sneaker-head or fashion enthusiast. Each pair of Custom Hand Painted Converse Sneakers is meticulously hand crafted by our skilled artists and sneaker designers who colorway their creativity and talent together to every",Knickgasm,Converse,"academia, anime, anime shoes india, Anime-inspired sneakers, blue, Converse, converse high tops, converse white, cool custom, custom anime shoes india, custom anime sneaker india, custom shoes india, Deku, Eijiro Kirishima, featured, Froppy, hero, Izuku Midoriya, Katsuki Bakugo, My, My Hero Academia, Ochaco Uraraka, orange, prepaid, Shoto Todoroki, Tenya Iida, Tsuyu Asui",TRUE,123.87,137.83,https://cdn.shopify.com/s/files/1/0754/4094/7522/files/Converse-x-My-Hero-Academia-Knickgasm-3155.jpg?v=1734417220,1,active,Custom Sneakers,
nike-court-vision-x-naruto-x-sasuke,Naruto x Sasuke x Nike Court Vision,"Introducing our unique and eye-catching Custom Hand Painted Nike Sneakers! These sneakers are the perfect colorway of style, art, and personalisation, making them a must-have for any sneaker-head or fashion enthusiast. Each pair of Custom Hand Painted Nike Sneakers is meticulously hand crafted by our skilled artists and sneaker designers who colorway their creativity and talent together to every sneaker",Knickgasm,Nike Court Vision,"anime, anime shoes india, Anime-inspired sneakers, cool custom, custom anime shoes india, custom anime sneaker india, custom nike shoes india, custom nike sneakers, custom shoes india, featured, Kakashi Hatake, naruto, Naruto cosplay shoes, Naruto custom sneakers, naruto eyes, Nike, nike court vision, nike shoes, prepaid, Sakura Haruno, sasuke, sasuke eyes, Sasuke Uchiha, Shikamaru Nara, sneaker",TRUE,131.84,,https://cdn.shopify.com/s/files/1/0754/4094/7522/files/Nike-Court-Vision-x-Naruto-x-Sasuke-Knickgasm-909.jpg?v=1734417214,1,active,Custom Sneakers,
nike-court-vision-x-naruto-x-sasuke,,,,,,,,,https://cdn.shopify.com/s/files/1/0754/4094/7522/files/Nike-Court-Vision-x-Naruto-x-Sasuke-Knickgasm-3925.jpg?v=1734417216,2,,,
nike-court-vision-x-naruto-x-sasuke,,,,,,,,,https://cdn.shopify.com/s/files/1/0754/4094/7522/files/Nike-Court-Vision-x-Naruto-x-Sasuke-Knickgasm-8704.jpg?v=1734417217,3,,,
nike-court-vision-x-naruto-x-sasuke,,,,,,,,,https://cdn.shopify.com/s/files/1/0754/4094/7522/files/Nike-Court-Vision-x-Naruto-x-Sasuke-Knickgasm-1358.jpg?v=1734417219,4,,,
nike-air-force-x-flames,Flames x Nike Air Force 1,"Introducing our unique and eye-catching Custom Hand Painted Nike Sneakers! These sneakers are the perfect colorway of style, art, and personalisation, making them a must-have for any sneaker-head or fashion enthusiast. Each pair of Custom Hand Painted Nike Sneakers is meticulously hand crafted by our skilled artists and sneaker designers who colorway their creativity and talent together to every sneaker",Knickgasm,Nike Air force 1,"cool custom, custom nike shoes india, custom nike sneakers, custom shoes india, featured, fire, flames, lit, Nike, nike air force 1, nike shoes, orange, prepaid, red, stitch",TRUE,133.65,178.19,https://cdn.shopify.com/s/files/1/0754/4094/7522/files/Nike-Air-Force-1-x-Flames-Knickgasm-6576.jpg?v=1734417190,1,active,Custom Sneakers,
nike-air-force-x-flames,,,,,,,,,https://cdn.shopify.com/s/files/1/0754/4094/7522/files/Nike-Air-Force-1-x-Flames-Knickgasm-8644.jpg?v=1734417191,2,,,
nike-air-force-x-flames,,,,,,,,,https://cdn.shopify.com/s/files/1/0754/4094/7522/files/Nike-Air-Force-1-x-Flames-Knickgasm-7940.jpg?v=1734417193,3,,,
nike-court-vision-x-black-drip,Black Drip x Nike Court Vision,"Introducing our unique and eye-catching Custom Hand Painted Nike Sneakers! These sneakers are the perfect colorway of style, art, and personaliZation, making them a must-have for any sneaker-head or fashion enthusiast. Each pair of Custom Hand Painted Nike Sneakers is meticulously hand crafted by our skilled artists and sneaker designers who colorway their creativity and talent together to every sneaker",Knickgasm,Nike Court Vision,"black, custom nike shoes india, custom nike sneakers, drip, drop, droplet, Nike, nike black, nike court vision, nike shoes, prepaid",TRUE,107.33,127.77,https://cdn.shopify.com/s/files/1/0754/4094/7522/files/918E5803-42BC-4990-8899-6EFBF7DE4AA8.jpg?v=1743795637,1,active,Custom Sneakers,
nike-court-vision-x-black-drip,,,,,,,,,https://cdn.shopify.com/s/files/1/0754/4094/7522/files/E9B8B5F8-2B9C-4E91-91D6-A0D773FCC818.jpg?v=1743795637,2,,,
nike-court-vision-x-black-drip,,,,,,,,,https://cdn.shopify.com/s/files/1/0754/4094/7522/files/CEA9973B-C5F5-4513-979B-D7184267DA56.jpg?v=1743795637,3,,,
nike-court-vision-x-black-drip,,,,,,,,,https://cdn.shopify.com/s/files/1/0754/4094/7522/files/Nike-Court-Vision-x-Black-Drip-Knickgasm-6325.jpg?v=1743795637,4,,,
converse-dream-chaser,Dream Chaser x Converse,"Introducing our unique and eye-catching Custom Hand Painted Converse Sneakers! These sneakers are the perfect colorway of style, art, and personalization, making them a must-have for any sneaker-head or fashion enthusiast. Each pair of Custom Hand Painted Converse Sneakers is meticulously hand crafted by our skilled artists and sneaker designers who colorway their creativity and talent together to every",Knickgasm,Converse,"apoorva, calligraphy, chaser, Converse, converse custom shoes, converse custom shoes India, converse dream chaser, converse high tops, converse white, dream, featured, high, influencer, Mids, Minimal, minimalist, prepaid, rebel kid, simple, text, typography",TRUE,103.50,137.99,https://cdn.shopify.com/s/files/1/0754/4094/7522/files/Converse-Dream-Chaser-Knickgasm-4794.jpg?v=1734417177,1,active,Custom Sneakers,
converse-dream-chaser,,,,,,,,,https://cdn.shopify.com/s/files/1/0754/4094/7522/files/Converse-Dream-Chaser-Knickgasm-5714.jpg?v=1734417179,2,,,
nike-air-force-1-x-cartooned,Cartooned x Nike Air Force 1,"Introducing our unique and eye-catching Custom Hand Painted Nike Sneakers! These sneakers are the perfect colorway of style, art, and personalisation, making them a must-have for any sneaker-head or fashion enthusiast. Each pair of Custom Hand Painted Nike Sneakers is meticulously hand crafted by our skilled artists and sneaker designers who colorway their creativity and talent together to every sneaker",Knickgasm,Nike Air force 1,"cartoon, colourful, custom nike sneakers, featured, line, mixed, nike air force 1, nike shoes, orange, pastel, pastel nike, prepaid, purple, voilet",TRUE,136.86,182.47,https://cdn.shopify.com/s/files/1/0754/4094/7522/files/Nike-Air-Force-1-x-Cartooned-Knickgasm-2387.jpg?v=1734417172,1,active,Custom Sneakers,
nike-air-force-1-x-cartooned,,,,,,,,,https://cdn.shopify.com/s/files/1/0754/4094/7522/files/Nike-Air-Force-1-x-Cartooned-Knickgasm-2550.jpg?v=1734417174,2,,,
nike-air-force-1-x-cartooned,,,,,,,,,https://cdn.shopify.com/s/files/1/0754/4094/7522/files/Nike-Air-Force-1-x-Cartooned-Knickgasm-4323.jpg?v=1734417175,3,,,
nike-court-vision-x-cartoon,Cartoon x Nike Court Vision,"Introducing our unique and eye-catching Custom Hand Painted Nike Sneakers! These sneakers are the perfect colorway of style, art, and personalisation, making them a must-have for any sneaker-head or fashion enthusiast. Each pair of Custom Hand Painted Nike Sneakers is meticulously hand crafted by our skilled artists and sneaker designers who colorway their creativity and talent together to every sneaker",Knickgasm,Nike Court Vision,"cartoon, cool custom, custom nike shoes india, custom nike sneakers, custom shoes india, featured, lines, Nike, nike court vision, nike shoes, pink, prepaid",TRUE,122.15,145.42,https://cdn.shopify.com/s/files/1/0754/4094/7522/files/Nike-Court-Vision-x-Cartoon-Knickgasm-9987.jpg?v=1734417165,1,active,Custom Sneakers,
nike-court-vision-x-cartoon,,,,,,,,,https://cdn.shopify.com/s/files/1/0754/4094/7522/files/Nike-Court-Vision-x-Cartoon-Knickgasm-4509.jpg?v=1734417163,2,,,
nike-court-vision-x-pastel-pink-butterfly,Pastel Pink Butterfly x Nike Court Vision,"Introducing our unique and eye-catching Custom Hand Painted Nike Sneakers! These sneakers are the perfect colorway of style, art, and personalisation, making them a must-have for any sneaker-head or fashion enthusiast. Each pair of Custom Hand Painted Nike Sneakers is meticulously hand crafted by our skilled artists and sneaker designers who colorway their creativity and talent together to every sneaker",Knickgasm,Nike Court Vision,"Butterfly, custom nike shoes india, custom nike sneakers, featured, Nike, nike court vision, Nike court vision butterfly, nike shoes, pastel, pastel nike, pink, prepaid",TRUE,103.67,123.41,https://cdn.shopify.com/s/files/1/0754/4094/7522/files/Nike-Court-Vision-x-Pastel-Pink-Butterfly-Knickgasm-2703.jpg?v=1734417161,1,active,Custom Sneakers,
nike-court-vision-x-mismatched,Mismatched x Nike Court Vision,"Introducing our unique and eye-catching Custom Hand Painted Nike Sneakers! These sneakers are the perfect colorway of style, art, and personalisation, making them a must-have for any sneaker-head or fashion enthusiast. Special care is required for this particular shoe design, not for regular wear Each pair of Custom Hand Painted Nike Sneakers is meticulously hand crafted by our skilled artists and sn",Knickgasm,Nike Court Vision,"blue, colourful, custom nike shoes india, custom nike sneakers, mismatched, mix, Nike, nike court vision, nike shoes, orange, prepaid, purple, shades, sky blue, yellow",TRUE,152.06,181.03,https://cdn.shopify.com/s/files/1/0754/4094/7522/files/557A4974-F7BB-40DD-A36B-9349303B5183.jpg?v=1743136546,1,active,Custom Sneakers,
nike-court-vision-x-mismatched,,,,,,,,,https://cdn.shopify.com/s/files/1/0754/4094/7522/files/48C26D45-665C-4B8E-BFF9-B564633BFF6E.jpg?v=1743136547,2,,,
nike-court-vision-x-mismatched,,,,,,,,,https://cdn.shopify.com/s/files/1/0754/4094/7522/files/FA5CA1FC-4E27-4F66-B0A2-4A45D4780E34.jpg?v=1743136547,3,,,
nike-air-force-1-x-xxxtentacion,XXXTentacion x Nike Air Force 1,"Introducing our unique and eye-catching Custom Hand Painted Nike Sneakers! These sneakers are the perfect colorway of style, art, and personalization, making them a must-have for any sneaker-head or fashion enthusiast. Each pair of Custom Hand Painted Nike Sneakers is meticulously hand crafted by our skilled artists and sneaker designers who colorway their creativity and talent together to every sneaker",Knickgasm,Nike Air force 1,"bad, black, black nike shoes india, changes, cool custom, custom nike shoes india, custom nike sneakers, custom shoes india, doodle, featured, god, Jocelyn Flores, Look At Me!, moonlight, music, neon, Nike, nike air force 1, nike air force1 black, nike black, nike black shoes, nike shoes, prepaid, revenge, slump, vibes, xxxtentacion",TRUE,190.32,239.49,https://cdn.shopify.com/s/files/1/0754/4094/7522/files/Nike-Air-Force-1-x-XXXTentacion-Knickgasm-336.jpg?v=1734417137,1,active,Custom Sneakers,
nike-air-force-1-x-xxxtentacion,,,,,,,,,https://cdn.shopify.com/s/files/1/0754/4094/7522/files/Nike-Air-Force-1-x-XXXTentacion-Knickgasm-6811.jpg?v=1734417139,2,,,
nike-air-force-1-x-xxxtentacion,,,,,,,,,https://cdn.shopify.com/s/files/1/0754/4094/7522/files/Nike-Air-Force-1-x-XXXTentacion-Knickgasm-2712.jpg?v=1734417140,3,,,
nike-air-force-1-x-xxxtentacion,,,,,,,,,https://cdn.shopify.com/s/files/1/0754/4094/7522/files/Nike-Air-Force-1-x-XXXTentacion-Knickgasm-52.jpg?v=1734417142,4,,,
nike-air-force-1-x-xxxtentacion,,,,,,,,,https://cdn.shopify.com/s/files/1/0754/4094/7522/files/Nike-Air-Force-1-x-XXXTentacion-Knickgasm-745.jpg?v=1734417143,5,,,
nike-air-force-1-x-scrooge-mcduck,Scrooge McDuck x Nike Air Force 1,"Introducing our unique and eye-catching Custom Hand Painted Nike Sneakers! These sneakers are the perfect colorway of style, art, and personalisation, making them a must-have for any sneaker-head or fashion enthusiast. Made on 100% Original Nike sneakers , the paints which we use are highly durable and long lasting. We use high quality paints for all our designs. Enjoy the enduring elegance of Knickg",Knickgasm,Nike Air force 1,"cartoon, coin, cool custom, custom nike shoes india, custom nike sneakers, custom shoes india, dollar, donald duck, featured, gold, good luck, green, kids, latest, money, nike air force 1, nike shoes, note, paisa, prepaid, rupee, scrooge mcduck custom shoes",TRUE,181.83,235.87,https://cdn.shopify.com/s/files/1/0754/4094/7522/files/Nike-Air-Force-1-x-Scrooge-McDuck-Knickgasm-1965.jpg?v=1734417113,1,active,Custom Sneakers,
nike-air-force-1-x-scrooge-mcduck,,,,,,,,,https://cdn.shopify.com/s/files/1/0754/4094/7522/files/Nike-Air-Force-1-x-Scrooge-McDuck-Knickgasm-6445.jpg?v=1734417115,2,,,
nike-air-force-1-x-scrooge-mcduck,,,,,,,,,https://cdn.shopify.com/s/files/1/0754/4094/7522/files/Nike-Air-Force-1-x-Scrooge-McDuck-Knickgasm-1900.jpg?v=1734417117,3,,,
nike-air-force-1-x-scrooge-mcduck,,,,,,,,,https://cdn.shopify.com/s/files/1/0754/4094/7522/files/Nike-Air-Force-1-x-Scrooge-McDuck-Knickgasm-3931.jpg?v=1734417119,4,,,
nike-air-force-1-x-scrooge-mcduck,,,,,,,,,https://cdn.shopify.com/s/files/1/0754/4094/7522/files/Nike-Air-Force-1-x-Scrooge-McDuck-Knickgasm-5142.jpg?v=1734417121,5,,,
nike-air-force-1-x-scrooge-mcduck,,,,,,,,,https://cdn.shopify.com/s/files/1/0754/4094/7522/files/Nike-Air-Force-1-x-Scrooge-McDuck-Knickgasm-7621.jpg?v=1734417123,6,,,
nike-air-force-1-x-scrooge-mcduck,,,,,,,,,https://cdn.shopify.com/s/files/1/0754/4094/7522/files/Nike-Air-Force-1-x-Scrooge-McDuck-Knickgasm-145.jpg?v=1734417125,7,,,
nike-air-force-1-x-scrooge-mcduck,,,,,,,,,https://cdn.shopify.com/s/files/1/0754/4094/7522/files/Nike-Air-Force-1-x-Scrooge-McDuck-Knickgasm-1303.jpg?v=1734417127,8,,,
nike-court-vision-x-cristiano-ronaldo,Cristiano Ronaldo Nike Court Vision,"Introducing our unique and eye-catching Custom Hand Painted Nike CR7 Sneakers! These sneakers are the perfect colorway of style, art, and personalization, making them a must-have for any sneaker-head or fashion enthusiast. Each pair of Custom Hand Painted Nike Sneakers is meticulously hand crafted by our skilled artists and sneaker designers who colorway their creativity and talent together to every sne",Knickgasm,Nike Court Vision,"7, Al Nassr, black, cool custom, cristiano, custom nike shoes india, custom nike sneakers, custom shoes india, Customized soccer sneaker, dream, Football, goat, nike court vision, nike shoes, one, player, portugal, prepaid, Ronaldo, Ronaldo fan gear, seven, soccer, sports, star, white",TRUE,128.08,152.47,https://cdn.shopify.com/s/files/1/0754/4094/7522/files/Nike-Court-Vision-x-Cristiano-Ronaldo-Knickgasm-490.jpg?v=1734417105,1,active,Custom Sneakers,
nike-court-vision-x-cristiano-ronaldo,,,,,,,,,https://cdn.shopify.com/s/files/1/0754/4094/7522/files/Nike-Court-Vision-x-Cristiano-Ronaldo-Knickgasm-1475.jpg?v=1734417107,2,,,
nike-court-vision-x-cristiano-ronaldo,,,,,,,,,https://cdn.shopify.com/s/files/1/0754/4094/7522/files/Nike-Court-Vision-x-Cristiano-Ronaldo-Knickgasm-123.jpg?v=1734417108,3,,,
nike-court-vision-x-cristiano-ronaldo,,,,,,,,,https://cdn.shopify.com/s/files/1/0754/4094/7522/files/Nike-Court-Vision-x-Cristiano-Ronaldo-Knickgasm-1049.jpg?v=1734417110,4,,,
nike-air-force1-x-naruto-x-sasuke,Naruto x Sasuke x Nike Air Force 1,"Introducing our unique and eye-catching Custom Hand Painted Nike Sneakers! These sneakers are the perfect colorway of style, art, and personalisation, making them a must-have for any sneaker-head or fashion enthusiast. Each pair of Custom Hand Painted Nike Sneakers is meticulously hand crafted by our skilled artists and sneaker designers who colorway their creativity and talent together to every sneaker",Knickgasm,Nike Air force 1,"anime, anime shoes india, Anime-inspired sneakers, custom anime shoes india, custom anime sneaker india, custom nike shoes india, custom nike sneakers, custom shoes india, eyes, featured, itachi, kakashi, madara, manga, Mangekyo, naruto, Naruto cosplay shoes, Naruto custom sneakers, naruto eyes, Nike, nike air force 1, nike shoes, orange, pain, prepaid, purple, red, Sage mode naruto, sasuke, sasuke eyes, sharingan, sneaker, susano, uchiha",TRUE,147.54,182.15,https://cdn.shopify.com/s/files/1/0754/4094/7522/files/15CE48EF-8D9E-4277-99E0-886D0F096EF3.jpg?v=1750594547,1,active,Custom Sneakers,
nike-air-force1-x-naruto-x-sasuke,,,,,,,,,https://cdn.shopify.com/s/files/1/0754/4094/7522/files/6A21F277-660A-4C1B-BCF9-61461FF942E9.jpg?v=1750594547,2,,,
nike-air-force1-x-naruto-x-sasuke,,,,,,,,,https://cdn.shopify.com/s/files/1/0754/4094/7522/files/B0CBF13A-AA08-45EF-91D1-F8224BF8DC14.jpg?v=1750594547,3,,,
nike-air-force1-x-naruto-x-sasuke,,,,,,,,,https://cdn.shopify.com/s/files/1/0754/4094/7522/files/Nike-Air-Force1-x-Naruto-x-Sasuke-Swoosh-Knickgasm-2946.jpg?v=1750594547,4,,,
nike-court-vision-x-itachi-and-madara-reverse-swoosh,Itachi and Madara x Nike Court Vision,"Introducing our unique and eye-catching Custom Hand Painted Nike Sneakers! These sneakers are the perfect colorway of style, art, and personalisation, making them a must-have for any sneaker-head or fashion enthusiast. Each pair of Custom Hand Painted Nike Sneakers is meticulously hand crafted by our skilled artists and sneaker designers who colorway their creativity and talent together to every sneaker",Knickgasm,Nike Court Vision,"anime, anime art, anime shoes india, anime swoosh, Anime-inspired sneakers, custom anime shoes india, custom anime sneaker india, custom nike shoes india, custom nike sneakers, custom shoes india, featured, fire, itachi, Japanese anime, kakashi, madara, manga, naruto, Nike, nike anime, nike court vision, nike shoes, pain, prepaid, red, sasuke, sharingan, sneaker, uchiha",TRUE,126.85,151.01,https://cdn.shopify.com/s/files/1/0754/4094/7522/files/Nike-Court-Vision-x-Itachi-and-Madara-Reverse-Swoosh-Knickgasm-9482.jpg?v=1734417093,1,active,Custom Sneakers,
nike-court-vision-x-itachi-and-madara-reverse-swoosh,,,,,,,,,https://cdn.shopify.com/s/files/1/0754/4094/7522/files/Nike-Court-Vision-x-Itachi-and-Madara-Reverse-Swoosh-Knickgasm-8346.jpg?v=1734417094,2,,,
nike-court-vision-x-itachi-and-madara-reverse-swoosh,,,,,,,,,https://cdn.shopify.com/s/files/1/0754/4094/7522/files/Nike-Court-Vision-x-Itachi-and-Madara-Reverse-Swoosh-Knickgasm-1637.jpg?v=1734417096,3,,,
nike-court-vision-x-itachi-and-madara-reverse-swoosh,,,,,,,,,https://cdn.shopify.com/s/files/1/0754/4094/7522/files/Nike-Court-Vision-x-Itachi-and-Madara-Reverse-Swoosh-Knickgasm-1945.jpg?v=1734417097,4,,,
nike-court-vision-x-blue-butterfly,Blue Butterfly x Nike Court Vision,"Introducing our unique and eye-catching Custom Hand Painted Nike Sneakers! These sneakers are the perfect colorway of style, art, and personalisation, making them a must-have for any sneaker-head or fashion enthusiast. Each pair of Custom Hand Painted Nike Sneakers is meticulously hand crafted by our skilled artists and sneaker designers who colorway their creativity and talent together to every sneaker",Knickgasm,Nike Court Vision,"blue, blue butterfly, Butterfly, custom nike shoes india, custom nike sneakers, custom shoes india, featured, Nike, nike blue butterfly, nike court vision blue, Nike court vision butterfly, nike shoes, pastel nike, prepaid, sneaker, tarini shoes",TRUE,114.65,136.48,https://cdn.shopify.com/s/files/1/0754/4094/7522/files/Nike-Court-Vision-x-Blue-Butterfly-Knickgasm-951.jpg?v=1734417084,1,active,Custom Sneakers,
nike-court-vision-x-blue-butterfly,,,,,,,,,https://cdn.shopify.com/s/files/1/0754/4094/7522/files/8C97F3D7-8B0E-4659-ACD4-9E4BD28F3DA2.jpg?v=1752697871,2,,,
nike-court-vision-x-blue-butterfly,,,,,,,,,https://cdn.shopify.com/s/files/1/0754/4094/7522/files/Nike-Court-Vision-x-Blue-Butterfly-Knickgasm-9540.jpg?v=1752697871,3,,,
nike-court-vision-x-blue-butterfly,,,,,,,,,https://cdn.shopify.com/s/files/1/0754/4094/7522/files/Nike-Court-Vision-x-Blue-Butterfly-Knickgasm-2995.jpg?v=1752697871,4,,,
nike-court-vision-x-blue-butterfly,,,,,,,,,https://cdn.shopify.com/s/files/1/0754/4094/7522/files/Nike-Court-Vision-x-Blue-Butterfly-Knickgasm-6690.jpg?v=1752697871,5,,,
nike-court-vision-x-blue-butterfly,,,,,,,,,https://cdn.shopify.com/s/files/1/0754/4094/7522/files/Nike-Court-Vision-x-Blue-Butterfly-Knickgasm-4216.jpg?v=1752697871,6,,,
nike-court-vision-x-blue-butterfly,,,,,,,,,https://cdn.shopify.com/s/files/1/0754/4094/7522/files/Nike-Court-Vision-x-Blue-Butterfly-Knickgasm-8292.jpg?v=1752697871,7,,,
